Date,close,high,low,open,volume
2010-01-04,11.19735336303711,11.210152255073902,11.054426163096489,11.06295930029752,2468400
2010-01-05,11.071490287780762,11.173885473017101,11.039491436372394,11.163219460469177,3053600
2010-01-06,11.092824935913086,11.118423534834129,11.016028325385168,11.075758660789198,1879200
2010-01-07,11.06722354888916,11.082156128978289,10.984027513031284,11.037358388710906,2105600
2010-01-08,11.107758522033691,11.144023953061842,10.949899531717818,10.988297026681654,1227600
2010-01-11,11.050162315368652,11.184556411199994,11.018164263633064,11.122692371906922,1986000
2010-01-12,11.033096313476562,11.07789407198476,10.93710053541263,10.960566260468804,3231200
2010-01-13,11.077887535095215,11.105619813230389,10.992557824109033,11.048022380379381,2029200
2010-01-14,11.026689529418945,11.067221508271345,10.990424931250411,11.00322463200871,1904800
2010-01-15,10.966962814331055,11.01816082037919,10.926431635959611,10.977628828243047,3349200
2010-01-19,11.082157135009766,11.109889420734772,10.900831652979686,10.937097074891565,3165600
2010-01-20,10.971232414245605,11.0672281935087,10.909368377191065,11.041628776528594,4400000
2010-01-21,10.909366607666016,11.030960970421402,10.862435164579798,11.016028386487568,5698000
2010-01-22,10.847500801086426,10.945630239965118,10.815502760948194,10.907231940787511,5969600
2010-01-25,10.84963607788086,10.915765858757998,10.828303234239218,10.890167260152808,3826400
2010-01-26,10.785637855529785,10.8816327920014,10.749372432656218,10.819769587417724,4179600
2010-01-27,10.762174606323242,10.815505500493561,10.557384168012787,10.785640329960561,6724000
2010-01-28,10.781371116638184,11.304013914081855,10.762171966894876,11.304013914081855,7194800
2010-01-29,10.834705352783203,11.054428390512,10.80910593602195,10.838971922243413,7208800
2010-02-01,10.86030387878418,10.907235328748834,10.721643220487652,10.900835067721438,5372400
2010-02-02,11.137621879577637,11.161087599288457,10.896566864174016,10.896566864174016,3946800
2010-02-03,10.994695663452148,11.199486070582113,10.99042909491635,11.11202345001006,2244400
2010-02-04,10.664043426513672,10.926431265933372,10.661909735544713,10.920031006791165,3577600
2010-02-05,10.783502578735352,10.798435158380066,10.544580490655365,10.676840830550502,3285600
2010-02-08,10.719508171081543,10.87096769322015,10.632045549897935,10.772839057504834,2969200
2010-02-09,10.787769317626953,10.87736561068261,10.698173838335869,10.742971577981411,3409200
2010-02-10,10.685371398925781,10.817631707050051,10.6555062468104,10.76856741232273,2555200
2010-02-11,10.890167236328125,10.932832109753289,10.661911099332995,10.706708850235268,3436400
2010-02-12,10.962697982788086,10.996829720972626,10.742974969085413,10.781373276263624,3455600
2010-02-16,11.101351737976074,11.126950322288103,10.994690020617574,11.02668804756653,3610400
2010-02-17,11.124818801879883,11.291210840834268,11.054421669236461,11.17814966705905,3032400
2010-02-18,11.282681465148926,11.333879470830354,11.114155679746561,11.114155679746561,2802000
2010-02-19,11.227215766906738,11.331743823722546,11.214416064254689,11.235748088243552,2833200
2010-02-22,11.237883567810059,11.297613895498724,11.107756084975735,11.22721755411775,2567200
2010-02-23,11.158953666687012,11.28481457651731,11.139754517263249,11.205884287905924,3496400
2010-02-24,11.310417175292969,11.363748074376527,11.190955668390417,11.195222237968895,2325600
2010-02-25,11.355292320251465,11.393763166137296,11.092408750233037,11.156526554942047,3450800
2010-02-26,11.549785614013672,11.60107954124162,11.398039924286103,11.48780470458615,4627200
2010-03-01,11.669474601745605,11.731455525057045,11.511317339512393,11.607494493736619,2626400
2010-03-02,11.581844329833984,11.718630040687895,11.571158162738193,11.680159186901216,3006000
2010-03-03,11.667337417602539,11.748553769834764,11.583984157683712,11.60535649575946,2632800
2010-03-04,11.63741683959961,11.716495475783583,11.54765121813732,11.697260043706128,2894400
2010-03-05,11.73359489440918,11.746417973236614,11.639554634727615,11.712221737525837,2113200
2010-03-08,11.628864288330078,11.782747701424535,11.57329573099168,11.73572758846739,2366000
2010-03-09,11.549785614013672,11.665198173229966,11.481393167508225,11.575432577627646,2696400
2010-03-10,11.569023132324219,11.624591699418795,11.427963583989223,11.507042211690036,2304400
2010-03-11,11.641688346862793,11.731453128936193,11.532687322571045,11.731453128936193,1586400
2010-03-12,11.63741683959961,11.703671582631111,11.607495237546349,11.645966101701257,1755200
2010-03-15,11.594666481018066,11.620313441262901,11.504901712510064,11.577567963986732,1435200
2010-03-16,11.643828392028809,11.660926916251935,11.571161294685538,11.618181420996628,1471600
2010-03-17,11.714356422424316,11.752827279533285,11.60535538884812,11.654512413975722,1876800
2010-03-18,11.607492446899414,11.731453456360855,11.532687644448156,11.532687644448156,2264000
2010-03-19,11.583984375,11.641690667250014,11.50704265199998,11.583984375,4214800
2010-03-22,11.573298454284668,11.635278563319009,11.470708944546683,11.539102222806163,2332800
2010-03-23,11.652373313903809,11.654510220984497,11.504902266270149,11.594667039098757,2557200
2010-03-24,11.541239738464355,11.603220666065749,11.457886470801625,11.603220666065749,2838000
2010-03-25,11.365985870361328,11.609634175750744,11.361711238562943,11.575437936666312,2519200
2010-03-26,11.541239738464355,11.616043743981546,11.363846217805715,11.378807834211667,3182800
2010-03-29,11.551921844482422,11.613902750278683,11.532686419073315,11.55833419648694,1154000
2010-03-30,11.423687934875488,11.581845176176017,11.387353985731952,11.581845176176017,1932000
2010-03-31,11.408730506896973,11.524142295480768,11.306141797432161,11.383082718053828,1858000
2010-04-01,11.596809387207031,11.660928043941952,11.370259626459283,11.436514375974905,2321200
2010-04-05,11.631003379821777,11.656651163688847,11.571160181403473,11.635278010466289,1452800
2010-04-06,11.566889762878418,11.654517684744818,11.543379693423551,11.575439027280684,2158000
2010-04-07,11.511316299438477,11.592532646256679,11.4621592728992,11.541237896870872,1080400
2010-04-08,11.53696346282959,11.541238093293023,11.417276255760651,11.53696346282959,1199600
2010-04-09,11.620316505432129,11.622454228275826,11.496355485476258,11.530551713253985,1311600
2010-04-12,11.524137496948242,11.618177719610545,11.483529737809135,11.618177719610545,1814000
2010-04-13,11.45361328125,11.504908045276547,11.41300550390167,11.504908045276547,2103200
2010-04-14,11.583984375,11.594670544238346,11.419414759761612,11.468571790499968,1895200
2010-04-15,11.645963668823242,11.686571432369222,11.581845031757972,11.590394292073654,1278800
2010-04-16,11.609630584716797,11.716493900714045,11.56261046478124,11.626729106621507,2890000
2010-04-19,11.554062843322754,11.588259074269113,11.406590934933332,11.539102043240124,2294400
2010-04-20,11.616042137145996,11.6694737952107,11.541238141976368,11.616042137145996,1808800
2010-04-21,11.583984375,11.641690667250014,11.511317282755808,11.626729867255838,1234400
2010-04-22,11.703667640686035,11.714354622364837,11.487804144791312,11.494215681556806,1620400
2010-04-23,11.834046363830566,11.84687025848682,11.64169283580238,11.680163704468537,2012000
2010-04-26,11.806259155273438,11.89388703914544,11.793435264230325,11.876788517754624,2011200
2010-04-27,11.669474601745605,11.883201248776128,11.654513801677664,11.797711079145392,3225600
2010-04-28,11.705803871154785,11.757097789345432,11.6203129204342,11.712215407103084,2901600
2010-04-29,11.502764701843262,11.746412877497786,11.421548371524349,11.746412877497786,4659600
2010-04-30,11.372394561767578,11.686572990178682,11.348884500416755,11.528414914465607,3996800
2010-05-03,11.338203430175781,11.387360482696549,11.186457639963484,11.378812032699363,4189200
2010-05-04,11.156529426574707,11.250568843333038,11.07745080758924,11.21423571025675,3608800
2010-05-05,11.15439510345459,11.265533074569708,11.062492566095985,11.126611222152745,2824000
2010-05-06,10.838079452514648,11.195003422369687,10.258880361131702,11.103100887243677,5341600
2010-05-07,10.5773286819458,10.897918548278783,10.498249261232754,10.812427591135778,5861200
2010-05-10,11.011195182800293,11.024019073069569,10.829527072846005,10.944939639362518,3480000
2010-05-11,11.011195182800293,11.079587633631784,10.915018044036533,10.917155766732574,3453200
2010-05-12,11.13729476928711,11.13729476928711,10.962038998705356,11.02188219393745,1980800
2010-05-13,11.049671173095703,11.143710632863625,10.998376403484208,11.094553586941572,2415600
2010-05-14,10.880828857421875,10.964182159837556,10.799612463782275,10.953495985351442,2753200
2010-05-17,11.019747734069824,11.049669338332013,10.793197163466358,10.923570566582383,3592800
2010-05-18,10.925705909729004,11.188589586340223,10.900058940506616,11.109510955644764,2965200
2010-05-19,10.838079452514648,10.932119710951994,10.68633370951219,10.86372724043532,2626000
2010-05-20,10.464056968688965,10.673508995466111,10.45978233769729,10.628626593007258,3656400
2010-05-21,10.692739486694336,10.692739486694336,10.211854728907412,10.395659700109864,5552400
2010-05-24,10.438411712646484,10.694883907157486,10.419176277675593,10.635039878746586,3139600
2010-05-25,10.393522262573242,10.393522262573242,9.981029959508707,10.224678093898726,5931600
2010-05-26,10.312312126159668,10.48756793541113,10.275978982552628,10.444822437112649,4141600
2010-05-27,10.654983520507812,10.663550537507794,10.447237851734661,10.44938001448251,4000000
2010-05-28,10.547894477844238,10.684963432725384,10.502918880210503,10.631420821162724,4204000
2010-06-01,10.37656307220459,10.592874963250559,10.367996054322663,10.425822199531973,3308000
2010-06-02,10.77706241607666,10.77706241607666,10.397980430275986,10.412972303980318,5754800
2010-06-03,11.029781341552734,11.06404859071074,10.774918727002285,10.774918727002285,6822400
2010-06-04,10.954815864562988,11.059758899000801,10.845588507255641,10.856296863443857,5958800
2010-06-07,10.753499984741211,11.06618870051245,10.747075131552736,10.950537258142035,5265600
2010-06-08,10.798476219177246,10.811326743297258,10.627139982555185,10.729941724528421,6983200
2010-06-09,10.781343460083008,11.241810381416764,10.7449340487006,11.102599223712422,4741600
2010-06-10,11.076897621154785,11.089747327233217,10.886286022366196,10.896994383096741,3537200
2010-06-11,11.21182632446289,11.224676849700264,10.971955572335103,10.971955572335103,2604400
2010-06-14,11.166849136352539,11.374594771574394,11.15185726752164,11.28678490399531,3157200
2010-06-15,11.445274353027344,11.445274353027344,11.173277645671314,11.258946195876433,3153200
2010-06-16,11.659442901611328,11.82649646401391,11.440988871543109,11.47097343084305,4828000
2010-06-17,11.85219669342041,11.884322598446214,11.653018043050116,11.725836053045661,4014000
2010-06-18,11.809361457824707,11.884321624409292,11.751535323715101,11.837203852098732,4438400
2010-06-21,11.901455879211426,11.99569061506618,11.854338102786194,11.940006638651033,5220400
2010-06-22,11.753678321838379,12.014965799691604,11.74296995927808,11.925014573790255,3962000
2010-06-23,11.69585132598877,11.787944707846606,11.633741683899414,11.753677459968968,3421600
2010-06-24,11.477396011352539,11.663724099470915,11.462404143170344,11.633740363106526,3624800
2010-06-25,11.5330810546875,11.590907187508796,11.408862589993898,11.498813807496614,7052800
2010-06-28,11.438848495483398,11.569492655451544,11.438848495483398,11.569492655451544,3170800
2010-06-29,11.308199882507324,11.36388465843265,11.201114654799877,11.297491523135669,4930800
2010-06-30,11.314630508422852,11.458124384254594,11.250378690054683,11.269654072165972,4377200
2010-07-01,11.177558898925781,11.299636027282073,10.999797796071894,11.276077956876419,4384400
2010-07-02,11.091887474060059,11.273932024386514,11.042628370054022,11.21610590655454,5215200
2010-07-06,11.254653930664062,11.376730988684388,11.147568734716744,11.25893743654138,3289200
2010-07-07,11.468829154968262,11.485963185696985,11.196832544616441,11.216107920688478,3802800
2010-07-08,11.530938148498535,11.586622111273723,11.453836648505577,11.528796803274512,4394400
2010-07-09,11.63160228729248,11.657302523258041,11.509525145211354,11.54807509066181,3693600
2010-07-12,11.539507865905762,11.655159325984936,11.494531435712846,11.56734944531602,3934800
2010-07-13,11.858623504638672,11.890749414966168,11.648736456954323,11.710846114523035,3947200
2010-07-14,11.860760688781738,11.94214487798826,11.79650971209404,11.839343151888842,2844000
2010-07-15,11.871471405029297,11.8950302917898,11.659442241180416,11.8950302917898,3393600
2010-07-16,11.554497718811035,11.80079328401173,11.53308018031822,11.77509305481591,4082000
2010-07-19,11.6294584274292,11.646592460236583,11.545932059982334,11.580199308601449,1773600
2010-07-20,11.830777168273926,11.858618741245404,11.507379299799132,11.511662807255245,4003200
2010-07-21,11.768670082092285,11.954998203274586,11.742969848790237,11.865046978219574,4245200
2010-07-22,11.961421012878418,12.055656547205125,11.903595702081363,12.047089531903506,6163200
2010-07-23,12.250555038452148,12.280538783301136,11.95499946480569,11.961424319560253,6262000
2010-07-26,12.406899452209473,12.417607815814332,12.21628780225736,12.22913751178488,3656000
2010-07-27,12.374771118164062,12.631775879270405,12.327654164141421,12.434739413186097,5292400
2010-07-28,12.226996421813965,12.361924093647835,12.194870513331113,12.32123116730345,3658400
2010-07-29,12.218429565429688,12.63177878725981,12.100635927762136,12.319089984143533,5207200
2010-07-30,12.47329330444336,12.51826892427169,12.077077293157515,12.126336422064137,4432400
2010-08-02,12.627490043640137,12.76455900643206,12.490421080848213,12.62963220574371,3168000
2010-08-03,12.595366477966309,12.717443588678647,12.57394893933529,12.580374609422377,3180800
2010-08-04,12.567523956298828,12.646766805925342,12.503272975061236,12.599649855415402,3605600
2010-08-05,12.618926048278809,12.644627097697834,12.41332255490055,12.473290853215952,2732400
2010-08-06,12.520405769348145,12.704592508522223,12.458296135534463,12.537539799501792,2652000
2010-08-09,12.591085433959961,12.65747777421832,12.53111713105457,12.543967656747665,1997200
2010-08-10,12.591085433959961,12.644628065520946,12.417607013583913,12.484000170837993,2695200
2010-08-11,12.250555038452148,12.41118294328239,12.239846674862621,12.41118294328239,2544400
2010-08-12,12.299812316894531,12.32122904085639,12.057799414546434,12.100633679465798,3258800
2010-08-13,12.244128227233887,12.340505124562121,12.235562027356918,12.241986881513569,2100800
2010-08-16,12.126336097717285,12.182020897249835,12.081360479091932,12.15417849748356,3248400
2010-08-17,12.357641220092773,12.421892223366191,12.1991546494889,12.222713541321514,3869200
2010-08-18,12.486140251159668,12.518266153638606,12.291245124710017,12.385480669583895,3205200
2010-08-19,12.28267765045166,12.475431424146588,12.224852335338788,12.445447685348624,2974400
2010-08-20,12.23770523071289,12.284823013669143,12.177737737492802,12.265547631277569,2558000
2010-08-23,12.254836082458496,12.359779168322637,12.233418542591401,12.26554444389424,2523200
2010-08-24,12.047091484069824,12.154176741706,12.021391250995931,12.111342475252394,3385200
2010-08-25,12.066366195678711,12.111341805319137,11.87147107024123,11.97213146828987,3414000
2010-08-26,11.886465072631836,12.107060469297885,11.886465072631836,12.092068596728103,2588000
2010-08-27,12.098492622375488,12.119909346848061,11.80936194002175,11.895030471903377,2194000
2010-08-30,11.905399322509766,12.104930395726077,11.9032533606734,12.104930395726077,1712400
2010-08-31,12.031978607177734,12.070596899832733,11.856046646367604,11.883938408482464,2775200
2010-09-01,12.392424583435059,12.41388010383611,12.143546275893772,12.173584004455245,2518400
2010-09-02,12.594103813171387,12.598394917738895,12.351661724996443,12.351661724996443,2688400
2010-09-03,12.675630569458008,12.69708526946112,12.508280799345245,12.66490240101211,2225600
2010-09-07,12.553337097167969,12.654175995284897,12.534027538346523,12.59624731882056,2036800
2010-09-08,12.596248626708984,12.606975978624869,12.343079192960557,12.413881188805476,3190000
2010-09-09,12.632721900939941,12.718541529926098,12.574793221690953,12.705669035722618,1476800
2010-09-10,12.744284629821777,12.79577622928067,12.617699955022696,12.639154651723198,1968000
2010-09-13,12.802217483520508,12.840836607446672,12.74857990233912,12.838691464315012,1862800
2010-09-14,12.834399223327637,12.873018343834698,12.746433630715877,12.802216350090264,1644400
2010-09-15,12.812944412231445,12.836545076614176,12.707814403193222,12.815089555155122,1850400
2010-09-16,12.810800552368164,12.873020347139374,12.7013802395331,12.735708261054354,3153600
2010-09-17,12.86658000946045,12.873016255686107,12.755013770364517,12.765741120222057,3473200
2010-09-20,12.877306938171387,12.885889145154474,12.780759155722427,12.855851420713671,2304400
2010-09-21,12.819378852844238,12.875161563887549,12.733558415991395,12.842979513900989,2540800
2010-09-22,12.746434211730957,12.885892244190474,12.664904862672572,12.780762229474831,2479200
2010-09-23,12.634865760803223,12.774323769105408,12.589810398777358,12.645593111031616,1629600
2010-09-24,12.918072700500488,12.948109610000634,12.724977931523375,12.774324399765673,1779200
2010-09-27,12.748577117919922,12.97814666820491,12.748577117919922,12.905199540992836,2680400
2010-09-28,12.819378852844238,12.842979513900989,12.654175043891335,12.755013934426776,3426400
2010-09-29,12.63057804107666,12.819382565770482,12.628432897833987,12.761453876883358,3628400
2010-09-30,12.62628173828125,12.853705295276292,12.596244834581654,12.731411719674082,2917200
2010-10-01,12.742143630981445,12.763599154481122,12.6391595735166,12.697088259298926,2584800
2010-10-04,12.656322479248047,12.808652994884174,12.600538943262364,12.72926961353702,2405600
2010-10-05,12.980293273925781,13.001747976752837,12.787197674704476,12.791488778958778,2969200
2010-10-06,12.920218467712402,12.995310740335205,12.89232670140491,12.956691623430796,1943600
2010-10-07,12.873018264770508,12.991020768508678,12.85585384756414,12.988875625580112,1567200
2010-10-08,12.89876651763916,12.963131457477202,12.849420036481842,12.93524050189564,4602400
2010-10-11,13.006041526794434,13.025351090347728,12.900912317350071,12.92880327258125,1700800
2010-10-12,13.04680347442627,13.085422592234687,12.892327003192598,13.006038395381603,2045600
2010-10-13,13.295684814453125,13.38150445927503,13.072552264715902,13.087570723020852,2608400
2010-10-14,13.246335983276367,13.355756276996443,13.207716863505881,13.30855494873375,3279600
2010-10-15,13.340738296508789,13.36648410445794,13.173389317172587,13.345029400907729,2614800
2010-10-18,13.383648872375488,13.448013803155382,13.267791505904981,13.321429084628974,3476800
2010-10-19,13.205571174621582,13.362192799835812,13.151933598105293,13.248481399523508,2214000
2010-10-20,13.332155227661133,13.422266777336835,13.190552065408822,13.248480743390825,2062800
2010-10-21,13.332155227661133,13.411538607809318,13.222734937102521,13.396520152604106,2331200
2010-10-22,13.169099807739258,13.385795286241443,13.160517597901952,13.362194618411143,2815200
2010-10-25,13.194845199584961,13.302120363809228,13.160517179770977,13.287101906293396,4815200
2010-10-26,13.20986270904541,13.257064039818763,13.059677326221141,13.121897113432473,3505600
2010-10-27,13.044658660888672,13.179825585110427,12.963129314070608,13.102587342697996,4099200
2010-10-28,13.259208679199219,13.27208199213329,12.8515635909538,13.214153311596657,5761600
2010-10-29,13.80845832824707,13.870678115680832,13.252772982721899,13.31070166566597,8812000
2010-11-01,13.55099868774414,13.838496160086827,13.499506248893331,13.819187416267892,3072800
2010-11-02,13.793440818786621,13.812749562649184,13.617509614852711,13.707620359989544,2526400
2010-11-03,13.829913139343262,13.834205062310682,13.658273050649042,13.79558594004892,2882000
2010-11-04,14.10239028930664,14.147445650608674,13.93933162205498,13.945767868399741,2860800
2010-11-05,14.173192024230957,14.186066155070177,14.076645045825494,14.095953786751044,1638800
2010-11-08,14.063770294189453,14.21610078340734,14.04016963447654,14.102389406729804,2872000
2010-11-09,14.04875373840332,14.100245349780643,13.969369541659637,14.07879064811416,2263600
2010-11-10,14.093810081481934,14.093810081481934,13.917878896580028,14.059481246921111,2834400
2010-11-11,14.10667896270752,14.145298073252068,13.988675670241255,13.995113552739102,2239600
2010-11-12,13.920022964477539,14.070209157579285,13.89642230037425,14.012279659547975,2063200
2010-11-15,14.007989883422852,14.12384724681197,13.973661048245798,13.999407674628587,2372800
2010-11-16,13.836348533630371,13.909296487576844,13.720491992434352,13.855658912014901,2918000
2010-11-17,13.817042350769043,13.926463483506865,13.789149758702795,13.832060809231944,1860000
2010-11-18,14.040172576904297,14.080936022042453,13.922169253609528,13.922169253609528,2122800
2010-11-19,14.042318344116211,14.106684097415192,13.982244514044684,14.046610267343665,2114800
2010-11-22,14.095952987670898,14.130281818777629,13.89213087286316,13.958640937021498,1533200
2010-11-23,13.802023887634277,13.952208472212446,13.74195005380301,13.952208472212446,3528000
2010-11-24,14.053045272827148,14.057335558786184,13.844931210701368,13.844931210701368,1409600
2010-11-26,13.917879104614258,13.973661006275993,13.868531813417698,13.954352264213613,773200
2010-11-29,13.87060546875,13.898539481591733,13.662170091515536,13.834074357290856,1900800
2010-11-30,14.156392097473145,14.201517014046377,13.7137367487318,13.739522298243955,4790000
2010-12-01,14.599053382873535,14.644178312729329,14.343343807607878,14.34764071736817,4110000
2010-12-02,14.83972454071045,14.95146390410625,14.579717970440138,14.618396728628422,3282000
2010-12-03,14.794590950012207,14.904180974070062,14.749466031733265,14.785995493280636,2317200
2010-12-06,14.605500221252441,14.76236284547787,14.51095180813055,14.76236284547787,2318000
2010-12-07,14.607646942138672,14.736575530590835,14.52599091256674,14.715087705751467,2882800
2010-12-08,14.467978477478027,14.678561526764623,14.431448999049037,14.611948755580404,2094800
2010-12-09,14.560372352600098,14.616240367798076,14.45722850096031,14.601198726873097,4396000
2010-12-10,14.607646942138672,14.642027133998473,14.553926560332274,14.611943851340166,1836400
2010-12-13,14.667819023132324,14.70434850303737,14.558228944000627,14.637735729161516,3075200
2010-12-14,14.835427284240723,14.88484913890968,14.642033497800616,14.708646275579063,2044400
2010-12-15,14.693601608276367,14.878399895186927,14.663518318725005,14.81608404128301,2197200
2010-12-16,14.777409553527832,14.786005015795071,14.611951413279675,14.68071347200079,2028800
2010-12-17,14.719388961791992,14.73013369709272,14.500210460638467,14.601203431149717,4901200
2010-12-20,14.697900772094727,14.74517498319852,14.586161429591868,14.719388602755616,2350800
2010-12-21,14.889140129089355,14.906331043469761,14.72797899545868,14.777400825032556,1986400
2010-12-22,14.966498374938965,14.977241467417956,14.818229599752025,14.91492726855843,2107200
2010-12-23,14.871953010559082,14.977244519035487,14.859060641191103,14.919227217463334,1015600
2010-12-27,14.884843826293945,14.917076385765807,14.77740305433179,14.826826530777454,672000
2010-12-28,14.929972648620605,14.936418833605565,14.81608403602648,14.899887719663592,799200
2010-12-29,14.893441200256348,14.957906327491061,14.869804096231372,14.955757052738894,879600
2010-12-30,14.826828956604004,14.955757576169464,14.816084221883404,14.908483366464981,1572800
2010-12-31,14.62269115447998,14.805340156852523,14.551779844567836,14.794595422835688,3848000
2011-01-03,14.803190231323242,14.96220212340056,14.773106944698242,14.773106944698242,3202400
2011-01-04,14.966498374938965,14.975093832571705,14.768807767633653,14.850462156020827,2920000
2011-01-05,15.078238487243652,15.187828540539252,14.828976733190029,14.895589491361775,3564400
2011-01-06,15.181376457214355,15.187822639124146,14.97294116524826,15.099720447915573,3228000
2011-01-07,15.0589017868042,15.267337185405683,15.026669221349552,15.226509159868705,2894400
2011-01-10,14.779552459716797,14.97294617884487,14.732278257328147,14.914928882814493,3306800
2011-01-11,14.895586967468262,14.904182425036625,14.71938418585654,14.82467567209118,2792800
2011-01-12,15.050307273864746,15.05675345947807,14.932121739565542,14.932121739565542,1861600
2011-01-13,15.198572158813477,15.200719793849927,15.000879894583939,15.037411002612389,2266800
2011-01-14,15.000876426696777,15.22435337502904,14.981537879343021,15.181377732410239,3041200
2011-01-18,15.243705749511719,15.27808596321144,14.998740784014613,15.043865736667554,2841600
2011-01-19,14.96435260772705,15.073942668958171,14.85476254649593,14.856911821261798,3514400
2011-01-20,14.869807243347168,15.013779172720085,14.816086839087363,14.940718570430102,2601200
2011-01-21,14.94286060333252,15.01806880496202,14.925669688841252,15.01806880496202,3762400
2011-01-24,15.091131210327148,15.106172852485505,14.932117691034767,14.947159333193124,2991200
2011-01-25,15.052449226379395,15.071787773811831,14.923519019167076,15.071787773811831,3063200
2011-01-26,15.400558471679688,15.454278852819423,14.863354660282328,15.112618015690348,9312400
2011-01-27,15.548828125,15.748668019684953,15.31460639752726,15.568166676381114,4623200
2011-01-28,15.239397048950195,15.830321230656732,15.196421400592444,15.651969175081852,4084000
2011-01-31,15.284518241882324,15.486507346590148,15.265179696665022,15.486507346590148,4019200
2011-02-01,15.578914642333984,15.598253197728754,15.35328832623019,15.35328832623019,3425200
2011-02-02,15.731473922729492,15.836765395376409,15.460722782221731,15.473616786618276,3891200
2011-02-03,15.890490531921387,15.911979999218614,15.6541211463975,15.6906506177369,3291200
2011-02-04,15.841071128845215,15.924874818065613,15.686356121233272,15.924874818065613,1998800
2011-02-07,15.787348747253418,15.907681898311523,15.699246519217144,15.901235713707157,2147200
2011-02-08,15.80454158782959,15.834624879252603,15.722885534467334,15.821730869059579,1581200
2011-02-09,15.858259201049805,15.858259201049805,15.684204029042501,15.774455526882493,1691200
2011-02-10,15.929167747497559,15.991483589957001,15.72288166870907,15.755114227142027,2457200
2011-02-11,15.911977767944336,15.98718597468994,15.849661928236277,15.90982849363276,2343600
2011-02-14,15.875446319580078,15.950656164117946,15.845363037531296,15.890487960604467,1841200
2011-02-15,15.843214988708496,15.916273917656289,15.804536250025585,15.853958080921828,4184400
2011-02-16,15.828179359436035,16.086036622309393,15.823880809385464,15.939917069503425,2403200
2011-02-17,15.858259201049805,15.888342487191089,15.780901711139034,15.81958045609442,2143400
2011-02-18,15.90123176574707,15.927018137178516,15.785195553429288,15.892636308603254,2033600
2011-02-22,15.394115447998047,15.892640621723896,15.38122307849136,15.785199837391461,2286200
2011-02-23,15.424196243286133,15.59180357744603,15.256588909126235,15.402708417776196,2774600
2011-02-24,15.471471786499023,15.651971503755096,15.312459896618748,15.381221927870985,2659800
2011-02-25,15.52954387664795,15.585467903701687,15.439206199799795,15.555355344752302,1338000
2011-02-28,15.52954387664795,15.645693021600456,15.473621490605598,15.568260258298784,2303400
2011-03-01,15.323063850402832,15.658606520522156,15.323063850402832,15.559663336081302,2861200
2011-03-02,15.404802322387695,15.512347712862585,15.2327290412229,15.271445447434358,2387000
2011-03-03,15.60267448425293,15.675804510707202,15.48652534722737,15.559655373681645,1309000
2011-03-04,15.413402557373047,15.637095473322562,15.284346806078727,15.56396541253369,1406600
2011-03-07,15.348868370056152,15.594071571065093,15.28003943014156,15.45641369123591,2074800
2011-03-08,15.589770317077637,15.624183966169024,15.314452919289776,15.426300971112328,1913200
2011-03-09,15.443507194519043,15.658597814827043,15.29294277569672,15.533844861205715,1581400
2011-03-10,15.021936416625977,15.370384004397566,14.996126578206523,15.284347380637804,1874000
2011-03-11,15.052044868469238,15.069250873825721,14.776727449616295,14.983215924008872,2462400
2011-03-14,14.905783653259277,15.073554108410947,14.759521936278826,14.927292391430496,2569600
2011-03-15,14.70360279083252,14.768130667802966,14.372362861674244,14.527228453593654,2827600
2011-03-16,14.548727989196777,14.733706035670014,14.40246631619494,14.647669467843457,3196000
2011-03-17,14.531527519226074,14.763825874701508,14.497113859717778,14.742317132382343,4367400
2011-03-18,14.750920295715332,14.836956902143832,14.699297347251166,14.720807729617123,4624800
2011-03-21,15.086455345153809,15.125171720827877,14.875667465048101,14.944496395022984,1949000
2011-03-22,14.987521171569824,15.129480190946165,14.905787290172048,15.090765437398744,2066800
2011-03-23,15.142382621765137,15.163891359320742,14.940196878517185,14.98321599463988,1783200
2011-03-24,15.185401916503906,15.258533602169926,15.099365314960458,15.258533602169926,2270000
2011-03-25,15.275732040405273,15.396183879285795,15.189697122504592,15.232714581454934,2184200
2011-03-28,15.099357604980469,15.413391286415052,15.090755426129054,15.327354728803284,1596400
2011-03-29,15.219807624816895,15.224108713729057,14.974604531557318,15.112262350895653,1513600
2011-03-30,15.357478141784668,15.383287978618634,15.069255716046657,15.254233871412781,2517600
2011-03-31,15.42199993133545,15.47362287215326,15.301549684783625,15.374681363769756,3533200
2011-04-01,15.387588500976562,15.58117045447455,15.314456811427647,15.520945322500014,2995200
2011-04-04,15.48222541809082,15.499431422598786,15.348868626832852,15.43060248153273,1741400
2011-04-05,15.559652328491211,15.68010417350582,15.482221226639542,15.525238687780574,3212400
2011-04-06,15.76614761352539,15.912409342615272,15.649998448570631,15.649998448570631,2513600
2011-04-07,15.68871784210205,15.822073039955924,15.602681224801884,15.705923852752496,1696600
2011-04-08,15.49083137512207,15.82637398047942,15.473625366420816,15.77475103134026,1274200
2011-04-11,15.606980323791504,15.619886881395814,15.45211476063399,15.533850275084776,2995000
2011-04-12,15.499436378479004,15.576869167063553,15.39619375437422,15.495135286229605,2523800
2011-04-13,15.594082832336426,15.79196597236582,15.520952748808737,15.628498147652437,3175800
2011-04-14,15.675813674926758,15.766153039434013,15.52094970936911,15.533854629579189,2387000
2011-04-15,15.826373100280762,15.877994405537157,15.688715192255906,15.710223932695095,2328200
2011-04-18,15.74033260345459,15.800557718189692,15.581165994367346,15.624183464603476,2413600
2011-04-19,15.869392395019531,15.95112791544715,15.727433379085705,15.774751957055717,2907000
2011-04-20,15.822070121765137,16.097385933537385,15.723128604472715,16.084481017676712,3667800
2011-04-21,15.94251823425293,15.964026969250197,15.843576740456463,15.869386566048668,2423200
2011-04-25,15.81346607208252,15.925314144652779,15.714524556200617,15.895201580732707,1454400
2011-04-26,16.028554916381836,16.114591506733497,15.890897028223767,15.903803583433973,2200000
2011-04-27,15.921006202697754,16.08447552549895,15.80055598642904,16.08447552549895,2614400
2011-04-28,16.10599708557129,16.445840913289945,15.826380054964583,15.959735288895692,3129800
2011-04-29,16.050067901611328,16.222139469251374,15.959728564512687,16.13180177316447,2130000
2011-05-02,16.118900299072266,16.28667081077881,16.09308881995892,16.14901287086513,2336200
2011-05-03,16.217838287353516,16.23934702806251,16.045765079658096,16.11029294279681,2308000
2011-05-04,16.217838287353516,16.299572158452392,16.088784202087815,16.204931730118737,3419400
2011-05-05,16.247957229614258,16.364106444243635,16.037167549506346,16.15761949857331,3199200
2011-05-06,16.35979652404785,16.49315333582817,16.20923370511173,16.43292820825372,2984600
2011-05-09,16.458736419677734,16.549075743160156,16.359794913969832,16.359794913969832,2826200
2011-05-10,16.656620025634766,16.716845143498347,16.33398405907011,16.47594303103264,3984600
2011-05-11,16.613603591918945,16.884618307030983,16.536170816172646,16.669527627960527,2846200
2011-05-12,16.78997802734375,16.850203155438955,16.549077514962935,16.652320122837097,2916600
2011-05-13,16.544776916503906,16.841603144706244,16.518967081711963,16.772774183574608,1996000
2011-05-16,16.566287994384766,16.789982559847992,16.47164918512071,16.53617542220819,2607800
2011-05-17,16.540475845336914,16.609304806555777,16.398515189753827,16.536173112191552,2894200
2011-05-18,16.888927459716797,16.910437850700156,16.493161209012005,16.58780167809899,2382000
2011-05-19,16.957746505737305,17.013670535696036,16.845900086831314,16.910427939938426,2526800
2011-05-20,16.794275283813477,16.983554430538895,16.729747444173995,16.944838054957433,3140600
2011-05-23,16.626501083374023,16.656613630744854,16.50174816368872,16.63510326175647,2991600
2011-05-24,16.544776916503906,16.703945222442968,16.432930470044447,16.635114620299454,2163400
2011-05-25,16.570587158203125,16.605000815700027,16.364100290186446,16.46734290368891,2979200
2011-05-26,16.691043853759766,16.716855337589116,16.43293557951582,16.488859640639884,1842400
2011-05-27,16.84187126159668,16.90220523259684,16.72982104918717,16.74705979632362,1750200
2011-05-31,17.027185440063477,17.027185440063477,16.74706314104848,16.94530384077806,2247600
2011-06-01,16.691036224365234,17.022874739346253,16.691036224365234,17.022874739346253,2812800
2011-06-02,16.64363670349121,16.768615212429804,16.544516327291763,16.67811421381007,2819600
2011-06-03,16.402292251586914,16.60915227492662,16.389362369893767,16.402292251586914,2169400
2011-06-06,16.37212371826172,16.544506232743135,16.36350434594107,16.410910071716042,2485400
2011-06-07,16.699647903442383,16.85048277530211,16.42814349011807,16.454001601284084,4167200
2011-06-08,16.428152084350586,16.68241788991431,16.39367622873699,16.652250899760787,3176400
2011-06-09,16.66086769104004,16.75567915623583,16.410912433674888,16.48417464297897,2685200
2011-06-10,16.419527053833008,16.656555671935504,16.397979445999262,16.613458812290915,2552000
2011-06-13,16.35919761657715,16.540201189166112,16.311791879852002,16.42384210192554,3875400
2011-06-14,16.518653869628906,16.553129723511972,16.4238423944897,16.46262875759414,2992200
2011-06-15,16.178197860717773,16.397986181260553,16.11786387641104,16.329032821484603,3611200
2011-06-16,16.15665054321289,16.238532145720008,15.96271870150887,16.195436911553696,2720600
2011-06-17,16.298858642578125,16.333336129252622,16.117856769468165,16.27300052757225,2546800
2011-06-20,16.273008346557617,16.35489159476494,16.178198500601855,16.225604245568658,2948800
2011-06-21,16.428152084350586,16.484177199197553,16.268697758685168,16.376437478941362,2386000
2011-06-22,16.376434326171875,16.51003214540144,16.333339103957098,16.410911819125573,2358800
2011-06-23,16.294546127319336,16.320402592554036,16.014422364781108,16.199734704187627,2930200
2011-06-24,16.15665054321289,16.346271875113597,16.10493428943995,16.29455726531846,5338600
2011-06-27,16.290246963500977,16.38505845265074,16.044600508865525,16.178198366851298,2298600
2011-06-28,16.40660285949707,16.40660285949707,16.242838040460338,16.316101897915257,2379000
2011-06-29,16.410911560058594,16.492793138565002,16.341956575239735,16.46693501925793,2091200
2011-06-30,16.574674606323242,16.617771471547066,16.402292077359885,16.42383968798314,2035000
2011-07-01,16.867727279663086,16.897894264342877,16.566055788887805,16.626391402224755,1756400
2011-07-05,16.932376861572266,17.00133022505018,16.768612006820526,16.81170724250252,2000000
2011-07-06,17.0875186920166,17.126305053440223,16.863419897566505,16.928062737287537,2588800
2011-07-07,17.268526077270508,17.350407691070306,17.14785808978069,17.212500949945365,3346200
2011-07-08,17.393497467041016,17.479689556014904,17.09182597762108,17.113373588870214,4150000
2011-07-11,17.203872680664062,17.28144538794775,17.12199110918781,17.182325071746856,3201000
2011-07-12,17.022876739501953,17.12630760000357,16.820325528174237,17.12630760000357,4313800
2011-07-13,17.134923934936523,17.259902401696966,17.057352850854397,17.104756945577467,2849800
2011-07-14,16.928056716918945,17.199561150325273,16.88065099826326,17.190941779299063,2680200
2011-07-15,16.997028350830078,16.997028350830078,16.790168155296215,16.9927194826638,1844200
2011-07-18,16.4798641204834,16.932370501075766,16.4109107829072,16.884964773246395,3349200
2011-07-19,16.64363670349121,16.699661835770264,16.522968705331564,16.587613215190334,2898400
2011-07-20,16.66948890686035,16.755681008020616,16.583296805700087,16.755681008020616,3243800
2011-07-21,16.919443130493164,16.949611761387732,16.669487861183438,16.790155808851754,2002200
2011-07-22,16.940996170043945,16.97116316369679,16.807398309597172,16.893590424595804,1310000
2011-07-25,17.03580093383789,17.06165905381532,16.729820578669802,16.79446505662469,2817000
2011-07-26,17.057361602783203,17.070289849433948,16.872049062222995,17.065979337898057,3137000
2011-07-27,16.928056716918945,17.165085310197362,16.86341390018777,16.923747853394303,5540600
2011-07-28,16.626388549804688,16.76429521153231,16.333336482639215,16.40659867744204,4802800
2011-07-29,16.721214294433594,16.906526856054686,16.39799493960313,16.501425856499488,4292800
2011-08-01,16.445392608642578,16.893590287824562,16.341961742686028,16.889279777921708,3225600
2011-08-02,15.751548767089844,16.380748418499387,15.734310015111477,16.337653182531344,4087600
2011-08-03,15.73862361907959,15.928244996184814,15.488666598188969,15.79033824120316,3952800
2011-08-04,15.169750213623047,15.626565493236543,15.15682033161205,15.570542032439239,4738800
2011-08-05,15.27318286895752,15.484353453926994,14.725864867075149,15.37661372861104,6226800
2011-08-08,14.10097599029541,15.152515133570471,14.092356614861462,14.924107438493055,7312800
2011-08-09,15.510209083557129,15.673972256016675,14.126829983724004,14.290594800161028,11686600
2011-08-10,14.652597427368164,15.45418096143112,14.635358682899096,15.169748253600119,12047800
2011-08-11,15.320585250854492,15.518825907400876,14.794816624534837,14.794816624534837,6034800
2011-08-12,15.484354019165039,15.72138109471698,15.307660928956013,15.411090148407354,4100000
2011-08-15,15.635185241699219,15.742924945170635,15.510208435095207,15.592090017901617,2840000
2011-08-16,15.428330421447754,15.622262282020149,15.34213830075136,15.549000048013891,3496200
2011-08-17,15.393852233886719,15.60933168108456,15.337827117301519,15.514520198244641,2883000
2011-08-18,14.83791446685791,15.062013283199322,14.691388380941513,15.027535783464794,4714600
2011-08-19,14.652597427368164,15.066317430762865,14.613811074301339,14.665525663731387,4080400
2011-08-22,14.549168586730957,15.010296022228854,14.514692737072938,14.971509663877717,2917600
2011-08-23,15.0404634475708,15.044772312412702,14.600885254712436,14.613813493215572,4002000
2011-08-24,15.143898010253906,15.264565996318714,14.937037901009372,15.040468777620644,2732600
2011-08-25,14.919794082641602,15.350752908261338,14.863770618974803,15.186989738189604,3100600
2011-08-26,15.087867736816406,15.13527347059311,14.501765115877248,14.837912473235765,3643600
2011-08-29,15.363677024841309,15.411081096927346,15.169745297300842,15.299032567668874,4211600
2011-08-30,15.45436954498291,15.540731255535531,15.273009788101142,15.346417818595288,2598400
2011-08-31,15.510490417480469,15.756621665338013,15.385267770408877,15.549353072698896,3704200
2011-09-01,15.411186218261719,15.704815014416848,15.35505251253533,15.514820589286302,2636400
2011-09-02,15.121868133544922,15.27299979269451,15.005280147681722,15.095959143171475,2744600
2011-09-06,15.048463821411133,15.074372818103782,14.5648407469653,14.599386075888832,4416800
2011-09-07,15.268680572509766,15.346405886854889,15.182318929102815,15.221181586275376,4637600
2011-09-08,15.035513877868652,15.316188979782591,14.970742193669327,15.14346558672596,4872800
2011-09-09,14.694390296936035,14.823933702488054,14.55189485692677,14.819614710456145,5206600
2011-09-12,14.564841270446777,14.620976608359129,14.223713547520028,14.405073236463009,5393000
2011-09-13,14.633929252624512,14.724608267101786,14.439615902164716,14.60370291446542,2555000
2011-09-14,14.763471603393555,14.936194955421247,14.46552555071835,14.789380600361298,2850400
2011-09-15,14.780743598937988,14.897331609197131,14.698700916405356,14.888695277265503,3416400
2011-09-16,14.815290451049805,14.901650484828123,14.66847608752978,14.823926783870048,3888200
2011-09-19,14.55620002746582,14.6166526876495,14.305753057103225,14.582109016349447,2524400
2011-09-20,14.469842910766602,14.759154278680946,14.42666289631346,14.577794594111422,2251000
2011-09-21,14.150306701660156,14.538931769286458,14.137353026902863,14.435299076804224,3983600
2011-09-22,13.498279571533203,13.81349831228974,13.351465205557766,13.81349831228974,4237000
2011-09-23,13.36441421508789,13.636452002877688,13.316915226900106,13.420548709086967,2959400
2011-09-26,13.580323219299316,13.597595061790283,13.243513642861922,13.519869711565804,3074600
2011-09-27,13.886903762817383,14.163259794362107,13.813496588987574,13.904176426591897,4146400
2011-09-28,13.506915092468262,13.951676330138069,13.49827876002279,13.917131000356187,2903200
2011-09-29,13.649413108825684,13.852362830406152,13.373056198853448,13.783272985208516,2769200
2011-09-30,13.394644737243652,13.675318942307305,13.325555727492784,13.51123275005048,3473200
2011-10-03,13.04919719696045,13.463732026086594,13.044879031452215,13.29532768929471,4371000
2011-10-04,13.601911544799805,13.610547876779393,12.820341619978118,12.867839798653945,6583200
2011-10-05,13.683958053588867,13.856680613045352,13.519871004400608,13.64941354169757,4231600
2011-10-06,14.042353630065918,14.050989961453595,13.515548945900072,13.593274281177386,3824800
2011-10-07,14.012127876281738,14.18916855905903,13.843723525251123,14.180532227312352,3682400
2011-10-10,14.396439552307129,14.396439552307129,14.193489818282071,14.258261500651182,1925000
2011-10-11,14.474159240722656,14.49143190221462,14.210756918211006,14.253936924729256,2463000
2011-10-12,14.513022422790527,14.715972084526104,14.426660759464003,14.500068749815652,4091000
2011-10-13,14.448250770568848,14.521658760956448,14.271210101908038,14.374844427392967,2805200
2011-10-14,14.664155006408691,14.707336664352214,14.474160653092657,14.59938499031114,3939200
2011-10-17,14.448250770568848,14.629610428364545,14.387798100374187,14.560521427111832,2226600
2011-10-18,14.798013687133789,14.905965346671785,14.292799063945937,14.461205036482957,2866400
2011-10-19,14.720291137695312,15.044146177409456,14.698701131156753,14.832560160022974,3167600
2011-10-20,14.910285949707031,14.979374961035186,14.620976229524116,14.785063249132973,2584600
2011-10-21,15.035513877868652,15.113239240022901,14.871426819186087,15.095966571274769,1931400
2011-10-24,15.156416893005371,15.225505909974506,15.03119418220713,15.09596420905889,1219600
2011-10-25,14.858468055725098,15.221185739229245,14.83687805078557,15.121870398737986,2455200
2011-10-26,14.996647834777832,15.117553194484973,14.746200782925614,15.065736847069338,2782600
2011-10-27,15.428454399108887,15.55367874722634,14.763471633807892,14.767790623584062,4081800
2011-10-28,15.398234367370605,15.592547806599072,15.333462671890235,15.415507039127055,2702800
2011-10-31,14.927558898925781,15.411181987442815,14.927558898925781,15.281640294634395,3605400
2011-11-01,14.595073699951172,14.793704489635543,14.405079246411255,14.551893666441591,5554200
2011-11-02,14.655517578125,14.93619256851318,14.538929581219682,14.80233190972299,4254200
2011-11-03,15.035513877868652,15.083012893319845,14.715977742089944,14.806656782199116,3226400
2011-11-04,15.057101249694824,15.113236589675857,14.763472521318443,14.931878541261538,2203400
2011-11-07,15.052783966064453,15.12187298200046,14.89733326840542,15.09164664047921,3387400
2011-11-08,15.32482624053955,15.38959628144186,14.975062089702252,15.113240153615456,3391400
2011-11-09,14.707337379455566,15.117552442987757,14.638248370598491,15.035509759723698,3814800
2011-11-10,14.893014907836914,14.992330258507362,14.789380567408816,14.858469578623561,3203200
2011-11-11,15.290268898010254,15.380947872417467,15.091638292962696,15.091638292962696,2624000
2011-11-14,15.009597778320312,15.268682745411816,14.944827771956117,15.212547422126919,2237000
2011-11-15,15.005281448364258,15.095960451714216,14.763469125552685,14.923238775887395,2160400
2011-11-16,14.802328109741211,15.061413029868131,14.741875455874979,14.79801076898417,2593200
2011-11-17,14.659839630126953,14.923242013663724,14.53029793334829,14.802335002419868,3360200
2011-11-18,14.642565727233887,14.798016409116427,14.577794060712193,14.772107413065369,2681800
2011-11-21,14.482793807983398,14.595062799587508,14.39643215825099,14.426658488575614,3235800
2011-11-22,14.366209983825684,14.513024336678228,14.305757305688509,14.448252668838718,3205000
2011-11-23,14.271210670471191,14.370526010777944,14.16757798806927,14.215075339963274,2536400
2011-11-25,14.327343940734863,14.448249268555083,14.27552760698499,14.27552760698499,1207800
2011-11-28,14.668476104736328,14.715975111697356,14.54756909232315,14.668476104736328,2219800
2011-11-29,14.711743354797363,14.83722626779426,14.620877100811947,14.67712669578588,2069800
2011-11-30,15.192042350769043,15.213676942444499,15.010308149345422,15.153099425507806,4616200
2011-12-01,15.157423973083496,15.265598569866823,15.083866039565244,15.148769807267227,1852600
2011-12-02,15.109825134277344,15.339156375282007,15.07953638273934,15.261270542580524,1926000
2011-12-05,15.235312461853027,15.434353358369204,15.170408682874434,15.282909556805514,2654200
2011-12-06,15.192042350769043,15.443006585308705,15.183388183976152,15.352140309903666,1957600
2011-12-07,15.174735069274902,15.23964049941482,15.03627169221582,15.13146588292406,2003200
2011-12-08,14.863187789916992,15.153096545225935,14.832899037205895,15.096845297071084,2017400
2011-12-09,15.109825134277344,15.209347204317256,14.867515121973314,14.893475965798368,1636200
2011-12-12,14.845881462097168,14.997325229242033,14.74636103645722,14.96703647581306,1973000
2011-12-13,14.806934356689453,15.079533060473569,14.755009379252936,14.910781010336887,2611000
2011-12-14,14.785305976867676,14.980020619139166,14.711748029017153,14.750690957471452,2394000
2011-12-15,15.062231063842773,15.092519818115845,14.806938955960241,14.923767715562075,3593600
2011-12-16,14.984341621398926,15.235305760837987,14.92376412741753,15.135785356352418,3458200
2011-12-19,14.962714195251465,15.161755099432694,14.867520001680571,14.988675047597196,2319600
2011-12-20,15.187713623046875,15.369447814670222,15.127136109376911,15.187713623046875,2458000
2011-12-21,15.3305082321167,15.343488659127788,15.144447742093304,15.230987773599457,2189800
2011-12-22,15.434350967407227,15.490602220965608,15.300215521262436,15.360793032503747,1761000
2011-12-23,15.490602493286133,15.533873323943032,15.382427892564005,15.525219157811653,1045800
2011-12-27,15.525216102600098,15.60310193184193,15.468964859122533,15.4905994448868,820000
2011-12-28,15.192042350769043,15.533874511327285,15.179061925886478,15.516566177741504,1182000
2011-12-29,15.490602493286133,15.516564991680273,15.218002037294612,15.261272867951513,1002400
2011-12-30,15.451659202575684,15.551179634793488,15.443005036650652,15.451659202575684,1043400
2012-01-03,15.715597152709961,15.767520470113656,15.538190971852545,15.68098215797833,1907200
2012-01-04,15.68531322479248,15.793487798756566,15.603101142800456,15.663678640122264,2722600
2012-01-05,15.693973541259766,15.771859397096382,15.430027213214972,15.620413943808003,1831000
2012-01-06,16.0617618560791,16.087724350598737,15.611756838697566,15.724257680389657,2804600
2012-01-09,15.936285018920898,16.148306339243216,15.910322517189877,16.066094226348756,2728200
2012-01-10,15.949257850646973,16.126664068140773,15.875698289406069,16.04877825064468,2138600
2012-01-11,15.970898628234863,16.027149885049113,15.84108943225954,15.931955704380918,1342400
2012-01-12,16.364654541015625,16.386289132459638,16.19157450823648,16.291096599983277,2309200
2012-01-13,16.286758422851562,16.312720906583667,16.096371827320255,16.24781552255965,1766800
2012-01-17,16.070417404174805,16.41224951701386,16.022820318765152,16.338689934849853,1989800
2012-01-18,16.308399200439453,16.338687951001873,15.962240872145303,16.005511694815265,1423800
2012-01-19,16.50743865966797,16.59397698792961,16.28243537483952,16.32137828280238,2190800
2012-01-20,16.403594970703125,16.55071248100324,16.377632474551362,16.529077892850076,2045800
2012-01-23,16.35167121887207,16.485806652425218,16.226188299872547,16.355997476148882,1354400
2012-01-24,16.334369659423828,16.459852630438267,16.26513796000447,16.37763885258071,1842600
2012-01-25,16.312734603881836,16.39062046986401,16.044461982506487,16.27379167089075,3046600
2012-01-26,17.031009674072266,17.16947303316119,16.143978264092134,16.399270391902363,4291800
2012-01-27,17.06562614440918,17.32957246100645,16.91418234830267,17.082934478425233,3930800
2012-01-30,16.9531192779541,17.03100510286335,16.84927096120411,16.86657928909794,2190000
2012-01-31,16.987741470336914,17.05697316058993,16.88389476026424,16.99206937944793,2090600
2012-02-01,17.446392059326172,17.589183263900875,17.069945070939784,17.069945070939784,3917600
2012-02-02,17.17812728881836,17.433419417957015,17.17812728881836,17.433419417957015,2135600
2012-02-03,17.22139549255371,17.41178383944821,17.208415069124854,17.30793550017727,2481400
2012-02-06,17.307937622070312,17.320918047090526,17.152165919373513,17.169474253142834,1849000
2012-02-07,17.22139549255371,17.398801765405995,17.18245257165378,17.251684247629953,2273600
2012-02-08,17.243026733398438,17.372837544932608,17.17812297824439,17.251680897541586,2313200
2012-02-09,17.325237274169922,17.351198111201384,17.13484899933796,17.2646597869462,1854400
2012-02-10,17.22572135925293,17.25168220303388,17.0050442834359,17.1564896914818,1825200
2012-02-13,17.29062271118164,17.437740191032276,17.230045216645426,17.329565622042484,1525600
2012-02-14,17.25168228149414,17.28197103311844,17.139181439834335,17.234375602432518,1077600
2012-02-15,17.191099166870117,17.338216619858652,17.152156263119842,17.273311230070647,1644200
2012-02-16,17.446392059326172,17.476680802609405,17.117542139131352,17.208408368981047,1473200
2012-02-17,17.35553550720215,17.524287642625545,17.307938412469674,17.524287642625545,1387600
2012-02-21,17.411775588989258,17.519950134607548,17.32956187792731,17.35985061865143,1086600
2012-02-22,17.17812728881836,17.450727750586555,17.15216478987405,17.381494420068393,1467200
2012-02-23,17.243026733398438,17.29495171825732,17.17812297824439,17.17812297824439,2037400
2012-02-24,17.21274757385254,17.390153911091936,17.160824210678896,17.27332510599078,1484800
2012-02-27,17.26466178894043,17.320911376106405,17.078601399113477,17.165139733403567,1644600
2012-02-28,17.381776809692383,17.451182391386496,17.282006389429572,17.308034103099715,1722000
2012-02-29,17.38612174987793,17.542283122953567,17.290688420698224,17.373107061051492,3000600
2012-03-01,17.342744827270508,17.51625969653678,17.273339210516085,17.40347453508557,2099400
2012-03-02,17.269006729125977,17.399142088704412,17.190925182426742,17.32539767026141,1732600
2012-03-05,17.216947555541992,17.28201604870567,17.147541935055646,17.251651193165426,1916200
2012-03-06,17.03909683227539,17.078137600160368,16.95234104120713,17.047772742334345,4373800
2012-03-07,17.11717987060547,17.156220641917475,17.013072250280647,17.086815010113998,1876400
2012-03-08,17.295034408569336,17.381791874569963,17.160561908291346,17.195263901834977,2606800
2012-03-09,17.229961395263672,17.407813392390313,17.182244723270596,17.29069110334197,1344600
2012-03-12,17.216947555541992,17.299367867517386,17.143204807732975,17.19092148208494,1796200
2012-03-13,17.51626205444336,17.54662691243838,17.225624857513044,17.269004408049252,1996600
2012-03-14,17.48155975341797,17.5769931171489,17.41649290476934,17.48155975341797,1938400
2012-03-15,17.62470817565918,17.66374894315675,17.451193285723168,17.472882233275012,1421400
2012-03-16,17.954387664794922,17.954387664794922,17.620372518029395,17.620372518029395,5150600
2012-03-19,17.954387664794922,18.12790258550148,17.941374624908253,17.984752527704433,1738400
2012-03-20,17.902339935302734,18.023799428223565,17.815582445461505,17.854623233151983,1817800
2012-03-21,17.819913864135742,17.980414078403612,17.81557508131832,17.9413733068508,1646400
2012-03-22,17.711469650268555,17.79388833162138,17.572656713881216,17.659414178587927,1801200
2012-03-23,17.824251174926758,17.841602996852743,17.65073626518854,17.767858581047715,1979200
2012-03-26,18.015108108520508,18.019446889421168,17.876296905380627,17.96305432103307,1769600
2012-03-27,18.370811462402344,18.41419099628387,17.932688926139033,18.036798152694683,3198200
2012-03-28,18.409847259521484,18.431537848003074,18.275374877589222,18.331765774314555,3619400
2012-03-29,18.544330596923828,18.57035832329992,18.166937665652675,18.284059952204498,2873600
2012-03-30,18.600730895996094,18.648447586774495,18.448904911268357,18.635432890805145,2944400
2012-04-02,18.696155548095703,18.726520402598858,18.453236712070478,18.453236712070478,2709000
2012-04-03,18.891357421875,18.90003333009162,18.66578877252374,18.717844221823466,3316400
2012-04-04,18.921724319458008,18.95642795607736,18.66579079105194,18.782913082501544,3229600
2012-04-05,18.9000301361084,18.93039498235496,18.778570751122146,18.860989383111384,2258200
2012-04-09,18.839305877685547,18.8479817869385,18.626750237889357,18.683142820653323,3116400
2012-04-10,18.41419792175293,18.826294547434404,18.35780533387804,18.778577869598777,3719400
2012-04-11,18.535659790039062,18.90003978579731,18.51830796767894,18.813282328757566,2515400
2012-04-12,18.570363998413086,18.657119803325216,18.513971401411474,18.561688086969692,3612400
2012-04-13,18.553014755249023,18.683150135472932,18.53132580100523,18.540001713654974,2842400
2012-04-16,18.557342529296875,18.59638328915942,18.284058865019368,18.405518271364926,3511000
2012-04-17,18.717853546142578,18.778583279151214,18.518310867278483,18.717853546142578,1859200
2012-04-18,18.665788650512695,18.765559112211232,18.63976258079325,18.648438488953158,2374400
2012-04-19,18.782917022705078,18.900039338724124,18.670133489553862,18.67447061766087,3077600
2012-04-20,18.878337860107422,18.956419352301538,18.77856743225043,18.821945303576175,1606000
2012-04-23,18.596389770507812,18.743876953085135,18.453241370960903,18.743876953085135,2060800
2012-04-24,18.63543128967285,18.704836928088802,18.52698487622537,18.600729297845348,1569600
2012-04-25,18.652774810791016,18.84363981779241,18.618071179648826,18.769897083755577,3515600
2012-04-26,18.058496475219727,18.535660012524488,18.006441007514535,18.535660012524488,5576200
2012-04-27,18.123558044433594,18.22766729473376,18.006435758381055,18.127896826191314,2654200
2012-04-30,18.114885330200195,18.218994598859812,18.067170305773587,18.132237150770248,4776000
2012-05-01,18.14525604248047,18.314432195284944,18.097539352251292,18.11055239330977,2150400
2012-05-02,17.98909568786621,18.071514385137064,17.937040206131787,18.023797687594506,3384400
2012-05-03,17.980405807495117,18.145244728755223,17.93702627307928,17.98474293355668,2414600
2012-05-04,17.68110466003418,17.971741943720147,17.6637544894013,17.9587289020552,2501800
2012-05-07,17.750503540039062,17.772194140893326,17.620368208716062,17.65073306419941,1593000
2012-05-08,17.750503540039062,17.767855358818267,17.373110582774206,17.624706990791122,3139800
2012-05-09,17.74616241455078,17.924014380066655,17.55963454159997,17.585662263904783,2107200
2012-05-10,17.897981643676758,17.93268526369436,17.711455477741037,17.845927868410037,2224400
2012-05-11,17.767854690551758,17.89365288982882,17.73315270905904,17.767854690551758,1177600
2012-05-14,17.55963897705078,17.672424147433635,17.520598211112187,17.61169278004872,1739200
2012-05-15,17.49890899658203,17.6463961484525,17.46420535860755,17.529273852429434,1609200
2012-05-16,17.30804443359375,17.5553020693799,17.269003667166434,17.529274340174826,2850800
2012-05-17,16.86992073059082,17.34274707307166,16.86992073059082,17.30804508758093,2334400
2012-05-18,16.770145416259766,17.030416024129885,16.726767533201468,17.030416024129885,1765800
2012-05-21,17.034757614135742,17.034757614135742,16.65302589219073,16.77014818147251,2011000
2012-05-22,16.943668365478516,17.151885282357455,16.86992394328085,17.07814086015979,2087200
2012-05-23,17.147544860839844,17.182248504384553,16.692070295260724,16.865585203462675,1812000
2012-05-24,17.290687561035156,17.290687561035156,17.117172726564398,17.156213481582313,2383000
2012-05-25,17.299367904663086,17.394799598811403,17.255988357540648,17.32973276026853,1926200
2012-05-29,17.507583618164062,17.568313325391404,17.355757695335296,17.39479845780436,2034800
2012-05-30,17.394515991210938,17.52062663027609,17.364075720935944,17.407561347365846,2928800
2012-05-31,17.38147735595703,17.4380083604007,17.116210619101047,17.355384974687755,3867200
2012-06-01,17.103164672851562,17.25101651837368,17.04228245197252,17.124907493730056,2008800
2012-06-04,17.194482803344727,17.220573520734614,16.95095893485841,17.103161974738846,2739400
2012-06-05,17.25971031188965,17.307545502982887,17.020536015294,17.098811480924656,1702800
2012-06-06,17.638038635253906,17.638038635253906,17.355377105711263,17.355377105711263,1692000
2012-06-07,17.54237174987793,17.87721642579695,17.5162793752673,17.777198144762,1763200
2012-06-08,17.894617080688477,17.90766244274194,17.35103821017997,17.46844978640327,2487200
2012-06-11,17.725021362304688,18.08161067344199,17.716325559063225,17.98594024907311,1751000
2012-06-12,17.903310775756836,17.91635779514585,17.63804571161961,17.781549653931823,1758400
2012-06-13,17.872861862182617,17.9815775709766,17.764146153388637,17.86416606528476,3112800
2012-06-14,18.072912216186523,18.17293053666886,17.86417811358801,17.89896630125217,1663800
2012-06-15,18.59039306640625,18.646925720331744,18.13813515274366,18.13813515274366,4153800
2012-06-18,18.47732925415039,18.5425577076074,18.35121858838124,18.490374613067658,2065800
2012-06-19,18.572998046875,18.664318877344748,18.5121174932285,18.568650146844824,1415200
2012-06-20,18.455575942993164,18.572989093656282,18.338162792330046,18.572989093656282,2007600
2012-06-21,18.03812026977539,18.494726169734122,17.990285065793536,18.45124052549843,1578400
2012-06-22,18.107698440551758,18.1859739278982,17.942450005168045,18.085955618260193,1252200
2012-06-25,17.572813034057617,17.82938225976021,17.551070216734473,17.82938225976021,1598000
2012-06-26,17.407560348510742,17.59890107511183,17.285799274397483,17.559763350022536,2457400
2012-06-27,17.464099884033203,17.546723265688634,17.3597320229524,17.416264683490787,1857800
2012-06-28,17.64238929748535,17.664132112655054,17.324939551170406,17.385820097193754,1684000
2012-06-29,17.851125717163086,18.01637412071134,17.781547703911826,17.933750748372557,2288000
2012-07-02,17.620647430419922,17.9207022771958,17.498886331821687,17.86851918620664,2059200
2012-07-03,17.851125717163086,17.851125717163086,17.57716156423032,17.60325394127605,927000
2012-07-05,17.746763229370117,17.881569725055428,17.742413669519667,17.790248874648405,1224800
2012-07-06,17.646739959716797,17.716317967934508,17.585857751014554,17.61629802593039,1047000
2012-07-09,17.603256225585938,17.71632154858549,17.455402720881764,17.659788887085714,1365400
2012-07-10,17.733713150024414,17.842428903340153,17.58151175893068,17.707622430905918,2399000
2012-07-11,17.559770584106445,17.711971989450305,17.424962440179808,17.69892662866966,2186200
2012-07-12,17.416255950927734,17.50757674679062,17.259705067237054,17.485833937138032,1700200
2012-07-13,17.92940330505371,18.003330885971206,17.45540251545151,17.490192355617598,2008800
2012-07-16,17.82938575744629,17.964193905488816,17.73806491145181,17.964193905488816,1670200
2012-07-17,17.994630813598633,18.033768548668306,17.811987496983285,17.9294007021923,1409600
2012-07-18,18.051162719726562,18.06420973798966,17.89461343040595,17.92070414919069,1698600
2012-07-19,18.3990535736084,18.420796391180065,18.068556774584692,18.107694509761956,2066400
2012-07-20,18.164222717285156,18.285983792984908,18.077249809412375,18.268588879636305,1555800
2012-07-23,17.977237701416016,18.042467819373126,17.759806186720066,17.898962223415808,976200
2012-07-24,17.755462646484375,18.025077326431987,17.607609113828353,17.938104367421758,1531400
2012-07-25,17.624996185302734,17.84242767698965,17.52062999826057,17.83807977705899,2100800
2012-07-26,17.811986923217773,18.486024197598134,17.642390629669165,18.30338254573674,3100400
2012-07-27,18.216407775878906,18.28163787858188,17.781544848180214,17.925050410578585,2481600
2012-07-30,18.22075653076172,18.25554470083117,18.033765347386176,18.19031625987457,1449600
2012-07-31,18.072912216186523,18.264251395517366,18.064214754552687,18.19467336131786,1477800
2012-08-01,17.585857391357422,18.077252997459926,17.55976667560348,18.064207639582953,2648800
2012-08-02,17.220571517944336,17.516278445689704,17.10315998560379,17.446700442624348,2487200
2012-08-03,17.872861862182617,17.955486862542887,17.49018376161425,17.49018376161425,2030000
2012-08-06,17.94243812561035,18.025063118032307,17.859814792058305,17.890255054886424,1231200
2012-08-07,18.064205169677734,18.1729208941093,17.811983892738755,18.007672528489632,1803400
2012-08-08,18.012022018432617,18.17727039864745,17.75980237808725,17.877215569908017,2410800
2012-08-09,18.14682388305664,18.225099317342597,17.98157555968963,17.98157555968963,1112800
2012-08-10,18.26859474182129,18.272944300989284,18.007677593347825,18.103347988594457,947000
2012-08-13,18.272945404052734,18.29034032403323,18.164229642480933,18.220762302982113,782600
2012-08-14,18.26859474182129,18.37296259653314,18.242504022296405,18.338172758672265,1272600
2012-08-15,18.546907424926758,18.603438419964938,18.22510807829634,18.242502996248405,2027200
2012-08-16,18.759992599487305,18.812175703473272,18.490377960210346,18.525166143244004,1412200
2012-08-17,18.725194931030273,18.87304836648644,18.690405106748763,18.816515731464047,1453000
2012-08-20,18.65997314453125,18.790431725907062,18.54690948303778,18.699110884831082,933800
2012-08-21,18.451229095458984,18.686055410153525,18.416439274524993,18.646917691037768,1154800
2012-08-22,18.59473991394043,18.612134830913003,18.329474895026323,18.416446162148016,1601800
2012-08-23,18.338165283203125,18.586038629740486,18.316422472838823,18.586038629740486,1018000
2012-08-24,18.320777893066406,18.355566069007835,18.233804964906888,18.299035075744182,859800
2012-08-27,18.24250602722168,18.37731251657141,18.229459007154546,18.32512941291574,770000
2012-08-28,18.21206283569336,18.307731567299925,18.16422764045473,18.246851012949193,837400
2012-08-29,18.21206283569336,18.251200571900355,18.12074034529657,18.151182281342628,1046600
2012-08-30,18.22513771057129,18.29924055529285,18.129238346493068,18.16846975335771,1270800
2012-08-31,18.38205337524414,18.517184085172197,18.30359225978293,18.3079505639818,1661400
2012-09-04,18.212064743041992,18.382067001097198,18.098730458619006,18.382067001097198,1299200
2012-09-05,18.386423110961914,18.47796251333492,18.16847120273604,18.225139164470274,1588400
2012-09-06,18.608734130859375,18.66976206458968,18.477963312833918,18.477963312833918,1249800
2012-09-07,18.64796257019043,18.717707106209936,18.608731164751898,18.687193975628958,968600
2012-09-10,18.608734130859375,18.743864918429008,18.54334955326723,18.56950271916762,1056000
2012-09-11,18.722070693969727,18.78745527377862,18.613094731447017,18.682839280947903,956200
2012-09-12,18.756940841674805,18.83540366229868,18.552067177015672,18.669761407951487,2764400
2012-09-13,18.979257583618164,19.088233566533507,18.700279333409533,18.748227369105393,1689200
2012-09-14,18.86591339111328,19.06207040726393,18.81360540775338,19.00540245530023,2156600
2012-09-17,18.80925178527832,18.896431224971238,18.739507235819254,18.83104664520155,1241200
2012-09-18,18.796171188354492,18.835402596446414,18.63052894338061,18.78309460660419,1651600
2012-09-19,18.730785369873047,18.83104303658035,18.61744945944503,18.79616993711299,1925600
2012-09-20,18.6043758392334,18.68719696938703,18.521554709079762,18.63053066799615,1768200
2012-09-21,18.5302791595459,18.817975746247694,18.512844262504785,18.791822569265083,1973600
2012-09-24,18.56950569152832,18.722073056013294,18.43437654517017,18.48232624078426,1075000
2012-09-25,18.403860092163086,18.67847830569042,18.403860092163086,18.582580594565172,1291800
2012-09-26,18.438732147216797,18.45616869994387,18.1597539549484,18.403860704603844,1619400
2012-09-27,18.460527420043945,18.656684485512574,18.31668001392777,18.63488962553633,1294800
2012-09-28,18.443092346191406,18.512836895125904,18.290525002193867,18.382064410887665,1392200
2012-10-01,18.512840270996094,18.639251145787924,18.4212991827683,18.530275164278112,1981200
2012-10-02,18.390785217285156,18.530274334342945,18.316682351341335,18.486684608827925,1120200
2012-10-03,18.55206298828125,18.643602370727393,18.32103288512194,18.430008815512323,819400
2012-10-04,18.634889602661133,18.739507258396387,18.591299882762158,18.643607879209174,770800
2012-10-05,18.65232276916504,18.940019191650116,18.65232276916504,18.735143887072237,1390200
2012-10-08,18.600013732910156,18.64796341537948,18.58257884524575,18.621810252462378,1124400
2012-10-09,18.421300888061523,18.687202573615107,18.421300888061523,18.61745800550611,1026600
2012-10-10,18.111806869506836,18.32975882139703,18.055138896419784,18.281809125926557,2122200
2012-10-11,18.094377517700195,18.21207181811633,18.055146084228152,18.21207181811633,1482200
2012-10-12,18.00718116760254,18.09000226610186,17.920000101221895,18.063847447335505,1651600
2012-10-15,18.207706451416016,18.22078303655732,17.93308652355847,18.011549360089194,1065400
2012-10-16,18.477968215942383,18.51284133018467,18.23386306761281,18.27309282687297,1172800
2012-10-17,18.756940841674805,18.844121938239233,18.438731252629584,18.525912349194012,1321800
2012-10-18,18.722070693969727,18.78745527377862,18.508477075775076,18.64360786792608,1356800
2012-10-19,18.59565544128418,18.74386279501421,18.512834320580126,18.72206793828588,1294800
2012-10-22,18.608734130859375,18.682838647539874,18.464886729883723,18.54334955326723,784000
2012-10-23,18.307954788208008,18.408212436316845,18.207697140099167,18.368981038114207,1131600
2012-10-24,18.277450561523438,18.416939675744366,18.17719286460473,18.390784843262413,1318200
2012-10-25,18.525911331176758,18.7438632291906,18.412577075859605,18.7438632291906,1715000
2012-10-26,18.661046981811523,18.73950981862239,18.538992756304918,18.556429311783212,2103400
2012-10-31,18.669757843017578,18.905144597101703,18.53026711744516,18.70462927728009,1242800
2012-11-01,18.93130111694336,18.944377698108894,18.61744986624297,18.643604691414986,1411800
2012-11-02,18.909515380859375,19.070799390105723,18.835410838551542,19.009773098112063,1486400
2012-11-05,18.835405349731445,18.861560179896273,18.669763080544634,18.791815628964653,1778800
2012-11-06,19.192848205566406,19.21028476066713,18.83976711040455,18.896433420219775,1762400
2012-11-07,19.162338256835938,19.271314250102076,18.83105196895722,19.092593687659274,2111600
2012-11-08,18.974891662597656,19.21899838639928,18.974891662597656,19.166690396599297,1541400
2012-11-09,19.1143856048584,19.323620942950143,18.857202233913796,18.966178210367584,1958600
2012-11-12,19.048995971679688,19.19720332691868,19.00540459493822,19.14053536857527,1240200
2012-11-13,18.905149459838867,19.184127657060223,18.883354599963678,18.974894009144204,1869200
2012-11-14,18.74386215209961,19.070789980333906,18.739503846039824,18.89206950074613,1929000
2012-11-15,18.848482131958008,19.00104780563071,18.743864482267348,18.743864482267348,2329400
2012-11-16,18.892074584960938,18.90515116950037,18.578223253283586,18.817970059274288,5891600
2012-11-19,19.463102340698242,19.563359999732473,18.905144431809305,19.022838639242735,3337200
2012-11-20,19.506696701049805,19.524133253607484,19.29746305888116,19.44131046037909,2441600
2012-11-21,19.445661544799805,19.567714031252823,19.31489078605151,19.511046092753745,1431800
2012-11-23,19.64618682861328,19.64618682861328,19.406440038285986,19.532852556712815,722600
2012-11-26,19.519779205322266,19.532857455128365,19.284392325754272,19.4674711946229,2316400
2012-11-27,19.454383850097656,19.528486685708803,19.245150260157008,19.458742155728586,2134800
2012-11-28,19.502334594726562,19.524129449756824,19.29309933048167,19.410793543054105,1762000
2012-11-29,19.546024322509766,19.65961246121888,19.388747156169455,19.572236072522486,1451000
2012-11-30,19.52418327331543,19.624665559137586,19.480495902633226,19.554764766106242,2490800
2012-12-03,19.19651985168457,19.66835137734818,19.1790459062114,19.624662347250016,2659800
2012-12-04,19.091670989990234,19.253316247447128,19.07419537659862,19.240210370686526,2399200
2012-12-05,19.05234718322754,19.218362138017753,18.92565151597801,19.069822792482473,2148800
2012-12-06,19.305747985839844,19.314485795506883,18.960613670109147,19.074201862647076,1772400
2012-12-07,19.288270950317383,19.34506420422595,19.174681109367206,19.33195832510344,925400
2012-12-10,19.458646774291992,19.48922825852851,19.227099108059342,19.296999881537943,1839600
2012-12-11,19.550390243530273,19.60281540436053,19.38874502547359,19.484857542568093,1871200
2012-12-12,19.428071975708008,19.61156094426995,19.380014864922796,19.59408532824506,1964600
2012-12-13,19.463014602661133,19.650873241541262,19.419327244739844,19.419327244739844,1297400
2012-12-14,19.331954956054688,19.46738846079541,19.244578555143452,19.401855743470428,2932600
2012-12-17,19.310110092163086,19.345059650451596,19.17904633209045,19.23147150280628,2651200
2012-12-18,19.310110092163086,19.454279728273143,19.165938789486898,19.279528603698342,2607800
2012-12-19,19.471757888793945,19.55913429579857,19.345062181965552,19.345062181965552,1719400
2012-12-20,19.860576629638672,19.860576629638672,19.43680390195487,19.46738538746094,2139400
2012-12-21,19.572235107421875,19.86494574513643,19.49796626396001,19.611554397068133,3783000
2012-12-24,19.668354034423828,19.755730439858088,19.515444908272297,19.567871751472644,805400
2012-12-26,19.620288848876953,19.78630378418389,19.607182976756754,19.712033286849618,1389800
2012-12-27,19.502330780029297,19.650870106456058,19.30136629914768,19.642132302952646,1422800
2012-12-28,19.34943199157715,19.44991427671152,19.27079339163436,19.375643747180508,1152000
2012-12-31,19.550390243530273,19.55475831253037,19.244573749983118,19.288262772813177,1424600
2013-01-02,20.118343353271484,20.127081161809564,19.803790578733473,19.843108217304977,1903400
2013-01-03,20.288715362548828,20.336772449954637,20.08338280713172,20.14017603173344,2478800
2013-01-04,20.31493377685547,20.354253070182992,20.175132215372287,20.354253070182992,1619600
2013-01-07,20.135820388793945,20.27999007341171,20.122714508346885,20.22756488505677,1119000
2013-01-08,19.83873748779297,19.978539072534737,19.703303973451607,19.869318980294835,2208200
2013-01-09,19.926109313964844,20.05717306120842,19.851838801701703,19.904265633851907,1241400
2013-01-10,19.926109313964844,19.996010090265816,19.82999512158877,19.943584924681577,1175200
2013-01-11,19.83436393737793,19.952320137828647,19.764463164319853,19.94358399944154,1048200
2013-01-14,19.917369842529297,20.048433578809462,19.773198566025034,19.829993462820575,1459400
2013-01-15,19.996007919311523,20.030957470384575,19.76009219994673,19.80814929091724,1155200
2013-01-16,19.882427215576172,19.96543556212349,19.760101231064187,19.93048432851061,1337400
2013-01-17,20.231929779052734,20.323674253350386,19.886793899666756,19.917375391099306,1615400
2013-01-18,20.380460739135742,20.40230441447483,20.135807242267404,20.179494592945577,1666000
2013-01-22,20.332408905029297,20.52900536699042,20.284351806931465,20.38046600312713,1407600
2013-01-23,20.323665618896484,20.428515925958067,20.22318338022681,20.293084140456394,1096200
2013-01-24,20.323665618896484,20.485310814446347,20.240658986925602,20.35424709733658,1658400
2013-01-25,20.36298370361328,20.39356518025559,20.26686953898575,20.39356518025559,1112200
2013-01-28,20.140180587768555,20.367358537263755,20.127074712444266,20.367358537263755,1257800
2013-01-29,20.19260597229004,20.205711846673275,20.083385908253966,20.153286682574418,2269200
2013-01-30,20.065914154052734,20.367360988756904,20.061544417374655,20.24066695671866,2094800
2013-01-31,19.449909210205078,19.943584366455966,19.327583271743798,19.72514423830887,3333200
2013-02-01,19.917369842529297,19.974164739324838,19.397482966439444,19.537284507347064,4103000
2013-02-04,19.637771606445312,19.864949583119106,19.56350108206819,19.816892479092655,1981200
2013-02-05,19.895523071289062,19.930472617799804,19.70766446741782,19.72077033903865,1675800
2013-02-06,19.803775787353516,19.873676536882925,19.672710423741215,19.803775787353516,1649800
2013-02-07,19.751358032226562,20.009117476792312,19.733882420189474,19.83873442584592,1360000
2013-02-08,19.816890716552734,19.886791498037894,19.73825212906117,19.77757142280695,1242200
2013-02-11,19.720775604248047,19.812520063219672,19.52417914461884,19.808151993701696,1868000
2013-02-12,19.61155891418457,19.79941760058983,19.61155891418457,19.78631172321105,1978800
2013-02-13,19.746994018554688,19.75136208917812,19.550397509171518,19.74262428136482,1668400
2013-02-14,19.751358032226562,19.799415132045514,19.663981638607208,19.685826986936615,1828200
2013-02-15,19.895523071289062,20.127069024940127,19.799408901894783,19.930472617799804,2723400
2013-02-19,19.698936462402344,19.94795814645498,19.659617161416854,19.91300858256032,2116800
2013-02-20,19.454280853271484,19.7513596154508,19.441174976476173,19.668352951470137,1933600
2013-02-21,19.248947143554688,19.397486516273187,19.20525811242211,19.366905027763448,1897600
2013-02-22,19.371274948120117,19.467389159227388,19.205259947089274,19.340693456688946,2407400
2013-02-25,18.9868221282959,19.537292375554326,18.9868221282959,19.49360333482227,1505400
2013-02-26,19.13973045349121,19.174680018017554,18.899444906144485,19.047984305155904,1403800
2013-02-27,19.41577911376953,19.48150518773958,19.03017979467979,19.126580042333725,1464200
2013-02-28,19.4596004486084,19.595437036842807,19.385110548675115,19.398255431833615,2080800
2013-03-01,19.376344680786133,19.428925879369114,19.24050810696009,19.428925879369114,1783000
2013-03-04,19.275564193725586,19.345673018733613,19.139727613979808,19.310617770466482,1821400
2013-03-05,19.363201141357422,19.463982484130543,19.258038727823045,19.33252863144936,1288000
2013-03-06,19.39824867248535,19.53846628240478,19.341284746103785,19.485885096566435,1473600
2013-03-07,19.481510162353516,19.569146621550928,19.446456581590407,19.446456581590407,1284800
2013-03-08,19.65239715576172,19.661160967414812,19.525326065607263,19.560379640693476,1505800
2013-03-11,19.735654830932617,19.753182456281685,19.507800715973822,19.60858205444142,1498600
2013-03-12,19.757568359375,19.77947706065682,19.617350665339224,19.74880454455692,1125000
2013-03-13,20.059904098510742,20.077431720850786,19.643633932854158,19.779468827174323,2645600
2013-03-14,20.165067672729492,20.173831483687298,19.99417753786733,20.11248647850868,1815600
2013-03-15,20.160686492919922,20.22641424443103,20.042379214641777,20.1343967295364,3144000
2013-03-18,20.073049545288086,20.18259467158987,19.950357867192427,19.959121677879686,1521600
2013-03-19,20.151920318603516,20.226410195312923,19.985411273894613,20.138773768017405,1855000
2013-03-20,20.24831771850586,20.31842652200076,20.165064036707452,20.243936649579933,1335200
2013-03-21,20.0905704498291,20.27022434498684,20.077425572862246,20.143153300747628,1543800
2013-03-22,20.099336624145508,20.169445428763606,19.95035520539133,20.12562805269945,1475600
2013-03-25,20.186969757080078,20.274606166448347,20.11686096389056,20.156297264530004,1218200
2013-03-26,20.36663818359375,20.371020926529965,20.143166768120345,20.270237897317113,1354800
2013-03-27,20.743459701538086,20.769751126651887,20.156297912867448,20.248315393477455,2041200
2013-03-28,20.8486328125,20.870541507209214,20.651451217064537,20.73908766742766,1638800
2013-04-01,20.725936889648438,20.896827013691432,20.629538318267674,20.80480951174919,828400
2013-04-02,21.037050247192383,21.045814059932457,20.73470622952846,20.760997667748683,1900400
2013-04-03,20.58133888244629,21.063336769984797,20.463029945353895,21.01513664692575,1654200
2013-04-04,20.65582847595215,20.704028598334222,20.550666092142126,20.616392164141903,1136400
2013-04-05,20.59009552001953,20.620768011003147,20.36662260396702,20.480550431785073,1364800
2013-04-08,20.712791442871094,20.7171725121897,20.445501083237495,20.594482512958226,1246400
2013-04-09,20.778518676757812,20.866155111776166,20.655828670647697,20.721556414792953,1199600
2013-04-10,21.10715675354004,21.10715675354004,20.835485274616136,20.866157780065954,1317800
2013-04-11,21.089624404907227,21.25175069475757,21.072096786673224,21.124677969849557,1502000
2013-04-12,20.984464645385742,21.159737520409426,20.769757128584043,21.032664769593556,1252000
2013-04-15,20.327192306518555,20.760991719468347,20.292138737127903,20.739083029658456,1940800
2013-04-16,20.56381607055664,20.71717861477141,20.31405325767752,20.427979480304725,1956800
2013-04-17,20.410451889038086,20.48494178410223,20.09934241190355,20.436741653636616,1702400
2013-04-18,20.134401321411133,20.590109601284574,20.090582253234913,20.524381834783515,1336400
2013-04-19,20.3447265625,20.43236302184848,20.182600199197488,20.204508896153,1578800
2013-04-22,20.47179412841797,20.537520202536385,20.213267558556446,20.392921502255064,916200
2013-04-23,20.585723876953125,20.63392400920212,20.401688831849278,20.54628755706997,967800
2013-04-24,20.743459701538086,20.861768607261894,20.664587097722215,20.677731974516348,1159800
2013-04-25,19.757568359375,20.274621732954458,19.38511542300374,19.586678149239322,8185000
2013-04-26,19.2930908203125,19.753181776496994,19.192309485313185,19.69621783183606,4464000
2013-04-29,19.481510162353516,19.586674247695697,19.157257436307447,19.293092360113327,3415800
2013-04-30,19.332529067993164,19.520946873983842,19.22298390969749,19.459601852782498,3751200
2013-05-01,19.582294464111328,19.63049460752885,19.336914347115478,19.336914347115478,2916400
2013-05-02,19.696216583251953,19.84519804109502,19.604199066458754,19.604199066458754,1790200
2013-05-03,19.867107391357422,20.200123893790973,19.792615824211317,19.84081595503652,2667000
2013-05-06,19.893396377563477,19.919686139120227,19.76632362495237,19.76632362495237,2336200
2013-05-07,19.93283462524414,20.011705589092248,19.77070661279351,19.845198177992,1941000
2013-05-08,19.902156829833984,19.98979326115443,19.827666949703442,19.84519457027271,1695200
2013-05-09,20.10810089111328,20.138773389361123,19.85395709541318,19.924065901626218,2426800
2013-05-10,20.143157958984375,20.24393927259622,20.016085213833207,20.151921769497484,2505800
2013-05-13,19.98103141784668,20.099340361046988,19.932832963825277,20.020467732246782,2454600
2013-05-14,20.00732421875,20.125633170036494,19.941596466415447,19.963506831544418,2402600
2013-05-15,19.967891693115234,20.038000528871994,19.836437835012124,19.93721918194206,2850400
2013-05-16,19.83205223083496,20.020470013154316,19.805762465923774,19.8583436672724,3236600
2013-05-17,20.046754837036133,20.125627448805545,19.919682110127003,19.954737347147056,5067400
2013-05-20,20.182594299316406,20.226411680418504,20.03799393293278,20.03799393293278,1574400
2013-05-21,20.283382415771484,20.41921734566027,20.151928556851864,20.18260106821556,3203600
2013-05-22,20.00732421875,20.375395954465915,19.963506831544418,20.23079556794037,2164000
2013-05-23,19.83205223083496,20.11248920492223,19.805762465923774,19.880252361873808,2594600
2013-05-24,19.450830459594727,19.805757235908143,19.407013081962567,19.674303431485853,3058800
2013-05-28,19.499038696289062,19.761946414594714,19.43769367345284,19.59982004402378,3384800
2013-05-29,19.253650665283203,19.45083222558213,19.179160782240253,19.415778654598967,2479800
2013-05-30,19.143781661987305,19.363522032263386,19.134991845997945,19.275625548855757,2314000
2013-05-31,18.967992782592773,19.26683988468581,18.963598711894203,19.055889284941255,3451400
2013-06-03,19.055896759033203,19.073476401695245,18.576862393658068,18.954816328456964,3672600
2013-06-04,19.055896759033203,19.192134798446528,18.9284468644639,19.00315950753408,2811600
2013-06-05,18.774616241455078,19.029514178411095,18.739456980365507,18.959197332717796,2414000
2013-06-06,18.818565368652344,18.827355184731537,18.638378330243867,18.743854446708195,1706000
2013-06-07,19.152570724487305,19.17454442535324,18.875697399415955,18.897671100281894,2095200
2013-06-10,19.086650848388672,19.18773122893453,19.025123806011727,19.183337158687394,908200
2013-06-11,18.85372543334961,18.998753213598047,18.774618761764618,18.875699136237426,1777800
2013-06-12,18.65156364440918,18.9811742284327,18.62080012401921,18.946016637909644,2328800
2013-06-13,19.07347297668457,19.12181447059404,18.616412408467543,18.616412408467543,2075000
2013-06-14,19.04709815979004,19.15696836106329,18.9811753684316,19.077861682027653,1884000
2013-06-17,19.016332626342773,19.200913740246733,18.941620025605896,19.152572265047635,1499400
2013-06-18,18.981176376342773,19.073468624442604,18.910859510853477,19.011939900213946,1196200
2013-06-19,18.994359970092773,19.288811289870946,18.954806632579242,19.038307377780633,2038000
2013-06-20,18.735065460205078,18.849329721322146,18.62079952260194,18.849329721322146,2187000
2013-06-21,18.69991111755371,18.893283777796604,18.581251078719166,18.85812450266644,2734200
2013-06-24,18.471376419067383,18.568062725950252,18.25603177835604,18.4845619823153,1844600
2013-06-25,18.51532554626465,18.603222036685764,18.33074274873169,18.58564240330432,1943000
2013-06-26,18.471376419067383,18.655959216163215,18.343928268569,18.57685254262016,1197600
2013-06-27,18.51972007751465,18.61201064033614,18.466982852543246,18.590036936305236,1943400
2013-06-28,18.256027221679688,18.568058091391475,18.247237407203702,18.466977739646207,4021200
2013-07-01,18.39227867126465,18.633994555776116,18.317567708042503,18.326357528978097,1572400
2013-07-02,18.537296295166016,18.594429256306473,18.28679242710857,18.383478718809986,2006400
2013-07-03,18.49335289001465,18.581247708926924,18.427430099344235,18.48016732598884,1095600
2013-07-05,18.69552230834961,18.735075665760274,18.524124985065733,18.52851905745048,1086400
2013-07-08,18.831754684448242,18.89767748580728,18.70870057683029,18.7350700326712,1810600
2013-07-09,19.19651985168457,19.22728337095922,18.88448891247823,18.90206686885941,2258200
2013-07-10,19.403076171875,19.425049874518084,19.13499264076563,19.200913748694887,2259000
2013-07-11,19.868925094604492,19.89529454418721,19.640394894345874,19.684343976983733,2261800
2013-07-12,19.943639755249023,19.987587165936656,19.785426394395536,19.838163622517946,1627200
2013-07-15,19.82497787475586,19.939242137715915,19.776634721642957,19.926058251043703,1143800
2013-07-16,19.67994499206543,19.87331757087963,19.653577223307718,19.820578680392593,1320800
2013-07-17,19.539323806762695,19.759064294944427,19.526139913947592,19.710721119306545,1404000
2013-07-18,19.851348876953125,19.91727167400882,19.60963474855953,19.65358383875878,2756800
2013-07-19,19.851348876953125,19.939245380865263,19.728294777367957,19.934851310088522,1247200
2013-07-22,20.066692352294922,20.132615139904335,19.807398624976628,19.85574177902538,2044200
2013-07-23,20.062299728393555,20.158984366974707,20.009560823909744,20.10185306851329,2442400
2013-07-24,19.991979598999023,20.11942773946168,19.917267001431004,20.079874405804723,2280600
2013-07-25,19.877716064453125,20.15019368667289,19.745872161862025,19.926059219916638,1728800
2013-07-26,19.754667282104492,19.899695110942044,19.596453885927797,19.855747690442573,1466400
2013-07-29,19.719505310058594,19.80300774467916,19.631608804583134,19.74587476464715,905000
2013-07-30,19.754667282104492,19.82498416079562,19.66237669316363,19.697534294265882,1762600
2013-07-31,19.684343338012695,19.86892444964179,19.64039425680146,19.772239823949132,1437800
2013-08-01,20.027143478393555,20.106250170560582,19.723902276077617,19.794219149505366,1900800
2013-08-02,20.150190353393555,20.185349615727706,19.974399071180514,19.974399071180514,1265000
2013-08-05,19.899688720703125,20.172168005057802,19.82937186459233,20.101851148947002,1418000
2013-08-06,19.460205078125,19.93923911356552,19.420651747621257,19.886501898389145,3109000
2013-08-07,19.50855255126953,19.596449047051152,19.315181601738942,19.43823568994148,1853800
2013-08-08,19.58326530456543,19.789820143223654,19.530526400813937,19.561289923092527,1555600
2013-08-09,19.63160514831543,19.75026515713463,19.50415699942318,19.587657742005838,1537000
2013-08-12,19.759050369262695,19.860130721408975,19.57446929399184,19.57446929399184,1359200
2013-08-13,19.90409278869629,19.921672429195173,19.72829973668104,19.78982680194034,1326200
2013-08-14,19.95242691040039,20.000768385112007,19.829371159219278,19.860134677893047,1384200
2013-08-15,19.62281608581543,19.88650386424975,19.561287372793814,19.846950529836004,1793600
2013-08-16,19.78103256225586,19.912878160054035,19.649188640944104,19.72829532902844,7444000
2013-08-19,20.013954162597656,20.013954162597656,19.666763960711133,19.72389692878404,2413000
2013-08-20,20.29522705078125,20.43146672629918,19.965616392758367,20.00956380990015,3315000
2013-08-21,19.97439956665039,20.229297518952173,19.97439956665039,20.180954370286504,2090200
2013-08-22,20.229299545288086,20.251274925236224,19.94803211740749,19.94803211740749,1126000
2013-08-23,20.084270477294922,20.273247332662358,19.95682065828228,20.145797513649715,1148000
2013-08-26,20.000770568847656,20.150194108643,19.94363927163636,20.075483176988435,1241200
2013-08-27,19.807403564453125,19.908483967904683,19.767850217321076,19.785429855265665,1345400
2013-08-28,19.56568717956543,19.846954648662916,19.548107543625246,19.803007235298818,1221600
2013-08-29,19.750802993774414,19.878624360248967,19.49515689803433,19.5304191242311,1386400
2013-08-30,19.578907012939453,19.799290937072833,19.526015341938294,19.75080788613605,1337000
2013-09-03,19.521608352661133,19.909482847525286,19.367338597330157,19.8125150645072,1259000
2013-09-04,19.62298583984375,19.64943251743482,19.3849707857121,19.490755814680387,945000
2013-09-05,19.578907012939453,19.65824536013914,19.517199783205452,19.605353689137985,1232800
2013-09-06,19.570100784301758,19.684699729826306,19.43786903302408,19.59213884904918,890400
2013-09-09,19.847782135009766,19.887451321532225,19.503983639412745,19.539245885831132,1096400
2013-09-10,19.971193313598633,20.112238901149514,19.887446340030525,19.94474663540933,1347200
2013-09-11,19.940343856811523,20.03290472769216,19.905081611868585,19.980013041674137,1324000
2013-09-12,19.67587661743164,19.975598890894688,19.6185763259589,19.93152277831315,1261400
2013-09-13,19.596548080444336,19.73318678808711,19.508394129752123,19.65825534150986,1064400
2013-09-16,20.129859924316406,20.173937702874177,19.825730818546763,19.847768867127986,1428600
2013-09-17,20.178356170654297,20.275325657497838,20.019679439963515,20.129871427232526,1679400
2013-09-18,20.47808265686035,20.58386772587192,19.949160674595774,20.138691065585554,1951000
2013-09-19,20.31058120727539,20.627932882679502,20.30617258765554,20.47366482389943,1113200
2013-09-20,20.182764053344727,20.43400164061489,20.01527176803254,20.341440778230353,3180400
2013-09-23,20.112234115600586,20.433994390727943,20.07697188640522,20.0901960630513,1313400
2013-09-24,20.028486251831055,20.1739404185588,20.028486251831055,20.085786530971884,792200
2013-09-25,20.010860443115234,20.134274899248204,19.702322621386948,19.75521429095881,2856600
2013-09-26,20.041715621948242,20.2444684389673,19.91829947478343,20.068160618100993,878200
2013-09-27,19.83455467224121,19.980008880241076,19.786069936241255,19.887446347242964,2683200
2013-09-30,19.78166389465332,19.883040310254064,19.57890938205572,19.680287479052573,2943000
2013-10-01,20.019672393798828,20.07697267780215,19.733174336573615,19.781659062930604,1397000
2013-10-02,20.050527572631836,20.09901061731837,19.781658950827282,19.91388895198154,2639000
2013-10-03,19.790483474731445,20.068166098544015,19.61417560571698,20.05494359685669,1908800
2013-10-04,19.918296813964844,19.971190161996486,19.689097350015032,19.78165986837252,1561800
2013-10-07,19.786067962646484,19.896259922056544,19.645022389113283,19.75521434852334,1026800
2013-10-08,19.684694290161133,19.85218656247059,19.649433732588463,19.697916789076373,2033400
2013-10-09,19.67587661743164,19.786068580281412,19.52160854200033,19.702323293818115,1755200
2013-10-10,19.728776931762695,19.984423204639942,19.61858492063905,19.84337756491341,4138400
2013-10-11,20.046117782592773,20.05493333967439,19.67587279214296,19.764026681563504,2138200
2013-10-14,20.08579444885254,20.11224112997264,19.843372423471692,19.944748845671093,1486000
2013-10-15,19.737581253051758,20.063750160025595,19.737581253051758,20.002042937964635,2371200
2013-10-16,19.931522369384766,19.935929307994137,19.737583442654763,19.865406520473012,2077600
2013-10-17,20.288541793823242,20.306172909790874,19.860998160680644,19.905074269203958,2549000
2013-10-18,20.350252151489258,20.381107449881053,20.169537388487154,20.376698829512502,1150400
2013-10-21,20.288541793823242,20.42518042047874,20.18275846080898,20.337026522036346,733000
2013-10-22,20.530963897705078,20.601486674899697,20.345840556696935,20.37228722866828,994600
2013-10-23,20.27972412109375,20.407547176436196,19.953556916683716,20.354655515444545,3513800
2013-10-24,21.095151901245117,21.152452198868218,20.663199562277644,20.71609123933184,3138000
2013-10-25,21.42131996154785,21.49184276057713,21.126006266049053,21.139228765430744,2413800
2013-10-28,21.496248245239258,21.553548536527373,21.341978488909092,21.430132395184057,1981200
2013-10-29,21.535913467407227,21.60202762393535,21.505059858081648,21.54032040528419,1574800
2013-10-30,21.39927864074707,21.668147296505452,21.35520252859477,21.58440201085772,2437200
2013-10-31,21.549142837524414,21.681372874163255,21.315536383415925,21.399281680961426,2884600
2013-11-01,21.544734954833984,21.703411664410865,21.41691186307527,21.566773013076094,2088800
2013-11-04,21.8091983795166,21.844460623258275,21.56236771751386,21.62407664406179,1711800
2013-11-05,21.853275299072266,21.945836163050686,21.58881352591016,21.8047905565894,1906200
2013-11-06,22.0560245513916,22.126547343121715,21.857678674214412,21.90175478852224,2394600
2013-11-07,21.756303787231445,22.192663066132326,21.73867266771728,22.047210533630732,1888600
2013-11-08,21.81800651550293,21.94142096380661,21.73866817548035,21.7607062296209,1761200
2013-11-11,21.914974212646484,21.998719484218036,21.769520040479687,21.83563587899107,1307000
2013-11-12,21.747486114501953,21.90175419177204,21.66374082704047,21.87971613521859,1684600
2013-11-13,21.804790496826172,21.804790496826172,21.52710622425574,21.632891269509894,2466000
2013-11-14,21.83563995361328,21.928200799684966,21.73426354866868,21.89734718432774,1543800
2013-11-15,22.11332130432129,22.223513262221385,21.9237926836173,22.126545482618475,2508400
2013-11-18,22.17943572998047,22.324889912155395,22.05602128308955,22.108912948700553,1241200
2013-11-19,22.263181686401367,22.342520027935777,22.13095167764262,22.18384502626275,1038200
2013-11-20,21.97667694091797,22.351328798867492,21.959045830065097,22.263174925998406,1553800
2013-11-21,22.17943572998047,22.263181007314202,22.025167671366816,22.042797105639995,1234600
2013-11-22,22.04279899597168,22.241144860767225,21.976684828637083,22.17943763202992,1672000
2013-11-25,22.126541137695312,22.232324454925376,22.08246335435319,22.122132518663342,1121200
2013-11-26,22.157400131225586,22.27640765308368,22.029577050556234,22.14858457241433,1672200
2013-11-27,22.28113555908203,22.365099666723285,22.12646749619886,22.219268333928763,912200
2013-11-29,22.086694717407227,22.36509890689392,22.06901788631957,22.338583660262437,1028600
2013-12-02,22.183910369873047,22.396027235624413,21.9806319175807,22.099946284889906,1367400
2013-12-03,21.971792221069336,22.17507066149115,21.817122523201075,22.135298646125587,2034600
2013-12-04,21.932025909423828,22.073437181776217,21.808289781798987,21.92760585892544,1821400
2013-12-05,21.799457550048828,21.99389766821205,21.76852224744344,21.86132478374823,1264400
2013-12-06,22.11762046813965,22.17948766920291,21.914342040144703,22.007142841739597,1304400
2013-12-09,22.254615783691406,22.307644578194633,22.0469172837342,22.113204541179474,1300200
2013-12-10,22.343006134033203,22.493255843062215,22.14414597711898,22.175079591999463,1956400
2013-12-11,22.038087844848633,22.378359312508923,21.980640663140704,22.316492079435356,1561400
2013-12-12,22.03365707397461,22.122039508214417,21.91875940373644,22.024818661975154,1196400
2013-12-13,22.055755615234375,22.206005270564916,21.927601150385247,22.046917201890817,1251000
2013-12-16,22.33858299255371,22.378355018434437,22.029245200787543,22.086694057227557,1486800
2013-12-17,22.148557662963867,22.360674537783957,21.954117615817555,22.31206579031368,1431800
2013-12-18,22.616989135742188,22.652341114172202,22.104372805340777,22.183916864002676,2413800
2013-12-19,22.426963806152344,22.57279511888195,22.285552543614365,22.54627987499787,1784200
2013-12-20,22.50650978088379,22.563958638011787,22.325326479869677,22.471156119341835,2037400
2013-12-23,22.488828659057617,22.58162947426504,22.409284621521245,22.57721111029304,891400
2013-12-24,22.61256217956543,22.718621453978773,22.488827764212342,22.488827764212342,498400
2013-12-26,22.758399963378906,22.811428772835445,22.519767792191292,22.65234065871037,1080600
2013-12-27,22.79374885559082,22.877711260134674,22.70978476529186,22.79374885559082,759600
2013-12-30,22.886552810668945,22.899809590636053,22.714207928075176,22.776075148928804,1067000
2013-12-31,22.8291015625,22.966094455575465,22.705367133757747,22.86887358398932,1421000
2014-01-02,22.718624114990234,22.811424937374724,22.594889685144246,22.647918485684645,1234800
2014-01-03,22.82468605041504,22.926325298976398,22.7274651666801,22.749560362322942,859800
2014-01-06,22.740720748901367,22.895390481763766,22.572795922258006,22.82468484797833,1520000
2014-01-07,22.997024536132812,23.0323765021714,22.78932604623334,22.78932604623334,1309600
2014-01-08,22.997024536132812,23.06773015396488,22.89096526650726,22.96167088433933,1178600
2014-01-09,23.050067901611328,23.178222441756834,22.890979739466008,23.07216310507463,1357600
2014-01-10,22.948421478271484,23.125186422501727,22.833523758795195,23.125186422501727,1013000
2014-01-13,22.440216064453125,22.9351570693814,22.40928246236447,22.873288179449204,1747000
2014-01-14,22.630245208740234,22.63908362451002,22.440223484078427,22.440223484078427,1494800
2014-01-15,22.52860450744629,22.72746463509131,22.46231892206817,22.661177363957858,1195000
2014-01-16,22.51976203918457,22.533020502478227,22.387189206533186,22.524182088867466,1021600
2014-01-17,22.329744338989258,22.599310101998114,22.31206919437393,22.594891737283117,1335400
2014-01-21,22.343006134033203,22.453483811679373,22.175079591999463,22.41813014566992,1882000
2014-01-22,22.426963806152344,22.453479050036425,22.28113249342274,22.40486861245989,1325400
2014-01-23,22.09994125366211,22.44021250847123,21.99388368780878,22.35625012835779,1642000
2014-01-24,21.47685432434082,22.011567427497404,21.46801759587175,21.95853694215211,1663200
2014-01-27,21.445920944213867,21.945280395754075,21.401730558380645,21.5254649873178,2423400
2014-01-28,21.33103370666504,21.52989389624978,21.26032804878556,21.472445022423997,2578600
2014-01-29,21.68455696105957,21.84806344086158,21.101234997558187,21.158683858044746,3253200
2014-01-30,22.80258560180664,23.306365086731702,22.409285449323257,22.89096805630692,5109600
2014-01-31,22.621408462524414,22.87771748149857,22.431386723838212,22.51976920230363,3363600
2014-02-03,22.608152389526367,22.997034295512176,22.586057190656227,22.670019620665006,4389000
2014-02-04,22.621408462524414,22.784916637699887,22.192756223463817,22.709790940989834,4138200
2014-02-05,22.82468605041504,22.95725891002745,22.22368728869973,22.515348254149174,3344200
2014-02-06,22.9837703704834,22.98819042066133,22.674434288236753,22.82468396493736,2677400
2014-02-07,23.332881927490234,23.363815538056414,22.908648109078037,22.970515330210397,2457000
2014-02-10,23.536161422729492,23.57151508531224,23.262177280734882,23.279854112026253,2242800
2014-02-11,23.836652755737305,23.94713038533783,23.438934300628326,23.47870631471471,1899400
2014-02-12,23.7968807220459,24.000160841517076,23.739433568444444,23.880844799356225,2726200
2014-02-13,24.075284957885742,24.247629791183847,23.642212850026308,23.66872808813173,2211200
2014-02-14,24.14158058166504,24.22996305357598,23.991330885143075,24.0531981097541,2998600
2014-02-18,24.247638702392578,24.38021157013161,24.106227418703547,24.128322615700807,2470000
2014-02-19,24.26531410217285,24.552556703450815,24.159254802787878,24.159254802787878,1760200
2014-02-20,24.19460678100586,24.353694876136053,24.06203393031578,24.25647399894421,2060800
2014-02-21,24.26972770690918,24.464169436685918,24.154831700386143,24.25647092924442,4473600
2014-02-24,24.25205421447754,24.46858946458381,24.22995902161539,24.269729357314162,1361400
2014-02-25,24.172510147094727,24.2962445756016,24.11064293284129,24.247634139901,1289200
2014-02-26,24.28299331665039,24.433243022170327,24.207867621012653,24.260898118788305,1195200
2014-02-27,24.4956111907959,24.4956111907959,24.26970303953749,24.30071000755819,1462400
2014-02-28,24.610776901245117,24.734804750769417,24.482318520093397,24.491177893595523,1199400
2014-03-03,24.469038009643555,24.539911330224758,24.269706267461036,24.33614905501971,1427000
2014-03-04,24.801258087158203,24.805686930618634,24.597495803158452,24.717094853630048,2276600
2014-03-05,24.699371337890625,24.805682147729357,24.637357402881783,24.805682147729357,1265800
2014-03-06,24.783533096313477,24.911991491128976,24.712659790510596,24.81454006199268,1265600
2014-03-07,24.845544815063477,24.951855609176786,24.73037633704741,24.85440418871898,2220600
2014-03-10,24.597488403320312,24.889840986604813,24.566481439165354,24.79682009413993,1351000
2014-03-11,24.398160934448242,24.663935423289605,24.33614530994913,24.619640238400372,2227600
2014-03-12,24.17224884033203,24.36715000129397,24.101375537277434,24.24755267531351,2072400
2014-03-13,24.163387298583984,24.44245164359405,24.039359451802923,24.251979341893033,2391200
2014-03-14,23.933059692382812,24.30071625015106,23.906483249968165,24.132391459259967,3553400
2014-03-17,24.154529571533203,24.189967067173143,23.977347162591894,24.017213500310426,1406400
2014-03-18,24.18111228942871,24.31399954383111,24.119098350024466,24.203259883536923,1387600
2014-03-19,23.91533088684082,24.287416105762908,23.795731885428083,24.194393533717914,1748000
2014-03-20,23.800167083740234,23.937484867908747,23.738153145648997,23.813455301973192,1913800
2014-03-21,23.937482833862305,24.057081857055437,23.747010503193945,23.96848980027316,4203400
2014-03-24,23.66727638244629,24.052649862808316,23.583114862983013,23.968488343345044,1668200
2014-03-25,23.729291915893555,23.87546906404524,23.65398976545392,23.73815129060756,1440400
2014-03-26,23.61411476135254,23.871029774798455,23.583107806104795,23.804587023447148,1675000
2014-03-27,23.742578506469727,23.77801600289791,23.4325088614873,23.569824935764423,1541800
2014-03-28,23.90647315979004,24.012782264085782,23.69828210339448,23.800162365741546,1053800
2014-03-31,24.278560638427734,24.318426978645302,23.91090420200431,23.96405875904343,2306400
2014-04-01,24.389305114746094,24.398164490965968,24.19440221741533,24.349438766633277,1496000
2014-04-02,24.539905548095703,24.58420072936459,24.20768661932051,24.340573852880016,1541800
2014-04-03,24.491178512573242,24.646213328396886,24.40258646506569,24.63292511268422,1242400
2014-04-04,24.44245719909668,24.93414154595132,24.32728700969219,24.650648294729596,1821200
2014-04-07,24.096946716308594,24.442453857784706,24.034931097547517,24.367150022736958,1859000
2014-04-08,24.274137496948242,24.37158895598462,24.039369916273415,24.11910262098438,1397000
2014-04-09,24.438024520874023,24.486750235978285,24.194397635105638,24.194397635105638,1263200
2014-04-10,24.251977920532227,24.593056168942898,24.207682746350095,24.477886012465227,1613400
2014-04-11,23.893178939819336,24.291842233319816,23.875461885471214,24.16781440412075,1790000
2014-04-14,23.853313446044922,23.990631183005835,23.74700435722244,23.902039149152102,1531400
2014-04-15,24.504474639892578,24.51776285989553,23.862184200281476,23.933057523219393,2461400
2014-04-16,24.823400497436523,24.880983899157467,24.63735700565655,24.641787537944605,1916800
2014-04-17,24.911989212036133,25.005010100563656,24.796819044547327,24.849973596598375,1693800
2014-04-21,24.854402542114258,24.911987622183652,24.752522286454646,24.88540950297794,1315600
2014-04-22,24.632930755615234,24.951861523802226,23.786879803121984,24.88984589351342,3091600
2014-04-23,24.570913314819336,24.699370020592497,24.362722238604874,24.570913314819336,1903000
2014-04-24,24.539905548095703,24.730377869107045,24.482320460643873,24.68608099808531,1261800
2014-04-25,24.783533096313477,24.796821313103734,24.464602375324073,24.562053804460366,1916400
2014-04-28,24.88983917236328,25.213198696232794,24.783530071510324,24.876550957194837,2858000
2014-04-29,24.845544815063477,25.049305339881844,24.774671515572187,24.98729141404606,1363200
2014-04-30,24.88983917236328,24.942995412542455,24.734804362889097,24.836684621936804,2390600
2014-05-01,25.222063064575195,25.780191868719516,25.11575394266877,25.21320368945749,3983600
2014-05-02,24.663938522338867,25.248643823061077,24.60192457980063,25.248643823061077,5576600
2014-05-05,25.022737503051758,25.03602572322265,24.59306702682399,24.61964515691911,3836000
2014-05-06,25.168907165527344,25.29293503107529,24.947427868618618,24.987294209652305,1596400
2014-05-07,25.629587173461914,25.673882361548056,25.146762188409284,25.27522059951345,2611400
2014-05-08,25.744752883911133,25.811197348586504,25.55871108642479,25.63401323595414,2062600
2014-05-09,25.97509002685547,25.9883782431079,25.629582886269613,25.78904824031011,2280000
2014-05-12,26.130125045776367,26.245293522807188,25.992807289919895,26.04153299973196,1945000
2014-05-13,26.037099838256836,26.22314328513454,25.948509490912993,26.116832502668345,2320600
2014-05-14,26.440196990966797,26.56865538450867,26.0769710911092,26.16556314492266,3573600
2014-05-15,26.333887100219727,26.48892192249848,26.152274155656258,26.40918924539717,2186000
2014-05-16,26.506641387939453,26.506641387939453,26.134556114649246,26.289590941123134,3803600
2014-05-19,26.750263214111328,26.82113650564551,26.413615501762106,26.42247487442295,1706800
2014-05-20,26.581945419311523,26.798995881512614,26.55093845181894,26.674968011542276,1455400
2014-05-21,26.564226150512695,26.73254919154815,26.426908384638963,26.58637374120127,1837000
2014-05-22,26.546504974365234,26.723689063175943,26.497779265454653,26.564223721196846,1705200
2014-05-23,26.674964904785156,26.723690616527985,26.542075985576417,26.58194232338848,2176800
2014-05-27,26.785707473754883,26.865440158099105,26.51550245344979,26.65281854001252,1474000
2014-05-28,26.621809005737305,27.12678318780967,26.6129513214447,26.887585157841627,2225800
2014-05-29,26.759429931640625,26.799382699155274,26.493079277153733,26.68840297754971,1683400
2014-05-30,26.79492950439453,26.91034760622186,26.65287567441541,26.77273391097565,1575200
2014-06-02,26.6706485748291,26.936999239959174,26.666208437474403,26.910363496079675,2294200
2014-06-03,27.092361450195312,27.1012400286279,26.639564110627408,26.639564110627408,2908000
2014-06-04,26.865964889526367,27.070167122824124,26.830450574127227,27.03909294355776,1517600
2014-06-05,27.08793067932129,27.101247704033877,26.706160165676316,26.79050414454963,970600
2014-06-06,27.118999481201172,27.22997918087978,27.03465551907513,27.070168142396053,1391400
2014-06-09,27.18114471435547,27.2654886667761,27.06572658507378,27.118996360633357,2326200
2014-06-10,27.25661277770996,27.37203091120786,27.09236161582644,27.238855620736224,2353400
2014-06-11,27.04353141784668,27.198904007775656,26.874843499751126,27.145634228030524,1219800
2014-06-12,26.892602920532227,27.074609568942073,26.78162321556486,27.025778227809887,1204000
2014-06-13,27.021333694458008,27.034652408409723,26.55965948391226,26.577414946821825,1384600
2014-06-16,26.870407104492188,27.105685243502002,26.79938015713843,26.95919121203838,1331800
2014-06-17,26.99913787841797,27.105679122095882,26.821569703426658,26.879279614311177,946000
2014-06-18,27.05241584777832,27.074613146437553,26.697281083640306,26.92368066000188,1095800
2014-06-19,27.18114471435547,27.18558485014455,26.97250236107498,26.97250236107498,1133600
2014-06-20,27.305438995361328,27.349831882229125,27.154506566841782,27.2166566084567,1818200
2014-06-23,27.403114318847656,27.411992900324922,27.123444929270782,27.23442465761218,1545800
2014-06-24,27.238861083984375,27.51409029861673,27.145638531298324,27.3232050564028,1204800
2014-06-25,27.62062644958496,27.838145698873717,27.296565950245586,27.3764697710139,1738800
2014-06-26,27.651702880859375,27.66946003955045,27.358716536120006,27.52296602047284,1024800
2014-06-27,27.96244239807129,27.9668808404034,27.571793429636266,27.593989028128068,3006600
2014-06-30,27.824825286865234,28.02458904798175,27.656135700431783,27.935804965994908,1837600
2014-07-01,27.96244239807129,28.095617682437705,27.731604448242212,27.904732487260116,1533000
2014-07-02,27.82039451599121,28.12669961728019,27.678340614361804,27.93581436945016,1796400
2014-07-03,27.980195999145508,28.011270173649624,27.789310816668515,27.909169072648176,1047600
2014-07-07,27.90473747253418,28.002400155444604,27.847027551412936,27.966885836780477,969400
2014-07-08,27.980195999145508,28.029027328627834,27.789310816668515,27.909169072648176,1718800
2014-07-09,28.16220474243164,28.20215749745839,27.882537150660024,28.091177810541378,1081600
2014-07-10,28.11781883239746,28.153331458312685,27.80263686870505,27.860345097494285,1462000
2014-07-11,27.997961044311523,28.126697914060006,27.900298357824266,28.126697914060006,1596200
2014-07-14,28.290945053100586,28.313140654521224,28.095621389816802,28.122255434155228,1134400
2014-07-15,28.47295379638672,28.490710956200584,28.264311402113712,28.264311402113712,1991400
2014-07-16,28.49514389038086,28.654954901479616,28.375283938641257,28.486263619302555,1479000
2014-07-17,28.17995834350586,28.504018785209404,28.12668857466271,28.304255035278338,1311600
2014-07-18,28.561729431152344,28.668272364753744,28.188839324040824,28.215475057441175,1454000
2014-07-21,28.677152633666992,28.748181264450853,28.326458082958386,28.51290485193449,1573200
2014-07-22,28.06010627746582,28.814770251703763,27.97132218088396,28.810330115495983,2676600
2014-07-23,27.949129104614258,28.086744551417134,27.767122452218686,28.06898739181368,1585600
2014-07-24,28.335336685180664,28.428559223037734,27.980200304631463,28.020153062772458,1206000
2014-07-25,28.126699447631836,28.339780298790732,28.05123236029985,28.23767916344893,1051600
2014-07-28,27.926931381225586,28.126695178055833,27.860342884476896,28.100059440673192,1537400
2014-07-29,27.722728729248047,28.037910663217385,27.713850150252544,27.91361394411191,923800
2014-07-30,27.74048614501953,27.9269312254103,27.593992130356092,27.75380316692864,2793000
2014-07-31,27.19446563720703,27.944689512147352,26.959189209093186,27.660581743840247,2797000
2014-08-01,27.38091468811035,27.571799928279386,27.043535415218848,27.181150867768807,3371400
2014-08-04,27.500770568847656,27.567357374178677,27.318763924810803,27.46525625127175,1670200
2014-08-05,27.261051177978516,27.545158915455026,27.185585801080684,27.42974078213608,1395000
2014-08-06,27.625064849853516,27.691653342710072,27.096802123260364,27.158950480104767,1708200
2014-08-07,27.638383865356445,27.878100424838372,27.567356924778373,27.784877882845127,1528000
2014-08-08,27.633947372436523,27.673900135169454,27.24329832498296,27.491893481256312,1559000
2014-08-11,27.807077407836914,27.87366591489392,27.678340530681947,27.744929037738952,1097600
2014-08-12,27.873659133911133,27.904733311400523,27.687212375559124,27.824827799737612,1279200
2014-08-13,27.81594467163086,28.03790401363028,27.713843577520972,27.96687709192708,1143600
2014-08-14,27.940248489379883,28.015715565488865,27.76712042939833,27.820390210912077,858800
2014-08-15,28.020153045654297,28.233233857804183,27.83370797005406,27.997957445237475,1885400
2014-08-18,28.344209671020508,28.36196682628809,28.095616270936496,28.153324485432837,1109600
2014-08-19,28.441875457763672,28.49958367860301,28.34865292248562,28.432998572569712,1086600
2014-08-20,28.07342529296875,28.450753897292337,28.064546713874012,28.437436875358134,1418600
2014-08-21,28.224361419677734,28.361975179995277,28.02459759761804,28.131137173772522,1444000
2014-08-22,28.055665969848633,28.304259391655204,27.935807701442318,28.304259391655204,1550400
2014-08-25,28.011280059814453,28.17996970481294,27.92249764041998,28.17109112419027,1112600
2014-08-26,28.188840866088867,28.242110642388084,28.029029843775557,28.077861177639697,1229600
2014-08-27,28.27318572998047,28.393044000574477,28.1444505742305,28.259868708830815,1314000
2014-08-28,28.32212257385254,28.446675236270657,28.032986161441126,28.144192865494666,1754600
2014-08-29,28.51339340209961,28.642393564162617,28.36660146003567,28.41108345535702,1343600
2014-09-02,29.024938583374023,29.1672829740096,28.655731653558693,28.80252526089606,3137000
2014-09-03,29.38526153564453,29.403055017447095,29.002710161288523,29.11391687723481,2247600
2014-09-04,29.296293258666992,29.594326399545928,29.282948997696167,29.478670481533523,2077400
2014-09-05,29.505352020263672,29.505352020263672,29.06942041723109,29.251800969713912,949800
2014-09-08,29.318532943725586,29.53204788483902,29.16284086503849,29.420841196496124,1369000
2014-09-09,29.21177101135254,29.296289177405754,29.073875808851966,29.21177101135254,888800
2014-09-10,29.314085006713867,29.36301622322332,29.113910922695478,29.207327531492762,1208000
2014-09-11,29.398605346679688,29.416398828208752,29.10057216702692,29.13615913008505,1191400
2014-09-12,29.229562759399414,29.407494122471,29.15394303306549,29.358562912782354,1626600
2014-09-15,29.207324981689453,29.349669400810555,29.145046116675235,29.225115064540773,956200
2014-09-16,29.19843292236328,29.376364333557966,29.122813175577345,29.185088660431575,1520200
2014-09-17,28.71356773376465,29.216220733625374,28.55342983413918,29.11390908906959,2309200
2014-09-18,28.55786895751953,28.762492198620137,28.468904986938522,28.69576752380541,1773200
2014-09-19,28.6379451751709,28.75805029914848,28.589013960773926,28.646843610747876,2808200
2014-09-22,28.66463851928711,28.726913996399983,28.57567112786945,28.669084343538763,1770600
2014-09-23,28.433324813842773,28.793636786163166,28.41553303361606,28.655738187030703,2145400
2014-09-24,28.455568313598633,28.580119263105694,28.304327147677448,28.36660262243098,1219000
2014-09-25,28.250946044921875,28.424429902180638,28.11749835977461,28.237601785470964,1504600
2014-09-26,28.18867301940918,28.326569934267283,28.08636306201621,28.219810758751407,1065600
2014-09-29,28.55342674255371,28.66907924017097,27.957357204317848,28.07746061603291,1874600
2014-09-30,28.144189834594727,28.5890149060252,28.108602878627792,28.531188647898116,2323400
2014-10-01,27.628189086914062,28.13973881967561,27.55701687640466,28.05522234997049,3106600
2014-10-02,27.717159271240234,27.837262714125913,27.47250316709555,27.574814827126758,2064600
2014-10-03,28.077463150024414,28.153084577653182,27.73494635908321,27.797223527610157,1583200
2014-10-06,28.06856918334961,28.313225270237616,27.95736248817488,28.135293879206248,1073200
2014-10-07,27.761634826660156,28.12639259210384,27.743841351058215,28.077461382638113,1373400
2014-10-08,28.39773941040039,28.42442962592219,27.637086085262368,27.806119026262355,1633600
2014-10-09,28.0507755279541,28.624600747095666,27.957360620619035,28.28653316297444,2293800
2014-10-10,27.855052947998047,28.388845432179913,27.84170868737935,27.98850064482363,2914200
2014-10-13,27.494739532470703,28.153082859082364,27.4858427946528,27.78832509294454,2761400
2014-10-14,28.055227279663086,28.139743764218924,27.530331498595004,27.681572684612583,2224000
2014-10-15,28.451114654541016,28.53563281155275,27.66377121046255,27.855046822707106,4417200
2014-10-16,28.455568313598633,28.72246369022217,28.1219482443795,28.139740025109493,2394800
2014-10-17,28.927080154418945,29.038286830942937,28.575666649352122,28.575666649352122,2689000
2014-10-20,29.34522247314453,29.407497949259707,28.93598266045656,28.967120398514147,2462600
2014-10-21,30.19928741455078,30.208185849946247,29.331876620223365,29.407496352291144,3328200
2014-10-22,29.745561599731445,30.346076944761318,29.727768125109147,30.32383425304388,2708400
2014-10-23,29.6165714263916,30.008017818613318,29.460882713221565,30.008017818613318,2569800
2014-10-24,29.692180633544922,29.830075817151265,29.420836089587898,29.580973964505425,1541400
2014-10-27,29.140607833862305,29.589880507932087,28.953777977989034,29.469778751933116,2753400
2014-10-28,29.6165714263916,29.6165714263916,29.282951300844633,29.318538262071904,2190400
2014-10-29,29.62101936340332,29.81674427035039,29.229572943268842,29.625468582313843,5057000
2014-10-30,28.157535552978516,28.87815447983667,27.979605854566877,28.48670812520334,4585800
2014-10-31,28.660184860229492,28.704666852166117,28.224254891109545,28.43332228946674,3734400
2014-11-03,28.197568893432617,28.70467114359185,28.08191467897925,28.571225147831445,3996400
2014-11-04,28.43776512145996,28.642384953430476,28.19755834642735,28.259833799907174,3188600
2014-11-05,28.691329956054688,28.718018479313155,28.522296985818883,28.57122820763228,1770000
2014-11-06,28.77584457397461,28.935982481209898,28.629050926715777,28.682431360380505,1735200
2014-11-07,28.9003963470459,29.073878519189588,28.824776609190234,28.833671651507785,1638400
2014-11-10,29.314085006713867,29.31853422469444,28.8292220595999,28.8292220595999,1852600
2014-11-11,29.30963134765625,29.48311349126365,29.16283772037047,29.30963134765625,1343800
2014-11-12,29.158401489257812,29.32743447116672,28.922640407076,29.28739828975488,1430000
2014-11-13,28.984905242919922,29.363007204926912,28.878144406729454,29.113901980907066,3276800
2014-11-14,28.575674057006836,29.01605505370761,28.526742835151193,28.95822539491859,2235800
2014-11-17,28.651290893554688,28.749149921980862,28.46891030789065,28.46891030789065,1542200
2014-11-18,28.882604598999023,29.08277530384652,28.65129615353615,28.65129615353615,2037000
2014-11-19,28.691329956054688,28.91374336656674,28.629054472612058,28.91374336656674,1981200
2014-11-20,28.84256362915039,28.90928831759865,28.50894358066773,28.66463565163321,2249200
2014-11-21,28.78473472595215,29.309630356327418,28.709115003092926,29.229561416312265,2406400
2014-11-24,28.9003963470459,29.05608504079549,28.829222433469514,28.851465129901882,1704600
2014-11-25,29.185087203979492,29.33188086542147,28.829224399349098,28.91374257904464,1753200
2014-11-26,29.546110153198242,29.572851659468437,29.202911620412657,29.31433909720078,1413200
2014-11-28,29.893762588500977,30.129988289299938,29.684278393302908,29.684278393302908,1287800
2014-12-01,30.036386489868164,30.245870663241185,29.670904549248093,29.884846773255685,2985600
2014-12-02,30.219135284423828,30.294905158085058,29.938335845978006,30.076508239680404,2567400
2014-12-03,30.972375869750977,31.10163213157866,30.098784990274126,30.24141200323981,3835800
2014-12-04,31.114999771118164,31.422540618521957,30.780717424112613,30.972372772415632,3950800
2014-12-05,30.950084686279297,31.177394199832793,30.816370407310465,31.05705406915714,1770400
2014-12-08,30.32611656188965,30.94565334825401,30.290458936653266,30.91445377629675,1934200
2014-12-09,30.450895309448242,30.455353359866645,30.005185481499353,30.170099342019046,1950200
2014-12-10,30.16118049621582,30.727233830472276,30.129980947118714,30.343923141281614,1640600
2014-12-11,29.991819381713867,30.406329722006262,29.916049515331636,30.183474773472646,1750400
2014-12-12,29.621883392333984,29.99182347348981,29.58622577958465,29.831367616614923,1733600
2014-12-15,29.18062973022461,29.80016626235076,29.100401806614904,29.782337457048946,2296200
2014-12-16,28.953310012817383,29.39456179030698,28.953310012817383,29.171706876353184,1552200
2014-12-17,29.19845962524414,29.29205830619918,28.766120431906305,29.0246330176852,2339400
2014-12-18,30.23250389099121,30.23250389099121,29.492623811100003,29.55056827548711,1951200
2014-12-19,30.580158233642578,30.65592810479155,30.343932517415276,30.433073142237962,2225000
2014-12-22,30.843122482299805,30.856496635180406,30.58906798551296,30.58906798551296,898400
2014-12-23,31.12837028503418,31.302200232616027,30.901060739149948,30.901060739149948,1211400
2014-12-24,31.065975189208984,31.172948001581492,30.950093076549873,31.101632793333152,365000
2014-12-26,30.976842880249023,31.253184285518007,30.972384828414803,31.088270372624017,580400
2014-12-29,31.266551971435547,31.369063350079713,30.82084204568592,30.932269527123328,937800
2014-12-30,30.972375869750977,31.355686604689296,30.959005118612975,31.288829448503083,885800
2014-12-31,30.384044647216797,31.021409973387332,30.370673893600824,31.00358116840042,955000
2015-01-02,30.446439743041992,30.762893338644442,30.085415841107547,30.575696011752242,934000
2015-01-05,29.782331466674805,30.308269215552777,29.64416250399799,30.187929054591713,1793200
2015-01-06,29.278684616088867,29.733307220928143,28.89091577630191,29.29205536909933,1982800
2015-01-07,29.537195205688477,29.59513967220185,29.194000059980606,29.349997853484183,1341200
2015-01-08,30.04530143737793,30.28598175446179,29.760044016156453,29.760044016156453,1989200
2015-01-09,29.452510833740234,30.236957804738168,29.425765927560843,30.170104040531328,1890600
2015-01-12,29.323257446289062,29.612969588234474,29.038003355895825,29.49708405135691,1915600
2015-01-13,29.18062973022461,29.991821668724118,28.92657520554336,29.47479651646226,1804200
2015-01-14,29.193994522094727,29.211823323755553,28.779484234845135,28.899824395435434,907400
2015-01-15,28.953310012817383,29.31879193568176,28.935481211641545,29.243022081056537,816400
2015-01-16,28.913198471069336,29.162794892672515,28.8151417624406,28.984510277029013,1840800
2015-01-20,28.87308120727539,28.97113791043623,28.44965824416742,28.725996152534133,2409800
2015-01-21,29.1315975189209,29.185083927763422,28.75274480765163,28.75274480765163,1276600
2015-01-22,29.452510833740234,29.56393830808051,29.136057214673457,29.349996061128657,1237400
2015-01-23,28.471946716308594,29.35445204696374,28.440747161708273,29.35445204696374,1620600
2015-01-26,28.59674835205078,28.67251821770167,28.3159489432909,28.67251821770167,1470800
2015-01-27,28.458572387695312,28.63685700244009,28.115377309720966,28.217890368112382,1189400
2015-01-28,28.253551483154297,28.775031272076504,28.249095132075208,28.6012046757691,1353000
2015-01-29,28.467487335205078,28.561087694880232,28.13766300191514,28.324860320769194,1459600
2015-01-30,28.226810455322266,28.596750510357328,27.950469076772542,28.244637560189638,2011800
2015-02-02,28.690345764160156,28.690345764160156,28.008408501945503,28.463032776672527,1428400
2015-02-03,29.127138137817383,29.229652899959564,28.75274349450779,28.75274349450779,1955400
2015-02-04,29.48370933532715,29.65753591703707,29.051370206280644,29.051370206280644,2711200
2015-02-05,32.10448455810547,32.759678675698936,30.63809853313362,31.640945839532566,10971600
2015-02-06,31.47157859802246,31.91283047894837,31.14620885115989,31.67660475886174,3987600
2015-02-09,31.47157859802246,31.520606962624996,31.09272583559125,31.141754200193784,3112800
2015-02-10,32.04653549194336,32.12230534227793,31.574080788777827,31.627567189276547,3538800
2015-02-11,32.2693977355957,32.38082521161606,31.93957335871451,32.11785459994972,3354600
2015-02-12,33.000362396240234,33.040474656207834,32.29613991694806,32.354080981511295,3535400
2015-02-13,33.39705276489258,33.42825233104832,32.83545717359162,32.960255438214574,3523200
2015-02-17,33.15634536743164,33.285601592609595,32.39418216420601,33.058288686228,2798200
2015-02-18,34.390960693359375,34.40878608820273,32.87108904559008,33.16080101897225,5424600
2015-02-19,32.91567611694336,34.10572075848297,32.862193104153015,33.90961071075712,9573600
2015-02-20,32.62150573730469,32.71510439983292,32.09110991581502,32.661617992461196,6567400
2015-02-23,32.87110900878906,32.902308569455485,32.12677420396358,32.37637068929498,3321400
2015-02-24,32.3407096862793,32.79533569460827,32.1579703931054,32.79533569460827,4080600
2015-02-25,32.16243362426758,32.425400878881675,32.04209002600563,32.31397338445253,2430400
2015-02-26,32.336570739746094,32.49731618986096,32.09545256457379,32.403548578399686,1874000
2015-02-27,32.01952362060547,32.394597211670586,32.01505752603879,32.233851873590105,2324400
2015-03-02,32.443729400634766,32.45265818736569,32.024004884974936,32.09991149540552,2672400
2015-03-03,32.2829704284668,32.4035277351886,32.10883020396186,32.26510945587242,1799600
2015-03-04,31.836471557617188,32.229402922695606,31.747166651939942,32.104379461381285,2078400
2015-03-05,31.69803810119629,32.023994924951765,31.47924712468327,31.95701712208337,1915600
2015-03-06,31.622150421142578,31.648940195654415,31.403359313815148,31.523916705753027,2107800
2015-03-09,31.40781593322754,31.599817228924472,31.282792467496314,31.573027459591767,2615000
2015-03-10,31.264915466308594,31.407799840595615,31.037195730391037,31.20686986028431,1804000
2015-03-11,30.796083450317383,31.403343005886263,30.791617354673143,31.345293982409654,3670200
2015-03-12,31.229209899902344,31.31404529677236,30.621950205277,30.621950205277,1724800
2015-03-13,30.885387420654297,31.309577968701443,30.733574222803583,31.166693556228317,1741000
2015-03-16,31.439083099365234,31.4524779873945,30.916658619780378,30.970241578532228,2103800
2015-03-17,31.135438919067383,31.434602637134372,30.96576133053792,31.255996262876998,1017200
2015-03-18,31.680187225341797,31.765026029794644,30.947904068918124,31.04613775688802,2311400
2015-03-19,31.51051139831543,31.555162143281184,31.22027644608782,31.430138694723684,1864600
2015-03-20,31.79181480407715,31.84539774310578,31.331905648973734,31.698047215752197,1676600
2015-03-23,32.03739929199219,32.233866663487426,31.55962915310169,31.787352387640844,2193400
2015-03-24,31.93023681640625,32.13116687786339,31.64000185580871,31.94809779623433,2696800
2015-03-25,31.318510055541992,31.92130362774963,31.282788096999777,31.907908744954668,2029600
2015-03-26,31.144378662109375,31.256007259464603,30.78716578791886,31.256007259464603,2028600
2015-03-27,30.956838607788086,31.22028042127272,30.880931991017995,31.20688553674081,1891600
2015-03-30,31.657859802246094,31.698044448033684,31.10864579671631,31.255996311203965,1077600
2015-03-31,31.54176139831543,31.73822872761082,31.407805781680782,31.492644565991583,1610800
2015-04-01,31.389965057373047,31.622151056622414,31.171170539014117,31.61322226715057,1682800
2015-04-02,31.4256591796875,31.64445352787285,31.28277481282769,31.394403330894168,1105600
2015-04-06,32.2115364074707,32.300837891171724,31.184552311742785,31.19348450409283,2457000
2015-04-07,31.840917587280273,32.22045727620661,31.698033219594233,32.17580314341618,2152600
2015-04-08,32.40353775024414,32.408003846431136,31.720371518863963,31.876650819076218,1435600
2015-04-09,32.19367980957031,32.54196041267674,31.97935485687422,32.403542072117446,1564800
2015-04-10,32.336570739746094,32.34550293510491,31.75163798921578,31.965962984946014,2218600
2015-04-13,32.399070739746094,32.45711976863909,32.10437312575276,32.26958120704353,1899200
2015-04-14,32.555355072021484,32.55981776167271,32.14902547596076,32.3722825973216,1781200
2015-04-15,32.3812255859375,32.72057751310594,32.36336800623347,32.67146065233282,2535600
2015-04-16,32.03739929199219,32.29637838957526,31.988282449118376,32.2070734904258,1858600
2015-04-17,32.05972671508789,32.296378738784036,31.604280241085,31.858793244804165,2622600
2015-04-20,32.198143005371094,32.34995621596665,32.06865346341014,32.06865346341014,1280400
2015-04-21,32.17581558227539,32.28298145444324,32.03739725568361,32.19814265730203,1722800
2015-04-22,32.140106201171875,32.198151843515014,31.97936075369238,32.18475695733078,1971800
2015-04-23,32.358890533447266,32.421402260342184,32.059726782359625,32.095445335846996,1059800
2015-04-24,33.29209899902344,33.350148027600035,32.44372471025567,32.51963130971247,2310200
2015-04-27,33.31442642211914,33.452844741008356,33.19833177038097,33.44391595547457,2925600
2015-04-28,33.2385139465332,33.426049069291906,33.02865175393689,33.225119067283664,3111200
2015-04-29,32.970619201660156,33.21620346599675,32.89024988602374,33.01973605452747,2136800
2015-04-30,32.77861022949219,32.934889523754826,31.787348124978983,32.46604823433379,4118200
2015-05-01,33.2385139465332,33.301025654119435,32.47050907432225,32.8589741990892,5660000
2015-05-04,33.44839096069336,33.59573810436296,33.26531844547351,33.36355214567596,2965800
2015-05-05,32.59553909301758,33.42605584106896,32.59553909301758,33.42605584106896,2435400
2015-05-06,32.242801666259766,32.72950409221463,32.0329393710906,32.64019917584785,2254400
2015-05-07,31.992746353149414,32.2606542189699,31.832000952330453,32.12669858274299,2922200
2015-05-08,32.2829704284668,32.29636530625453,32.03292021877771,32.24724848327804,4256800
2015-05-11,32.12224197387695,32.29638228995707,32.010613391434106,32.269589113659684,1744800
2015-05-12,31.77396583557129,32.055268676724246,31.617683072740732,31.90791810946745,2304800
2015-05-13,31.93023681640625,32.17135493413497,31.800747267627855,31.916841933193584,2309000
2015-05-14,32.13563919067383,32.26959145534528,31.800753419043854,32.13117309319451,1723400
2015-05-15,32.60001754760742,32.69825126142152,32.229409775175895,32.229409775175895,3164200
2015-05-18,32.899169921875,32.94828676167518,32.421399812882434,32.541957160897994,2834400
2015-05-19,32.68931198120117,33.0286638081142,32.631266347724576,32.96168598078963,1168400
2015-05-20,32.56875228881836,32.894705801655356,32.50177446628237,32.7920094261826,1569400
2015-05-21,32.37675857543945,32.640200423867334,32.25619778539312,32.60001576494146,1642600
2015-05-22,32.53750228881836,32.613408911607834,32.211545310613275,32.3276399968193,1843200
2015-05-26,32.001686096191406,32.41694462271518,31.921313368263114,32.31871091006565,2066200
2015-05-27,32.28744125366211,32.33655808901693,31.98381145630187,32.04632317282017,1606200
2015-05-28,32.144309997558594,32.30534494217539,31.969856043018655,32.26955864053397,1856600
2015-05-29,31.75513458251953,32.153247714610075,31.741715575581235,32.063785393175564,2714400
2015-06-01,31.951963424682617,32.07721206974529,31.670153973291605,31.831188920592076,1902400
2015-06-02,31.75513458251953,31.92064363121906,31.65225325414672,31.92064363121906,1666200
2015-06-03,31.95642852783203,32.054839124768975,31.647777730669567,31.835650645129913,2028600
2015-06-04,31.513593673706055,31.840137749893138,31.41071230793851,31.625423322530803,2575600
2015-06-05,31.705934524536133,31.781981264375624,31.20941070910519,31.37491978517196,1554400
2015-06-08,32.03693771362305,32.12640000806642,31.679081710314023,31.746180137530438,3521000
2015-06-09,31.893808364868164,32.028001858580176,31.853547927816194,31.96090340533962,2619200
2015-06-10,32.1085319519043,32.21588747166303,31.89829164166438,31.947496965880976,1878000
2015-06-11,32.54689407348633,32.622937397220575,32.211405208197256,32.211405208197256,1653200
2015-06-12,32.25165939331055,32.55583607422613,31.916170557569934,32.45295474241627,2742000
2015-06-15,32.00115203857422,32.17560590498984,31.74618074052309,31.974314032284997,1787000
2015-06-16,31.88933753967285,32.0235310473351,31.835658088946282,31.893811680425763,1283000
2015-06-17,31.9698543548584,32.05931669146833,31.652258623292937,32.02800453237791,1703000
2015-06-18,32.247188568115234,32.332180173992306,31.840130513546175,32.1264140764519,1053000
2015-06-19,32.381378173828125,32.690028956870336,32.15771897748298,32.19797940746473,1439200
2015-06-22,32.41716384887695,32.506626160609194,32.17113737246064,32.46189500474308,1079000
2015-06-23,32.41716384887695,32.61398503001001,32.296385973993154,32.46189500474308,1163800
2015-06-24,32.31427764892578,32.448474523188,32.215867062835926,32.34111907143919,2388000
2015-06-25,32.45294952392578,32.502154818276956,32.202448912837525,32.46189438982219,1480600
2015-06-26,32.47532272338867,32.564788471893095,31.853550275552642,32.448484705222015,4241600
2015-06-29,31.813274383544922,32.435046462680155,31.755120828308826,32.23375120748704,1634200
2015-06-30,31.379396438598633,32.13089172650151,31.365977428366914,31.934070475717295,1569600
2015-07-01,32.0458984375,32.24271967800372,31.710409548151993,31.768559727041975,1406400
2015-07-02,32.05036926269531,32.27850263942729,31.822235885963337,32.238242202230296,1137400
2015-07-06,31.871435165405273,32.10403922569607,31.63435696565644,31.741712423270005,1464200
2015-07-07,31.974319458007812,32.1666664988449,31.53147180248179,31.656720403442048,1586200
2015-07-08,31.146791458129883,31.960911136208246,31.133372446789732,31.79093130461647,2889000
2015-07-09,31.164690017700195,31.540439464263965,31.106539820880908,31.397297630518366,2742000
2015-07-10,31.379396438598633,31.638842012310615,31.361503287366464,31.589636699614562,1586400
2015-07-13,31.53594207763672,31.629878516846457,31.3659623418431,31.544886942565647,2225400
2015-07-14,31.594106674194336,31.688043156345213,31.38386983096307,31.57174279526483,1766600
2015-07-15,32.01905822753906,32.130887849669804,31.392811661053056,31.61647090531454,1686000
2015-07-16,32.233768463134766,32.27850304119247,32.05484380198055,32.15772514086731,1059000
2015-07-17,31.98774528503418,32.33217901112773,31.893808814281392,32.220349391740726,1332200
2015-07-20,31.361501693725586,32.05931749247231,31.325715393079737,31.88038940201253,1803400
2015-07-21,30.753149032592773,31.222834855652923,30.70394372111906,31.21388657387431,1581800
2015-07-22,30.618946075439453,31.124418100485435,30.54290275915128,30.744198106275665,1722200
2015-07-23,30.18057632446289,30.721831238658023,30.13584516208053,30.721831238658023,1439800
2015-07-24,29.974817276000977,30.489234295944705,29.858513496319937,30.12690394631718,1852400
2015-07-27,29.809307098388672,29.956923034988872,29.62143413149911,29.930085014795964,1319800
2015-07-28,30.261104583740234,30.395298118788503,29.867462023616948,30.028496995890993,1319600
2015-07-29,30.748661041259766,30.824707751045246,30.131362974604116,30.28792370751301,1488200
2015-07-30,31.10651969909668,31.222823430272708,30.05532221756526,30.6099960379329,2764400
2015-07-31,30.346080780029297,31.397281825142212,30.319242766203025,31.19598648313879,2702800
2015-08-03,30.104537963867188,30.851559078233834,30.001653201955673,30.117956973514453,3193400
2015-08-04,30.323715209960938,30.444489678192518,30.05979557527918,30.10453014617916,1860200
2015-08-05,30.533967971801758,30.68158051310028,30.16269272227303,30.64579761953186,4400400
2015-08-06,31.008121490478516,31.137844278427306,30.538435651793918,30.560802944214963,2730200
2015-08-07,31.008121490478516,31.066271672895695,30.690525732163753,30.994702480133757,2377400
2015-08-10,31.696977615356445,31.723815623475858,31.03047424916917,31.1646677025343,2101200
2015-08-11,31.379396438598633,31.58516255861411,31.276511672206073,31.33466526690303,1101600
2015-08-12,31.173625946044922,31.28098142561018,30.83366294585758,31.187044954394434,1411400
2015-08-13,31.473329544067383,32.815285027483206,31.057323207697703,32.815285027483206,1297200
2015-08-14,32.07719421386719,32.1666599196603,31.428584057513824,31.473315204026516,1458600
2015-08-17,32.054847717285156,32.059318445421674,31.562794600702333,31.89381277236161,1032000
2015-08-18,32.0324821472168,32.11747376515282,31.799874586371818,31.799874586371818,826200
2015-08-19,31.60304832458496,31.853545557757776,31.325709664451598,31.81328853647022,1122800
2015-08-20,30.829181671142578,31.348072625705527,30.793395381979266,31.348072625705527,1591800
2015-08-21,30.041919708251953,30.64132501196211,30.028497283125603,30.45345201343536,2438200
2015-08-24,28.986242294311523,29.594595772020078,25.922109320402793,27.331161675074878,3922600
2015-08-25,28.444984436035156,29.65721890849193,28.444984436035156,29.65721890849193,2791400
2015-08-26,28.56128692626953,29.156221379159348,28.19448587500842,29.07570390874742,4192600
2015-08-27,29.469337463378906,29.612479227011324,28.713371623930588,28.865458254703665,4716600
2015-08-28,29.814453125,29.827902083366308,29.164560337471336,29.37073324537365,2130600
2015-08-31,29.541057586669922,29.765159057958815,29.420040877244357,29.67551641773301,1726200
2015-09-01,28.859785079956055,29.258685395999155,28.734288812371727,28.90460468701948,2778200
2015-09-02,29.088361740112305,29.258677569199975,28.626711704011637,29.222820525334388,1883200
2015-09-03,29.675508499145508,29.792042190584763,29.097326447159723,29.28109124594917,2347400
2015-09-04,28.689468383789062,29.37521826882193,28.577415949822274,29.27661308439584,2975600
2015-09-08,29.975807189941406,30.00270168783915,28.989762228110955,29.160078090385937,2234800
2015-09-09,29.939958572387695,30.432981135865088,29.886172987101794,30.231287755680825,1889200
2015-09-10,29.962360382080078,30.374706190875635,29.841347114972237,29.97132635417188,2135600
2015-09-11,29.85480308532715,29.95788786378725,29.567953429455592,29.747235319254724,1542800
2015-09-14,29.518646240234375,29.814458405875403,29.46038108839282,29.814458405875403,1464200
2015-09-15,30.168540954589844,30.208881000223542,29.411080257093346,29.599324684671128,1397000
2015-09-16,30.40160369873047,30.49572589791801,29.89513223039022,30.083380048282077,1440000
2015-09-17,30.119239807128906,30.58089176300846,30.069937204263297,30.365752821456947,1208000
2015-09-18,30.011659622192383,30.199903980924066,29.630687919183195,29.836860800582095,3144400
2015-09-21,30.0520076751709,30.571921293241946,29.89065434761027,30.181983515050934,1958200
2015-09-22,29.079410552978516,29.80550067256973,29.04355691040132,29.653113287943107,2998200
2015-09-23,28.40262222290039,29.15112208485997,28.281607213729966,29.15112208485997,1938400
2015-09-24,28.138181686401367,28.38469468575396,27.873741867807468,28.241268163513073,2687400
2015-09-25,28.218856811523438,28.39365568530209,27.86477607708238,28.375728867042678,3075800
2015-09-28,27.22832489013672,28.084392320349863,27.14316695866821,28.084392320349863,2240800
2015-09-29,27.11627960205078,27.40312922841192,27.026638666373266,27.205920537728296,1998200
2015-09-30,27.878219604492188,27.93200347160399,27.430016722457776,27.430016722457776,2075200
2015-10-01,28.299528121948242,28.416061822251493,27.806505663072613,27.97234024145686,2245000
2015-10-02,28.71187973022461,28.72532527153044,27.802028293680877,27.96338162838507,1812000
2015-10-05,28.998720169067383,29.124219827091835,28.71635363242344,28.935972049813174,1668400
2015-10-06,28.42054557800293,29.128705264883497,28.37124298586245,29.11077673869453,1945600
2015-10-07,28.935977935791016,29.012175027112985,28.268156576732245,28.268156576732245,1967800
2015-10-08,29.6262149810791,29.706891650684252,28.69843499037849,28.855305342522612,1308400
2015-10-09,29.82341957092285,30.119231688866574,29.567944070169233,30.11026913599651,1399200
2015-10-12,29.93099021911621,30.060969475253525,29.550018423964435,29.751708368598646,1118200
2015-10-13,29.590362548828125,30.01167449145628,29.527614398162367,29.715862269677388,1592800
2015-10-14,29.70688819885254,29.877207492404718,29.42452159780309,29.58587491826472,2495800
2015-10-15,29.814453125,29.9130583025873,29.164560337471336,29.751704997356537,2352200
2015-10-16,30.002700805664062,30.011663358355396,29.644137146714133,29.872721564782626,2290400
2015-10-19,29.85032081604004,29.998228635147434,29.693450441009944,29.845837828319834,1508400
2015-10-20,30.056493759155273,30.311969346598225,29.77861007217526,29.854803765733156,2503800
2015-10-21,29.635169982910156,30.217831563648407,29.612758475394248,30.02958721077217,2290200
2015-10-22,30.666044235229492,30.683972763113726,29.72033576131768,29.886172079609064,3121000
2015-10-23,30.40160369873047,30.961857326882583,30.379192185797674,30.79602102192352,2521200
2015-10-26,30.361255645751953,30.61673109597801,30.30299051482877,30.311953065926232,2040200
2015-10-27,30.249221801757812,30.334381472448193,29.84583838732676,30.141654031082123,1552000
2015-10-28,30.459863662719727,30.52709477056292,30.060963420903963,30.267136310644545,1762000
2015-10-29,30.173019409179688,30.531583100764898,29.738262044475576,30.06993123650598,1750400
2015-10-30,30.701900482177734,31.082872286009394,30.177503878567673,30.316445691613854,2919800
2015-11-02,31.481773376464844,31.59382411085383,30.7063842094226,30.72431273726688,2558800
2015-11-03,30.39711570739746,31.459357642503246,30.370224631919108,31.401089086278528,2000800
2015-11-04,30.217844009399414,30.56296221799814,30.096830709713505,30.41953740156574,1776400
2015-11-05,30.383670806884766,30.468830440373864,30.047518678290473,30.26713711150752,1407400
2015-11-06,30.379196166992188,30.509175436099277,29.85479952300364,30.217842827377677,1185000
2015-11-09,29.73378562927246,30.392644591949114,29.666557914319778,30.392644591949114,2359400
2015-11-10,30.374704360961914,30.383670332513564,29.617243901626516,29.966841562783813,1663800
2015-11-11,30.558467864990234,30.61673299953598,30.28506387605482,30.450900147553444,1054800
2015-11-12,29.32143211364746,30.392636742456233,29.307986574129497,30.334371598039503,1862200
2015-11-13,29.545534133911133,29.69344191052683,29.097331237148463,29.361772724387137,1320000
2015-11-16,29.70688819885254,29.814455939321356,29.30798788424373,29.491752717914906,1377200
2015-11-17,29.6396541595459,29.975806307480706,29.46037574959385,29.787561925321167,1248600
2015-11-18,30.63914680480957,30.675003853148553,29.679992988598038,29.738258127511628,1738400
2015-11-19,30.66156005859375,30.71982520082082,30.298513407669052,30.616737035862812,1440800
2015-11-20,31.123212814331055,31.275600170440267,30.76913208632099,30.836363210287942,1919600
2015-11-23,30.827396392822266,31.39213303136189,30.773614230734534,31.105283435170918,1697000
2015-11-24,31.069433212280273,31.096324299236922,30.44643128798833,30.69294431681651,2067600
2015-11-25,30.836360931396484,31.12321051424063,30.652596100768672,31.08287047503489,2034200
2015-11-27,30.989038467407227,31.074355904818923,30.557949529043313,30.845342154619257,639600
2015-11-30,31.173152923583984,31.222548860469946,30.773497380409133,30.96658965387492,3009200
2015-12-01,30.91270637512207,31.433607806098994,30.86780190631163,31.173157090610534,3783800
2015-12-02,30.310977935791016,31.253985453039597,30.24361952184656,30.86780086748207,1995400
2015-12-03,30.4906005859375,30.993536123624477,30.301999759304884,30.737576880054096,3570000
2015-12-04,31.330305099487305,31.36623002275029,30.463636025205933,30.49956094846892,2759600
2015-12-07,30.89474105834961,31.267451157227534,30.598365457565233,31.05639985405187,4059600
2015-12-08,30.284027099609375,30.65224910555167,29.866409166261015,30.544474304307403,2559600
2015-12-09,30.91270637512207,31.40217433533255,30.346903901326073,30.598371667457627,4567800
2015-12-10,32.28230285644531,32.54275347442231,31.13273244053314,31.27642874252216,4867800
2015-12-11,32.035335540771484,32.408049144951605,31.55485052518688,31.774888248709928,4832800
2015-12-14,31.815284729003906,32.116148285418696,31.55932561853333,31.994905938770366,2979800
2015-12-15,31.945520401000977,32.1071791997222,31.680581685646654,32.035329322072435,2542800
2015-12-16,32.165550231933594,32.282304554061284,31.658123388286352,32.165550231933594,2929000
2015-12-17,31.66710662841797,32.331704279374335,31.581789182909937,32.232912412584405,2260200
2015-12-18,31.3482723236084,31.756910679330183,31.227029971663008,31.554835524768176,3849000
2015-12-21,31.581796646118164,31.694059534728574,31.06987814813402,31.514438227753626,1866200
2015-12-22,31.85569190979004,31.999388150820856,31.28539499076965,31.649128777432527,1490600
2015-12-23,32.5921516418457,32.65052709086104,31.945516525409822,32.14758828630087,2226400
2015-12-24,32.574180603027344,32.72685639534935,32.38557988569213,32.55621814052074,1052400
2015-12-28,32.668495178222656,32.749324581682636,32.327215094059305,32.45744043441099,1453600
2015-12-29,33.148983001708984,33.16694547359127,32.60563107473682,32.7987233649824,1910600
2015-12-30,32.9289436340332,33.33757867181075,32.910981164923435,33.05467749181091,1705200
2015-12-31,32.65950393676758,32.93791356190107,32.52927864314495,32.73135036628956,1508600
2016-01-04,32.381099700927734,32.39906216969567,31.765897993090704,32.15657398031445,2343600
2016-01-05,32.76279830932617,32.780760781147116,32.381105204606946,32.43499262006977,2235400
2016-01-06,32.45294189453125,32.61909213935481,32.24637866977204,32.28230360259717,2905400
2016-01-07,31.595252990722656,32.07573779408682,31.50993213863326,31.945512492578228,2887600
2016-01-08,31.334808349609375,31.87816017073899,31.276432896856626,31.842238659962973,2572800
2016-01-11,31.056398391723633,31.586275787586988,30.67470193729385,31.384204015469287,5576000
2016-01-12,31.698543548583984,31.89612730370472,31.294399941823993,31.334812932103578,4443200
2016-01-13,30.82288932800293,31.878159484367966,30.742059935013796,31.828763553875135,3480800
2016-01-14,30.903718948364258,31.06088626200213,30.225650336966027,30.813910033711327,3098400
2016-01-15,30.971078872680664,31.033945801232022,29.86192124953927,30.023580044668662,4480400
2016-01-19,31.137218475341797,31.590761290993562,30.71511254264646,31.186614397144954,4682800
2016-01-20,30.8049259185791,31.078847551671508,29.938256563678117,30.342403516272682,3882800
2016-01-21,30.11339569091797,30.908218848861868,30.09992469264628,30.620826132427755,2913200
2016-01-22,30.876779556274414,30.921684017377885,30.2570863446779,30.445690562897713,2594800
2016-01-25,29.920284271240234,30.87227417741257,29.731683563957457,30.683673470129794,3460000
2016-01-26,30.45915985107422,30.575910758199967,29.956221007334342,30.08644633542745,1656400
2016-01-27,29.682296752929688,30.36934484441323,29.51165845487184,30.301989875436636,6258200
2016-01-28,30.041536331176758,30.216666085527034,28.28574560185236,28.28574560185236,5249000
2016-01-29,30.01010513305664,30.1807434274289,29.534108331297887,29.93825526637977,4700600
2016-02-01,30.176252365112305,30.275044220142945,29.574525140456952,29.839463818957075,2881400
2016-02-02,29.448789596557617,29.87089555367701,29.349997747234976,29.86191603373407,3392800
2016-02-03,29.691280364990234,29.776597802936426,29.112003636874906,29.46675466072803,2476800
2016-02-04,30.463645935058594,30.598362728123668,29.731693371913938,29.91580609403685,3227000
2016-02-05,29.28714370727539,30.423243622050894,29.094051396693562,30.243622310301724,3631400
2016-02-08,28.689895629882812,29.098534076245972,27.975903786636135,29.098534076245972,4361400
2016-02-09,29.255699157714844,29.475733382651434,28.42046328641565,28.55966812296876,4319200
2016-02-10,29.305095672607422,29.745164131298672,29.156907886603285,29.296112725945775,3019200
2016-02-11,28.775218963623047,29.05362868184502,28.514768289294057,28.94136581456433,2004600
2016-02-12,29.264678955078125,29.448791673800812,28.874006429187062,28.995248799914215,2475600
2016-02-16,29.754148483276367,29.83946592464961,29.21977618935061,29.601469216730223,2498400
2016-02-17,30.14032554626465,30.207680502834908,29.65085783058629,30.010100253579388,3062600
2016-02-18,29.875391006469727,30.248104514568585,29.830486548792994,30.05501226316717,2425800
2016-02-19,29.664331436157227,29.785577220648143,29.260187957160717,29.74516081715452,2491600
2016-02-22,29.848453521728516,30.301996492489465,29.731699173356276,29.956224921615416,1567000
2016-02-23,29.650863647460938,29.875389349381425,29.430829418856153,29.628413132863084,2297600
2016-02-24,30.041536331176758,30.090932254300167,29.300600910315616,29.38143029124574,1956400
2016-02-25,30.01010513305664,30.063989107074086,29.601466724809903,29.93825526637977,3049200
2016-02-26,30.14959144592285,30.48703649686423,29.97861708987134,30.230578395455527,2054000
2016-02-29,29.798648834228516,30.379051295101405,29.798648834228516,30.09559869100056,2376600
2016-03-01,30.550018310546875,30.73898666788609,29.81213892531667,30.09559146132549,3412800
2016-03-02,30.626510620117188,30.905466412504833,30.307063072029,30.419544748088292,2350800
2016-03-03,30.905466079711914,30.95495829125853,30.460036175792347,30.48253388382928,1808000
2016-03-04,30.676000595092773,30.88746667988962,30.50952649090485,30.815476764780872,2107800
2016-03-07,30.26205825805664,30.635494655421233,30.068589719951998,30.4825212885169,3061000
2016-03-08,30.33405303955078,30.514024380865663,29.96511333455579,30.010105311717556,2327000
2016-03-09,30.370046615600586,30.58601290190752,30.203572531725083,30.203572531725083,1808800
2016-03-10,30.22606086730957,30.383534447753046,29.87961899033393,30.064087060948683,2211400
2016-03-11,31.053943634033203,31.17092555341787,30.311567222123134,30.545527628223688,4606800
2016-03-14,30.94144630432129,31.30588913191721,30.747977756947446,30.91895203716952,3220000
2016-03-15,30.855972290039062,31.15742233937388,30.53202453381795,30.62200849602687,2310400
2016-03-16,31.346385955810547,31.445370358798282,30.725488472525125,30.77048044679202,1723200
2016-03-17,32.21025085449219,32.38572542581491,31.422879128290166,31.422879128290166,2649800
2016-03-18,31.661338806152344,32.354226241781504,31.63434087361189,32.32722830924104,8239600
2016-03-21,31.445369720458984,31.625341046540765,31.26989862151282,31.584845867655286,2482400
2016-03-22,31.728824615478516,31.917796409967664,31.29689546017207,31.314892937393314,3071400
2016-03-23,31.71082878112793,32.01227878406701,31.64333910352442,31.75132052808948,1650800
2016-03-24,31.60284996032715,31.737829341316463,31.301399899808363,31.54436072598818,1301400
2016-03-28,31.656837463378906,31.79631361803094,31.422873697165738,31.724327143350692,1088000
2016-03-29,31.94929313659668,31.985284660624032,31.490366020400913,31.63434241451433,1079800
2016-03-30,31.899799346923828,32.12476266610853,31.733325254966733,32.10676518865361,1075400
2016-03-31,32.07526397705078,32.36321669278225,31.976279587393,32.232737582112186,2693800
2016-04-01,32.21924591064453,32.268738114038335,31.634339924718333,31.980785348474964,2678200
2016-04-04,31.76482391357422,32.358727012416814,31.706334679107965,32.14726091698521,1625800
2016-04-05,31.724328994750977,31.881802635430006,31.152920227999743,31.620844355065945,2961800
2016-04-06,32.07526397705078,32.097758244821186,31.674829624465858,31.72432181929475,2531600
2016-04-07,31.782821655273438,32.09327217518287,31.64334547742116,31.89080310158913,3865400
2016-04-08,31.85480499267578,32.00327816343134,31.638838711999615,31.99428114170914,2652200
2016-04-11,31.706331253051758,32.07077073740062,31.49486518047031,31.913297098031848,2577000
2016-04-12,32.01227569580078,32.09326261457856,31.611841328695988,31.773815166251552,1909400
2016-04-13,32.33622741699219,32.36772214308726,31.688331985701822,32.169753331822385,2436200
2016-04-14,32.32722854614258,32.35872327378071,32.04827622496707,32.13826018031378,1955200
2016-04-15,32.52068328857422,32.588172942673495,32.20123592068181,32.318217758942794,2720600
2016-04-18,33.57802200317383,33.59152268504918,32.340723813343075,32.340723813343075,4452800
2016-04-19,33.739990234375,33.92446176324154,33.5645191585916,33.63200882604685,3336000
2016-04-20,33.89297103881836,34.05044465966894,33.533028391730625,33.695002239653356,1774400
2016-04-21,33.816497802734375,33.95147377461944,33.4250602756631,33.83449185285063,2436000
2016-04-22,34.12242889404297,34.32939813379323,33.68150278454749,33.80748167297477,2627800
2016-04-25,33.60952377319336,34.504880395197304,33.564531788848505,34.22592459998981,4338200
2016-04-26,33.771507263183594,33.82099948983258,33.447559391542704,33.708517780661126,2629200
2016-04-27,33.6815185546875,33.847992696721704,33.4385576849628,33.834492010068494,3507400
2016-04-28,32.813148498535156,33.43854622504758,32.33172715296082,32.93013038075601,6683400
2016-04-29,32.11576461791992,32.74116241750956,31.84130907333246,32.601686247615895,5289200
2016-05-02,32.417205810546875,32.5431846817573,32.043765990411096,32.11125565217863,4930200
2016-05-03,32.1922492980957,32.55218851508532,31.764816972544434,32.52969424489894,3189600
2016-05-04,32.4127197265625,32.448714686232584,31.877305857641904,31.908800589186157,2835400
2016-05-05,32.31821060180664,32.4936816040054,32.277715445248504,32.42619196485227,2183600
2016-05-06,32.142757415771484,32.39921544057104,31.931291364457064,32.29123058500567,1926800
2016-05-09,32.403709411621094,32.588180949304395,31.886296612624452,32.06176769679444,3092400
2016-05-10,32.466712951660156,32.67367882576865,32.3317335659654,32.43971501492018,3926400
2016-05-11,32.466712951660156,32.763662794452905,32.36322829827173,32.52970241627281,1462000
2016-05-12,32.77265548706055,33.00661926698865,32.55219239005239,32.759158236808524,1910200
2016-05-13,32.457706451416016,32.75465967158307,32.39471699853229,32.628677333147884,1925200
2016-05-16,32.894134521484375,32.98861869706041,32.46220539056498,32.46220539056498,1808800
2016-05-17,32.26424789428711,32.88964582279211,32.169763685592336,32.844653832842525,1561400
2016-05-18,32.28223419189453,32.610682126799055,31.868302535504192,32.12926079253325,2606600
2016-05-19,32.13376235961914,32.214749298564385,31.697332934895805,31.962791458587247,2583000
2016-05-20,32.29124069213867,32.39472535294588,32.17426221099666,32.29124069213867,1995000
2016-05-23,31.92229652404785,32.25074451031886,31.908799272895426,32.18325482188858,1406400
2016-05-24,32.2867317199707,32.421707631770076,31.998778988931257,32.1832470981906,2411400
2016-05-25,32.435211181640625,32.678171989286035,32.282237765346096,32.349727450692264,1549400
2016-05-26,32.31373596191406,32.5746942758345,32.18775703317133,32.498207559479035,1298600
2016-05-27,32.575164794921875,32.57967318361903,32.223586132189624,32.223586132189624,1030200
2016-05-31,32.588687896728516,32.59319284624733,32.246122594196905,32.381343296509264,3103000
2016-06-01,32.41740036010742,32.58868471409184,32.0928652040237,32.58868471409184,2630200
2016-06-02,33.21071243286133,33.22423415963167,32.19654165837113,32.31373568853556,3078800
2016-06-03,33.46311569213867,33.553266237841754,32.99885155816577,33.08449371686078,2460600
2016-06-06,33.49018096923828,33.55328466644329,33.31889655777306,33.45412073115154,1834000
2016-06-07,33.58932876586914,33.77864322479996,33.409034521389934,33.58031542920209,2320200
2016-06-08,33.787662506103516,33.80569262150213,33.35044166464256,33.566799610533046,1934600
2016-06-09,33.75160598754883,33.79217461138096,33.39551890677019,33.52172972844206,1490200
2016-06-10,33.21071243286133,33.53073924236664,33.07548828737215,33.52623085381224,1772000
2016-06-13,32.46247100830078,32.99434725770411,32.3993673379387,32.94476531114932,2791000
2016-06-14,32.421913146972656,32.466986716123614,31.826933093058468,31.99821403138927,4720600
2016-06-15,32.457969665527344,32.53459506820937,32.187524842660345,32.453461277460015,4364000
2016-06-16,32.390357971191406,32.4174014221202,31.894541883772476,32.04328430277338,3434600
2016-06-17,32.210060119628906,32.39937115300677,31.98018047116006,32.39937115300677,3517200
2016-06-20,32.48050308227539,32.86814190300348,32.4264161837781,32.61121881846439,3659400
2016-06-21,32.44894790649414,32.67882751813213,32.42641284740303,32.457964681244164,2967000
2016-06-22,32.674320220947266,32.71939377952536,32.45345737669013,32.60220321500073,4873400
2016-06-23,33.143096923828125,33.323394619489406,32.859130374414065,33.070979908899126,2469200
2016-06-24,31.286048889160156,32.36332354417394,31.22294175457582,31.786370065310788,6176800
2016-06-27,30.80373191833496,31.0381198765385,30.429618364753505,30.92543428402678,5586600
2016-06-28,31.82241439819336,31.890026449468824,30.695558339908242,30.997554938194625,8062400
2016-06-29,32.17849349975586,32.30470079736862,31.7367679581112,32.13792834219073,14391000
2016-06-30,32.58417892456055,32.62474410285969,31.637620269760916,32.08836281384576,17198200
2016-07-01,32.187530517578125,33.01689524577953,31.57001192139616,32.737433597506566,9229800
2016-07-05,31.574514389038086,32.183016093382356,31.40323003332717,32.11089564068461,6127000
2016-07-06,31.700721740722656,31.795377255714193,31.2139190017155,31.592541061681647,14695400
2016-07-07,31.921585083007812,32.30021058748825,31.74579577557163,31.939615196449026,5987600
2016-07-08,32.282169342041016,32.44894181580143,32.070319880775415,32.309212783431065,4910800
2016-07-11,32.318233489990234,32.475996104464336,32.02975858638543,32.453457605570286,3062800
2016-07-12,32.12892150878906,32.6337542942943,32.119908172838976,32.6337542942943,5766600
2016-07-13,32.151466369628906,32.43543293329452,32.0297639574203,32.372329252479936,5562200
2016-07-14,32.13792419433594,32.28216157854763,31.727747091142696,32.28216157854763,10020600
2016-07-15,31.565507888793945,32.390367780862675,31.533956040190454,32.22810014836084,6147800
2016-07-18,31.520427703857422,31.54747115730815,30.956999497681576,31.502397588592654,5615800
2016-07-19,31.448299407958984,31.47534629356427,31.12376773072356,31.43477768460234,3932000
2016-07-20,31.795379638671875,31.85397493170793,31.35815881840049,31.38520227074133,2601200
2016-07-21,31.971162796020508,32.259637695044454,31.81340362294367,31.876507292174406,4563000
2016-07-22,31.89453887939453,32.03426794788792,31.82241843185458,31.935104051966594,2099200
2016-07-25,32.02975845336914,32.04778856463108,31.68719665606862,31.84946421853396,2315200
2016-07-26,32.214561462402344,32.26864835217149,31.908056477774025,31.966651754654524,2693400
2016-07-27,32.07032775878906,32.331759219417435,31.903551805169133,32.264147160442214,2157400
2016-07-28,31.966670989990234,32.10189517356522,31.76834654334579,32.02526974102319,2202600
2016-07-29,31.853973388671875,31.975675796095707,31.74579614565601,31.808899823989645,2638800
2016-08-01,31.867477416992188,32.0342532964814,31.77733033768975,31.975658038823884,2705000
2016-08-02,31.574514389038086,31.89003277235957,31.47084209800819,31.763825419030976,2507200
2016-08-03,31.597057342529297,31.691712881165447,31.448311450861066,31.588044003137277,3300800
2016-08-04,35.387794494628906,35.49597173130111,33.611867951372865,33.611867951372865,14480000
2016-08-05,35.676265716552734,35.80698144012748,35.121850988211044,35.387790822764345,6625000
2016-08-08,36.14954376220703,36.262229376726246,35.477938462562285,35.66724946962048,6702000
2016-08-09,36.09095001220703,36.622826272864,35.89713060945342,36.33435136256451,4108000
2016-08-10,36.145057678222656,36.4109942166157,35.924191282489566,36.14054928839913,2893600
2016-08-11,36.31180953979492,36.43351192328124,36.140528652134485,36.34786976000508,2104600
2016-08-12,36.19463348388672,36.51015193990888,36.03236586682011,36.3523927118978,2084800
2016-08-15,36.392948150634766,36.47859032528851,36.09545989160926,36.09545989160926,2774800
2016-08-16,36.19011306762695,36.397454189662625,36.10447089849992,36.27124684919675,1991400
2016-08-17,36.176597595214844,36.21716277356341,35.964748049014034,36.18110254465844,2023000
2016-08-18,36.18109130859375,36.27124185285985,36.00079709784481,36.22616830017262,3462800
2016-08-19,36.320831298828125,36.3523831361191,35.71232961456369,35.97826603760301,2590800
2016-08-22,36.37492752075195,36.37492752075195,36.08194757319738,36.1180043687055,2226600
2016-08-23,36.29829406738281,36.410979695774735,36.18110005096533,36.37491946935513,1946000
2016-08-24,35.9737548828125,36.374915399896345,35.90614626445507,36.21264783805433,1449800
2016-08-25,35.978248596191406,36.14502447753315,35.80245938237556,35.951205159878405,1633000
2016-08-26,35.468929290771484,36.12250455615964,35.23904964727331,36.12250455615964,2647000
2016-08-29,35.58161544799805,35.74388302948288,35.351735801079116,35.49146488112175,2488400
2016-08-30,35.644832611083984,35.68095233225882,35.41908952059057,35.48229731036343,1710400
2016-08-31,35.753177642822266,35.816385407611655,35.351355376133384,35.45519522775959,3244600
2016-09-01,36.05115509033203,36.069214943018174,35.53194552044061,35.8434719512884,4772000
2016-09-02,36.4168701171875,36.430414148922296,36.13694749792801,36.23627499007059,1861400
2016-09-06,36.56134033203125,36.656151985260976,36.33108149157902,36.57488436184049,2575800
2016-09-07,36.412353515625,36.52522503709652,36.14146255300645,36.45298560996332,2141600
2016-09-08,36.16402816772461,36.466522963175706,36.12790846077273,36.34462325791916,1317600
2016-09-09,35.12562942504883,35.95636241956036,35.12562942504883,35.95184659286487,2100000
2016-09-12,35.22042465209961,35.32426450558337,34.913414027102775,34.95404611466645,6776600
2016-09-13,34.83665466308594,35.414556079975505,34.723783184957064,34.93146629136649,2984000
2016-09-14,34.8050537109375,35.03982835735974,34.669609979138315,34.80054133107288,2689000
2016-09-15,35.351356506347656,35.37392874045704,34.610919714086855,34.79151136522173,3502400
2016-09-16,35.4235954284668,35.459715139528306,35.03080132094461,35.27009182330321,6848600
2016-09-19,35.382965087890625,35.65837187037415,35.30169745626326,35.65837187037415,2413400
2016-09-20,35.4868049621582,35.708032175402856,35.42359718694544,35.649340225438266,1928200
2016-09-21,35.70802307128906,35.73511457130543,35.252024729881946,35.53194382172304,2405000
2016-09-22,35.97892379760742,36.09179530813367,35.84799243204916,35.88411214211319,1847800
2016-09-23,35.820899963378906,36.037614773366776,35.68997204590868,35.80284355339788,1549000
2016-09-26,35.685455322265625,35.902166682229804,35.65836726341134,35.753178913966295,1478200
2016-09-27,35.920223236083984,35.99697847006069,35.36489741320303,35.44616502686423,2277400
2016-09-28,36.31301498413086,36.34461886275067,35.84346918423331,35.89313291414508,1473400
2016-09-29,36.52521896362305,36.66066270012778,36.30850416282462,36.31301998741091,3301200
2016-09-30,36.99928283691406,37.1302142133159,36.38074911252569,36.6922721650738,4477600
2016-10-03,36.50265121459961,36.87286968610431,36.38075148080901,36.81869355755989,2014000
2016-10-04,35.861541748046875,36.529742704461384,35.8434818903529,36.44847506712132,1603800
2016-10-05,35.84798049926758,36.05114777276011,35.74865305193736,36.0285755449076,1912200
2016-10-06,35.915706634521484,36.033090494683385,35.66287217476023,35.87507111018525,1673000
2016-10-07,35.360382080078125,36.04212687945115,35.29717431797092,36.04212687945115,1331000
2016-10-10,35.76673126220703,35.7938193273616,35.568076265564855,35.60419598214811,1484600
2016-10-11,35.38747787475586,35.67191631099915,35.10755870837731,35.64031242303494,1565200
2016-10-12,35.52743911743164,35.6041909208361,35.310724293304915,35.46423134467911,733800
2016-10-13,35.4868049621582,35.568072593798234,34.93147901642249,35.1301305479917,1183000
2016-10-14,35.7847900390625,36.02407712620514,35.71255060807909,35.73061046582494,1064600
2016-10-17,35.90216827392578,36.069219348251515,35.72608899443669,35.89314006876242,2492400
2016-10-18,36.53425216674805,36.606491591752764,36.091797744572986,36.20918164335759,2781000
2016-10-19,37.0308723449707,37.080536069995276,36.47554661178916,36.58390226431364,2978200
2016-10-20,36.16853713989258,36.95412167215571,35.92473433100454,36.94509346941061,2606200
2016-10-21,35.97441101074219,36.213698082135174,35.51840910522861,35.86605531596461,1742400
2016-10-24,36.25883865356445,36.46652179503775,36.10985089514897,36.22723477213514,1948800
2016-10-25,36.00600814819336,36.24077935029094,35.96537606198148,36.127907851393786,1416600
2016-10-26,35.90667724609375,36.23174768297788,35.7531736756565,35.996976503319594,1665400
2016-10-27,35.37844467163086,35.78026695237626,35.36941302230795,35.730603214795146,2499400
2016-10-28,34.80958938598633,35.50487862832714,34.565786396238245,35.43264261908701,4521000
2016-10-31,34.7960205078125,35.04885152650085,34.50706978800745,34.84116841192623,3372600
2016-11-01,34.70573425292969,34.94050548568446,34.4258116590682,34.86826950813116,3148600
2016-11-02,34.728302001953125,34.83666112113072,34.312935712133374,34.66057841360832,3573000
2016-11-03,35.32427215576172,35.540987003396616,34.37163619149879,34.71476659835169,4070200
2016-11-04,34.52964782714844,35.24750885204393,34.51158797535324,35.2249331761588,2436000
2016-11-07,35.4958381652832,35.52744205427197,34.89084500448534,35.05789610032058,3559600
2016-11-08,35.938289642333984,35.965381148204635,35.30620847020804,35.44617149093814,2495000
2016-11-09,35.482276916503906,35.66738779770561,34.908891311819936,35.43712901326776,3748000
2016-11-10,34.263275146484375,35.595157580689516,33.92917644285987,35.56806952067175,5893600
2016-11-11,34.29939270019531,34.335512407658626,33.680855627004405,34.091709549128595,2854000
2016-11-14,34.38969802856445,34.466449844712216,33.793736468973535,34.42130192018799,3512200
2016-11-15,34.489017486572266,34.660580937582814,34.30842238602351,34.412265688322684,2124400
2016-11-16,34.53416061401367,34.570280318030115,34.1594298796779,34.40774509452068,2284000
2016-11-17,34.53416061401367,34.78247927342102,34.46643703012398,34.57930852175194,1800800
2016-11-18,34.489017486572266,34.660580937582814,34.3896900090422,34.498049136110474,1033800
2016-11-21,34.35808181762695,34.547705099377524,34.145882859426,34.46192510690823,1938400
2016-11-22,34.61995315551758,34.64252883760677,34.064623755039,34.466446095355145,5092400
2016-11-23,35.062400817871094,35.247508267715304,34.52513143070535,34.59285501267351,2850600
2016-11-25,34.78701400756836,35.238500219505305,34.73735024868998,35.143685083780085,1206800
2016-11-28,34.91792678833008,35.10755353272546,34.628976013950854,34.692183780561,1777000
2016-11-29,34.8455810546875,35.193809210107354,34.72799604296044,34.77774341521552,1681400
2016-11-30,33.94559097290039,35.0807296436827,33.936547569110864,34.97671152310167,4493200
2016-12-01,33.063716888427734,34.10840440932332,32.75618936296369,33.96368577677344,4320200
2016-12-02,33.56119155883789,33.615462347347695,33.054674550507556,33.07728824164452,3420600
2016-12-05,33.28079605102539,33.828016986866785,33.12251057181554,33.692341747335675,2470200
2016-12-06,33.55665969848633,33.70590174161342,33.06823652608744,33.06823652608744,2080400
2016-12-07,34.180782318115234,34.180782318115234,33.493365886507725,33.62451775109555,2426800
2016-12-08,34.40237045288086,34.53804570153304,34.22147127146624,34.37975676131719,2287400
2016-12-09,34.75059509277344,34.76416537658811,34.384276788162246,34.43402414438902,2174200
2016-12-12,34.51090621948242,35.370174684615485,34.46568228981535,34.931495321079076,2433000
2016-12-13,34.949588775634766,34.976722445840714,34.32096677985375,34.488299130308725,2822800
2016-12-14,33.909423828125,34.95411151483269,33.846106181618104,34.91340755996146,3314400
2016-12-15,34.50639343261719,34.78226394654953,33.855157668532264,33.882291341914005,4327000
2016-12-16,34.66920471191406,34.832010213550376,34.402377587657604,34.69181495780201,5912400
2016-12-19,34.61039352416992,34.63752718608736,34.22598502876259,34.565169604186224,1961200
2016-12-20,34.51090621948242,34.54708674336195,34.22146892917556,34.52447305334608,1905600
2016-12-21,34.51090621948242,34.82295719980516,34.44307205016415,34.55161017143806,2735800
2016-12-22,34.57422637939453,34.58779666596539,34.339059834311804,34.51995903457212,1732000
2016-12-23,34.47019577026367,34.633004630372454,34.38879134020928,34.574210433444264,732400
2016-12-27,34.58327102661133,34.75512335817326,34.43855236572627,34.60136129051759,751800
2016-12-28,34.375240325927734,34.82296317203737,34.32549295965275,34.78678264195279,1491600
2016-12-29,34.23051834106445,34.519955652981444,34.08579968510596,34.375236997022945,1120000
2016-12-30,33.95011901855469,34.41140858258033,33.83253405111114,34.41140858258033,1638400
2017-01-03,34.25765609741211,34.43855530153092,33.93203822007132,34.239565831963695,1830600
2017-01-04,34.77772521972656,34.80485888117292,34.26668492672764,34.28477518447984,2219800
2017-01-05,34.7596435546875,34.872705105815065,34.501863356131246,34.68728250579079,1965800
2017-01-06,34.91340637207031,34.981243994304315,34.65110618999153,34.79130141234095,1001800
2017-01-09,34.36166763305664,34.93601878620335,34.3073968471798,34.85461433257042,1329800
2017-01-10,34.19884490966797,34.55159624944638,34.03603606817589,34.28929273255767,2671200
2017-01-11,34.69180679321289,34.714420484144405,34.07222823555632,34.23051717134731,1581600
2017-01-12,34.8455810546875,34.908895264763835,34.320973656494225,34.506396307693265,1572200
2017-01-13,34.447601318359375,34.931504742071134,34.167210808583675,34.90889449632197,2118600
2017-01-17,34.592308044433594,34.60587487726633,34.23051318422436,34.37975179574891,1410400
2017-01-18,34.81391525268555,34.92697680677273,34.52899792815237,34.72346393919692,1718800
2017-01-19,34.19432830810547,34.96766873435872,34.153624364426896,34.80485986037235,1283000
2017-01-20,33.909423828125,34.33001295984815,33.66068702159226,34.33001295984815,2504200
2017-01-23,34.090309143066406,34.14005648917208,33.80539534748614,33.93202370107737,1904600
2017-01-24,34.578758239746094,34.64207245772061,34.244096880399944,34.244096880399944,1808000
2017-01-25,34.70989990234375,34.81843803691335,34.538047568411464,34.67371937403219,1656200
2017-01-26,34.53351974487305,34.66467155553761,33.95916514470876,34.651104721738626,3349200
2017-01-27,34.79582214355469,34.80034212108576,34.47020434236203,34.628489815062764,1439200
2017-01-30,34.58777618408203,34.66918060347556,34.02698865032073,34.66918060347556,1839600
2017-01-31,34.48828125,34.62847640720044,34.275725075945665,34.58777592299251,2357400
2017-02-01,34.61039352416992,34.868173663477336,34.12196690747254,34.61491695127747,3252800
2017-02-02,33.15869140625,34.470206082661825,32.97779223530273,34.41593529626824,7492800
2017-02-03,33.39386749267578,33.83254698669509,33.14965750976168,33.80088988147544,4874400
2017-02-06,32.98683547973633,33.25818248126439,32.855683681418824,33.11798727805383,3635000
2017-02-07,32.84211730957031,33.12250771992445,32.62051420739217,33.12250771992445,3302000
2017-02-08,33.674251556396484,33.69234181839643,32.70192153867855,32.78784942058713,4216200
2017-02-09,33.502403259277344,33.62903165809276,33.42552222433443,33.56119403005162,1850800
2017-02-10,33.61545944213867,33.7737449153231,33.46621737440855,33.60189260877494,1761800
2017-02-13,33.398372650146484,33.85061873464505,33.37123898919299,33.73755721352041,2599400
2017-02-14,33.3486328125,33.56571250008989,33.20843759886014,33.380289907527214,1530800
2017-02-15,33.06825256347656,33.448137820730075,33.04563886705477,33.3305528099949,2771000
2017-02-16,33.00492858886719,33.38933716174439,32.96422463742404,33.1858243052579,2793800
2017-02-17,33.136077880859375,33.21296235789067,32.84664058604956,32.99135923345447,5513000
2017-02-21,33.33053970336914,33.39837731559298,33.14059714943382,33.19939135686448,2812000
2017-02-22,33.21295928955078,33.393854994321536,33.09085089342968,33.20843586182219,2678400
2017-02-23,33.47978210449219,33.62450073522132,33.23104879093255,33.35767716152499,4226000
2017-02-24,33.04563522338867,33.4029101951923,32.851169186846576,33.34863939998337,3107800
2017-02-27,33.299339294433594,33.38088883504788,33.00938614036375,33.05469067259074,1475200
2017-02-28,33.31292724609375,33.5213308403914,33.27215420779187,33.29480474356605,1978000
2017-03-01,33.97890853881836,34.024213058900784,33.462429405549386,33.62552844305678,3744600
2017-03-02,33.195133209228516,33.72520691075551,33.00485211458497,33.00485211458497,3291800
2017-03-03,33.439788818359375,33.51227884475254,33.11359061261956,33.23138517725109,2705200
2017-03-06,32.95048522949219,33.25856083759827,32.76020069469602,33.16794833138255,2316000
2017-03-07,32.74660873413086,32.99578879836254,32.683181709874354,32.900648261977786,1445000
2017-03-08,32.92783737182617,32.95501940049687,32.61976170633906,32.74208429187153,1516200
2017-03-09,33.23138427734375,33.25403827410682,32.796454500306815,32.945962583307995,2945000
2017-03-10,33.4080696105957,33.60741369273806,33.1996660049533,33.33105156304584,2063400
2017-03-13,33.670841217041016,33.7252087283753,33.485091602215334,33.702554734524135,3220600
2017-03-14,33.548526763916016,33.702562898572005,33.471505240073014,33.54399527274525,2164800
2017-03-15,33.951744079589844,34.04235316662219,33.51681424010738,33.707095396784375,2728800
2017-03-16,33.865665435791016,34.01064205926222,33.77958437742784,34.0061105676338,2141400
2017-03-17,34.03328323364258,34.06499675005788,33.901897678060884,33.969856200811975,2718200
2017-03-20,34.11935806274414,34.25074360777357,33.88830394306727,34.02421752113947,2410200
2017-03-21,33.51680374145508,34.18278758121479,33.46696772224316,34.13295156200287,2787600
2017-03-22,33.688968658447266,33.73880468701271,33.344647949226385,33.553051588447936,1668000
2017-03-23,33.66631317138672,33.983451835178755,33.54852206954908,33.630071616636805,1958400
2017-03-24,33.403541564941406,33.70255423153195,33.109056931842176,33.648186721009075,2316800
2017-03-27,33.403541564941406,33.41260108843816,32.91877582978327,32.98673089729423,2599600
2017-03-28,33.5258674621582,33.566640506701454,33.12718271506152,33.29028180626345,2486200
2017-03-29,33.33106231689453,33.49416144463032,33.081882133821736,33.3944893714012,2846800
2017-03-30,33.35371398925781,33.40807805703103,33.24045090604363,33.29934646496961,2168800
2017-03-31,33.643653869628906,33.71614041676497,33.20419272791516,33.249497251939395,3625200
2017-04-03,33.23138427734375,33.67537703569175,33.14530669397624,33.652723038928684,3567000
2017-04-04,33.24949645996094,33.267618960441695,32.96860288727952,33.204191937015814,2463400
2017-04-05,32.914241790771484,33.444312015390935,32.90065077832183,33.299335455071585,3057400
2017-04-06,32.80098342895508,33.08640510069722,32.76926990987262,32.90971500059289,2916400
2017-04-07,32.72396469116211,32.86440977894147,32.59257912728188,32.710370220541996,1813400
2017-04-10,32.719425201416016,32.90970626540468,32.49743062676258,32.65599818008646,1338400
2017-04-11,32.73302459716797,32.75114710169206,32.37511290997431,32.660534579071594,1892000
2017-04-12,32.5019645690918,32.87799873285701,32.38870151662137,32.71943115070121,3045600
2017-04-13,32.40682601928711,32.62882064800221,32.29809445003073,32.46572502237478,2605200
2017-04-17,32.75569152832031,32.764751055903126,32.49292029371486,32.556347356341604,2197000
2017-04-18,32.74660873413086,32.819098737003195,32.52008265992518,32.55179617205343,2611800
2017-04-19,32.98221969604492,33.18156042333271,32.85989359906872,32.968625219090775,2467000
2017-04-20,33.195133209228516,33.34464126495444,32.98672961178359,33.22684672500244,1979600
2017-04-21,33.38089370727539,33.43072973695335,33.14077654056235,33.14530803140073,2331800
2017-04-24,33.70256423950195,33.73427776592909,33.444324536733745,33.625546169109626,2804600
2017-04-25,34.0423469543457,34.15561002072469,33.711620736167184,33.77051628633904,3645200
2017-04-26,34.055946350097656,34.237167992203766,33.98798780224345,34.0740688599598,2721000
2017-04-27,35.0435905456543,35.04812203593946,33.992509472929214,34.0559365108641,4868600
2017-04-28,34.835201263427734,35.12515454374829,34.785365219324284,35.01642292775702,3698400
2017-05-01,34.848777770996094,35.043590374132386,34.848777770996094,34.91220480862053,2084800
2017-05-02,34.79440689086914,35.01640147902253,34.631307838528066,34.87595641703968,2433000
2017-05-03,34.531654357910156,34.82160761635501,34.47728682575844,34.71287600856706,4234200
2017-05-04,36.4661865234375,36.810507313517505,35.61444926009799,35.899871026306464,7150400
2017-05-05,36.2623176574707,36.52055740961902,36.15358603985978,36.24419514511625,4825600
2017-05-08,36.067481994628906,36.27135407984344,35.98140097990945,36.22151806674414,3472800
2017-05-09,36.081077575683594,36.198872117610655,35.83189747862905,36.058423582673534,2574400
2017-05-10,36.33026123046875,36.443524293582556,35.94969554101889,36.00406305565869,2065200
2017-05-11,36.24416732788086,36.375552849226004,35.98139628519056,36.28947184573808,2221400
2017-05-12,36.40728759765625,36.56585523092262,36.12639389264499,36.130925384028366,1695200
2017-05-15,36.597557067871094,36.706288630735685,36.31213541915877,36.375562452205955,1432800
2017-05-16,36.61115646362305,36.715360016924095,36.4344663373205,36.59303395624396,1731800
2017-05-17,36.22605514526367,36.58849830435802,36.20793264165754,36.316667663294325,2012300
2017-05-18,36.01765441894531,36.135448973548286,35.64615170659538,35.872677835016425,3053100
2017-05-19,36.280426025390625,36.407280105900156,36.02671440785711,36.35291259003274,2170300
2017-05-22,36.40728759765625,36.59756875757589,36.17169843693321,36.280433491043155,1353400
2017-05-23,36.361968994140625,36.84220319964224,36.271356484084016,36.49788257445479,1570400
2017-05-24,36.53413391113281,36.58850142659059,36.316670762330574,36.316670762330574,2236700
2017-05-25,36.896575927734375,36.96000296549406,36.5885002629669,36.71535433848628,1447700
2017-05-26,36.869384765625,36.905629769196636,36.715348685216235,36.82408023941735,1558000
2017-05-30,37.08739471435547,37.150978015736946,36.53330868943398,36.76947474241803,2411700
2017-05-31,37.15097427368164,37.28722270647679,36.969306231591744,37.06013852012184,2616100
2017-06-01,37.623313903808594,37.72323152031806,37.0692312882177,37.21456505813227,1467200
2017-06-02,37.56881332397461,37.98664745063628,37.505230020570885,37.62331131830343,2103700
2017-06-05,37.42348098754883,37.74139751666026,37.34173052791585,37.605149060625486,3606900
2017-06-06,37.23272705078125,37.63239399638131,37.22364174234152,37.31447750158921,1744900
2017-06-07,36.99656677246094,37.3508176593382,36.96023245969641,37.3508176593382,1799800
2017-06-08,36.79672622680664,37.0692300683304,36.46972785403264,36.923896303198525,2269000
2017-06-09,36.58781433105469,36.86940005677654,36.46064770170636,36.79673143141705,1918600
2017-06-12,36.72406005859375,36.751309055978545,36.38797638573728,36.42430722724028,2200200
2017-06-13,37.43257141113281,37.45982388061001,36.70590241731078,36.751318579731326,2195100
2017-06-14,37.49614715576172,37.73231669668233,37.41439669390926,37.46889815682103,2959900
2017-06-15,37.37807083129883,37.39623452299284,36.91481699739198,37.096485099609744,1516200
2017-06-16,37.38713836669922,37.69597298274943,37.132805199962405,37.550639249609894,2697600
2017-06-19,38.050228118896484,38.1501457216198,37.33264121300169,37.532476418448326,2167900
2017-06-20,37.95939636230469,38.24097855757176,37.75047931048301,37.93214390161145,2186000
2017-06-21,37.950313568115234,38.34998401114976,37.79589796241931,37.93214641479274,1799100
2017-06-22,37.85039520263672,38.13198087597542,37.85039520263672,37.95031281140304,2211700
2017-06-23,38.21373748779297,38.422654582946,37.71415282851132,37.91398807823625,5109900
2017-06-26,38.41356658935547,38.56798219213337,38.19556421863534,38.23189852459372,1865000
2017-06-27,38.231895446777344,38.53164478422764,38.059312704913836,38.40447818864085,2346400
2017-06-28,38.62247848510742,38.81322836832989,38.28639486252075,38.34089284913879,2543600
2017-06-29,38.177391052246094,38.68606086045121,37.97755933101125,38.64972656021593,1632200
2017-06-30,38.34088897705078,38.52255699916661,38.24097139163561,38.24097139163561,1695500
2017-07-03,38.57706832885742,38.84048339013223,38.48623256201248,38.54981586628884,931000
2017-07-05,38.67698669433594,38.940401760749126,38.51348577585588,38.613399923789004,2580500
2017-07-06,38.16831588745117,38.68606762878372,38.13198158085902,38.54073386744529,2025900
2017-07-07,38.42264175415039,38.49531035343484,38.15922327928857,38.26822617821524,1826200
2017-07-10,38.29548263549805,38.49531785745529,38.17739787115693,38.25914832877306,2096800
2017-07-11,37.84130859375,38.33181126682303,37.76864345608901,38.33181126682303,3313800
2017-07-12,38.11381912231445,38.21373674523535,37.83223687411623,38.00481965414193,1930700
2017-07-13,37.895809173583984,38.23189279071909,37.83222588020787,38.17739133995545,1302600
2017-07-14,38.24098587036133,38.42265396125997,38.03206877858862,38.03206877858862,2168100
2017-07-17,38.54072570800781,38.54980755021805,38.08655736684819,38.21372394796818,1802400
2017-07-18,38.53165054321289,38.58615200590873,38.386316774387694,38.49531969977937,1287800
2017-07-19,38.63155746459961,38.71330790349721,38.386306147906815,38.60430847331021,1223300
2017-07-20,38.53165054321289,38.74057108436509,38.32273346709107,38.604319160140676,1435900
2017-07-21,38.98581314086914,39.02214744386874,38.395396309759974,38.44989776425937,1477700
2017-07-24,38.767826080322266,39.04032650589471,38.67699376014175,38.931327028671916,1372700
2017-07-25,38.613399505615234,39.11298756502182,38.54981620078716,39.0130699531405,1690300
2017-07-26,38.52256774902344,38.75873381815645,38.45898444329415,38.64973436048201,1335000
2017-07-27,38.41356658935547,38.55890034815884,38.168315221681624,38.540733195179655,1692800
2017-07-28,38.050228118896484,38.48622936848283,37.98664481989618,38.422646069482525,1659900
2017-07-31,38.059322357177734,38.16832182889132,37.69598616475814,38.15015467276727,2683200
2017-08-01,38.14106369018555,38.36814788979005,38.068395083097755,38.22281414064437,2582500
2017-08-02,38.04115295410156,38.18648672947892,37.76865255839783,38.01390048900982,2376900
2017-08-03,36.88756561279297,38.23190393834399,36.47881327545602,37.96848538039011,4254000
2017-08-04,36.84212875366211,37.06921287290676,36.45154379135902,36.851210593819275,2918900
2017-08-07,37.39622116088867,37.632390648894926,36.9693052580044,36.9693052580044,3441700
2017-08-08,37.323570251464844,37.477985889763424,37.187318305293566,37.28723593714838,3614100
2017-08-09,36.58781433105469,37.50523666854896,36.424313389026615,37.14190047181307,3598600
2017-08-10,36.378883361816406,36.74221942003615,36.32438537860406,36.53330239932011,2081500
2017-08-11,36.47881317138672,36.64231410585505,36.24264707994947,36.24264707994947,1659300
2017-08-14,36.91481018066406,37.10556009350476,36.769476418733504,36.769476418733504,1395900
2017-08-15,36.624149322509766,36.87848258592012,36.52423169330403,36.78765026756809,1938900
2017-08-16,37.07830810546875,37.1328095611833,36.796722448488445,36.823974908860684,1227000
2017-08-17,36.57872009277344,37.06013744507134,36.50605149203359,36.87846940825132,3943500
2017-08-18,36.44247055053711,36.62413859908019,36.251720658830294,36.50605384777271,2245800
2017-08-21,35.961055755615234,36.478807478960896,35.861138148473074,36.39705702448368,2373900
2017-08-22,36.115478515625,36.22448145322453,35.988311886789646,35.988311886789646,1350500
2017-08-23,35.77938461303711,36.05188494948616,35.670385171463444,35.95197081597767,1783500
2017-08-24,35.61589050292969,35.92472520041238,35.37063911389663,35.90655804585099,1653100
2017-08-25,35.697635650634766,35.78847140991643,35.470551449975474,35.77938610147331,1599000
2017-08-28,35.49781036376953,35.7521436059361,35.44330889829217,35.72489460571269,1666400
2017-08-29,35.47964096069336,35.49780811470144,35.234389579129704,35.379723346164056,1843700
2017-08-30,35.98049545288086,36.06245572163598,35.41588219808067,35.43409597712883,1640700
2017-08-31,36.41762924194336,36.82742722477051,36.17174836789261,36.17174836789261,2097200
2017-09-01,36.56333541870117,36.73636115353148,36.454052716143465,36.617973296055986,1535400
2017-09-05,36.41762924194336,36.64529633192471,36.22638624617671,36.536013627508304,3402400
2017-09-06,36.426727294921875,36.58153921844205,36.08067241292156,36.50868757029239,2168300
2017-09-07,36.66350555419922,36.66350555419922,36.007826716776464,36.454052254502116,2257600
2017-09-08,36.68172073364258,36.75457587053093,36.49958983926997,36.654401794271514,1970100
2017-09-11,37.282752990722656,37.48310109634719,36.80920513356133,36.92759296633249,2671600
2017-09-12,37.0824089050293,37.401141374194744,37.055086497727,37.29186216675564,1443500
2017-09-13,36.75457000732422,37.091516276871744,36.65439594704489,37.02776977922555,1648700
2017-09-14,36.80010986328125,36.92760288330869,36.51780140898889,36.67261684325381,1976300
2017-09-15,36.90937805175781,36.918486678418915,36.672605867417325,36.727247205614304,2115300
2017-09-18,37.137046813964844,37.200793307870335,36.98223489274391,37.09151410030712,1538900
2017-09-19,36.982242584228516,37.40114919528024,36.71814792659517,37.40114919528024,1560600
2017-09-20,37.137046813964844,37.28275358202359,36.98223489274391,37.02776760640163,1543900
2017-09-21,37.15525817871094,37.246327074029274,36.94580493036348,37.07329790988601,1254700
2017-09-22,37.337398529052734,37.464891529177805,37.04598496478866,37.14615902886513,1748000
2017-09-25,37.164371490478516,37.392038546591394,36.96402336944364,37.392038546591394,2466000
2017-09-26,37.31008529663086,37.37383180643838,37.10063198241697,37.25544394225688,1713500
2017-09-27,37.32829284667969,37.537746125909734,37.0550895943657,37.32829284667969,3171600
2017-09-28,37.719879150390625,37.78362912711644,37.200798499618195,37.200798499618195,1949900
2017-09-29,37.610595703125,37.70166460684448,37.346501093223715,37.6743421987669,3090400
2017-10-02,37.66524124145508,37.738092898623236,37.32829494496415,37.65613261310665,2417400
2017-10-03,37.8655891418457,38.00218730090541,37.56506693885145,37.76541507418095,2051900
2017-10-04,38.029510498046875,38.17521730172046,37.67435038121279,37.902017479073024,1742100
2017-10-05,38.275386810302734,38.330028157877415,37.9930818659764,38.07504215037652,2021200
2017-10-06,38.26628112792969,38.384668975745846,38.02950543229737,38.12057434366509,1267600
2017-10-09,38.302711486816406,38.38467177606482,38.06593577391033,38.26628391961178,1313800
2017-10-10,38.703399658203125,38.82178750044447,38.38466716823442,38.484837755136304,2110100
2017-10-11,38.521263122558594,38.81267666075701,38.411983914215035,38.703397452413455,2113300
2017-10-12,38.475738525390625,38.61234017008001,38.402883388509856,38.45752474117043,1627200
2017-10-13,38.56679153442383,38.81267233121143,38.52125882552013,38.557686382212296,1889400
2017-10-16,38.42109680175781,38.60323116827703,38.20253834107403,38.60323116827703,1756000
2017-10-17,38.2298469543457,38.475727761645935,38.07503504266953,38.35733993429623,1384500
2017-10-18,38.34824752807617,38.48484570603071,38.26628723173373,38.30271480209133,1348800
2017-10-19,38.193424224853516,38.33913100235042,37.956652014142385,38.26627935056377,2541000
2017-10-20,38.521263122558594,38.521263122558594,38.1752082432267,38.42108906744225,1503600
2017-10-23,39.076778411865234,39.268017929921946,38.57591151860641,38.830897542682024,2809700
2017-10-24,39.085872650146484,39.231582879120566,38.85820562825908,39.20426047422639,2293000
2017-10-25,38.65787124633789,39.08588299853908,38.457523102377344,39.03124512213091,1688500
2017-10-26,38.9128532409668,39.05856001952106,38.676081028537475,38.931067022526534,1744600
2017-10-27,38.94927978515625,39.08587793239537,38.53037324201197,38.94927978515625,1804800
2017-10-30,38.830902099609375,39.031250269994,38.62144877326383,38.87643482726285,1238400
2017-10-31,39.09497833251953,39.15872481593397,38.74892351261057,38.93105781119017,1628900
2017-11-01,38.88554000854492,39.37730176100874,38.80357971646762,39.3408741925468,2264800
2017-11-02,38.06592559814453,39.00391609633847,36.672604527307534,38.8217817829274,5981000
2017-11-03,38.02040100097656,38.33002835766602,37.72898742690694,38.084147503184056,2866600
2017-11-06,37.7471923828125,38.084138597679086,37.48309780746596,38.084138597679086,2753000
2017-11-07,37.38292694091797,37.98396778221838,37.37382178792517,37.79272830405991,2244500
2017-11-08,37.10062026977539,37.48309920787217,37.036870306169455,37.38292516010688,3323200
2017-11-09,36.71815490722656,37.13706159791827,36.554234293664635,36.83654278900457,2857000
2017-11-10,36.40851593017578,36.672610554328756,36.3720883667222,36.63618299087517,2826200
2017-11-13,36.70903778076172,36.754570497698836,36.22638125424213,36.27191744510287,4434800
2017-11-14,36.41762924194336,36.690829055136156,36.33566895059311,36.508694688366255,3021000
2017-11-15,35.862117767333984,36.563332758401614,35.843903984899576,36.26281055911958,3501000
2017-11-16,36.900272369384766,37.05508428116935,35.92585776602542,35.97139047690776,3258800
2017-11-17,36.40851593017578,36.88206383330135,36.38119699454742,36.627077836973605,2979100
2017-11-20,36.18996047973633,36.45405165172954,36.03514505926202,36.41762755919789,2251900
2017-11-21,36.06245803833008,36.41762154170048,36.03513910496442,36.35387157397499,2280200
2017-11-22,35.98960494995117,36.21727198267562,35.89853605250745,36.189953050404114,1632300
2017-11-24,36.37208938598633,36.39941179630401,36.062462035801445,36.162636101144166,699200
2017-11-27,36.46316909790039,36.68172760163833,36.372100159738935,36.42674152263581,1947700
2017-11-28,36.04423904418945,36.71813138021686,35.88031853565899,36.617957350123525,2450600
2017-11-29,36.02604293823242,36.1717497424003,35.92586885900621,36.02604293823242,2034400
2017-11-30,36.43687057495117,36.54642671544064,35.971254365825764,36.01690246746913,2658800
2017-12-01,36.28167724609375,36.59208930645611,35.58781335458826,36.50078959298015,1628600
2017-12-04,37.11247253417969,37.58721694769175,36.637724637940885,37.01204462576211,3345400
2017-12-05,37.24028778076172,37.37723207606654,36.902484190344495,37.12159993864954,2198800
2017-12-06,37.24942398071289,37.49592794429851,37.16725599285102,37.32246374002452,2202100
2017-12-07,37.25856018066406,37.35898463772493,37.10335241479213,37.13074058646983,1679700
2017-12-08,36.15386199951172,36.79294613986603,35.25001736502453,36.7564262500793,6541700
2017-12-11,36.15386199951172,36.47340581105306,35.898229736461346,36.16299371332259,3140100
2017-12-12,35.50564956665039,36.23602994747961,35.441741500998354,36.1538619369658,4210200
2017-12-13,35.27741241455078,35.688252547879834,35.20437610347509,35.51478826168715,3298500
2017-12-14,34.957855224609375,35.423471496812745,34.93046357373102,35.34130350963245,2391900
2017-12-15,35.971256256103516,36.10820056823,35.049148533907236,35.43260026986099,7210100
2017-12-18,35.176971435546875,36.354711554804744,35.140455034872595,36.19037556222329,4229700
2017-12-19,34.93046188354492,35.788661593174815,34.93046188354492,35.26826552712262,4274600
2017-12-20,34.683963775634766,35.067412068183515,34.45571974929076,34.94872419932094,5611900
2017-12-21,34.355289459228516,34.92133363049381,34.30964135364259,34.875685524907894,2394100
2017-12-22,34.66569900512695,34.66569900512695,34.108783101214335,34.30050722077302,2678000
2017-12-26,34.327903747558594,34.6930956208694,34.17269946517458,34.68396739126415,2962600
2017-12-27,34.29138946533203,34.537893472639546,34.1635698638656,34.40094564100381,1941000
2017-12-28,34.62004089355469,34.63830082760276,34.19094463296697,34.39179694204319,1699700
2017-12-29,34.556156158447266,34.775272031993694,34.42834001668212,34.620064229329834,1551300
2018-01-02,35.26826858520508,35.286528525581275,34.7935205836065,34.80264881243084,2852100
2018-01-03,35.176971435546875,35.31391925694068,35.01263544296542,35.31391925694068,2587800
2018-01-04,35.012638092041016,35.45999799074421,34.966989975698574,35.26827381246915,2166900
2018-01-05,35.231754302978516,35.31392230636461,34.92134223271195,35.11306641303681,2379900
2018-01-08,35.25914764404297,35.450875335195136,35.12220327348123,35.21349952052239,2605600
2018-01-09,35.14957046508789,35.44172246046531,35.13131053003599,35.350426267932306,2447600
2018-01-10,34.556156158447266,35.11307233276281,34.49224808756469,35.0582959764227,2584600
2018-01-11,35.04003143310547,35.10393949560383,34.41007555600987,34.54702339435105,3639900
2018-01-12,34.6017951965332,35.122191289101345,34.41006757080226,35.122191289101345,4122300
2018-01-16,35.04915237426758,35.18610018412662,34.60179602981932,34.69309224790703,4402800
2018-01-17,35.642581939697266,36.464258205426376,35.53302231808523,35.87995415440296,4190900
2018-01-18,35.414344787597656,35.86170113931597,35.35043673735218,35.5421608880886,3354500
2018-01-19,35.350440979003906,35.55129338270646,35.14045686261199,35.41434903691762,3923000
2018-01-22,34.473976135253906,35.259136141488774,34.30051192937333,35.259136141488774,3914900
2018-01-23,35.058284759521484,35.06741298841471,34.29138467157172,34.41920077244209,3122300
2018-01-24,35.459999084472656,35.57868697680624,35.19523512570087,35.204366838887836,3009500
2018-01-25,35.797786712646484,35.879954688715706,35.423466706714926,35.69735879937001,2485500
2018-01-26,34.802642822265625,35.861694802710424,34.784382885032294,35.84343486547709,3225400
2018-01-29,34.355289459228516,35.01262984166566,34.24572982654965,34.848293875374566,4874400
2018-01-30,34.30051803588867,34.57441021915014,34.14531374237413,34.26399814939299,3557300
2018-01-31,34.94873046875,34.97612212507972,34.30051815350525,34.39181438732945,4819300
2018-02-01,35.012638092041016,35.332181871894164,34.66570962165604,34.802653970683366,2899700
2018-02-02,34.20008087158203,34.86655294822041,34.19095264378244,34.784384967115564,1848700
2018-02-05,33.33274841308594,34.38267208602619,33.33274841308594,34.072260142239855,3306200
2018-02-06,33.716217041015625,33.789253338336735,32.50195681815548,32.60238477435936,6239600
2018-02-07,35.9073600769043,36.97554069184813,35.88910013270932,36.60122054267188,7549100
2018-02-08,35.094791412353516,35.74300693105079,34.78437947526906,35.688227124720626,7398600
2018-02-09,34.57440185546875,35.35956181155232,33.55186966004066,35.313913705839205,6432800
2018-02-12,34.26399612426758,35.18610404877924,34.145311724263394,35.03089628170997,5383700
2018-02-13,34.473976135253906,34.51049601524796,34.08139961486392,34.12704772349276,3654000
2018-02-14,34.802642822265625,34.88481079845216,34.099650911053494,34.23659869894002,5204000
2018-02-15,35.71561813354492,35.79778610822679,34.96697813432204,35.13131408368578,3011000
2018-02-16,36.17210388183594,36.30905165878701,35.323036023283194,35.61518803023396,2589500
2018-02-20,35.797786712646484,36.0169024764067,35.66997063492258,35.907346335890054,3836100
2018-02-21,35.73388671875,36.181246574227174,35.69736683611356,35.75214666006822,3466100
2018-02-22,36.108211517333984,36.40036365106571,35.788671209417465,35.788671209417465,2968800
2018-02-23,36.27254104614258,36.299929215433224,35.97126073576288,36.11733677652554,1660500
2018-02-26,36.59208297729492,36.60121120569967,36.071683407312904,36.363838957175254,1341900
2018-02-27,36.52817153930664,36.73815910314428,36.48252343171352,36.61033952606521,2342200
2018-02-28,36.564788818359375,37.05903209898266,36.49156603984292,36.58309451298849,3596500
2018-03-01,36.15292739868164,36.8668321895419,35.768518200973816,36.65632189201785,3963300
2018-03-02,36.06139373779297,36.354277863278355,35.30172313694051,35.96071416500971,2715500
2018-03-05,36.54648208618164,36.55563318750927,35.52138765623335,35.86003426862219,3595900
2018-03-06,37.12309646606445,37.26038392448036,36.39088272203071,36.61054754353161,2572600
2018-03-07,37.28784942626953,37.59903926358627,36.78445153395246,36.83021751794811,2529000
2018-03-08,37.54410934448242,37.672245676380655,37.113934380435616,37.26037640138406,2497700
2018-03-09,38.267181396484375,38.322094990902954,37.4434425656619,37.68140962153596,3536000
2018-03-12,38.12073516845703,38.386158992595306,37.965138521179014,38.37700789167495,2512100
2018-03-13,38.09328079223633,38.43193093354256,38.02006149915291,38.294639958261165,2003500
2018-03-14,37.47090148925781,38.258028974165974,37.38852760150104,38.084130096214814,2173000
2018-03-15,37.498355865478516,37.80039107864857,37.37937060382776,37.599035433686545,2097400
2018-03-16,37.15970993041992,37.69056462527521,37.01326785795198,37.525816857316975,4327000
2018-03-19,36.82106018066406,37.1230988935464,36.61054993749794,37.11394430084772,3125500
2018-03-20,36.509864807128906,36.94919092050758,36.24443752255004,36.866817056033234,2198300
2018-03-21,36.44580078125,36.72953378927277,36.29020762589989,36.54648034833724,1585100
2018-03-22,35.82341766357422,36.56478245549977,35.814266563579224,36.207830200983125,2406500
2018-03-23,35.484779357910156,36.18037833736767,35.4115565750965,35.7776635062559,2847700
2018-03-26,35.97902297973633,35.99732867559859,35.52139105754334,35.795969512568234,2567000
2018-03-27,35.869178771972656,36.49155829139226,35.69527994710234,35.96985832532781,2345100
2018-03-28,35.869178771972656,36.162062840940294,35.539686812974196,35.869178771972656,2373500
2018-03-29,36.345130920410156,36.53733551356789,35.96072173409469,36.052246733277926,1912200
2018-04-02,35.59461212158203,36.409196425006144,35.27427115668086,36.207840743405974,2001200
2018-04-03,36.299354553222656,36.35427162662534,35.393242045073045,35.61290684723021,2320400
2018-04-04,36.69291687011719,36.821053212015045,35.86002715632764,35.88748394631905,3187900
2018-04-05,36.86681365966797,36.985798895492394,36.65630346794984,36.83935687119051,3167000
2018-04-06,35.933250427246094,36.7020720556798,35.676977714919474,36.583090291501776,2359100
2018-04-09,35.9698600769043,36.29935554340127,35.79596124356586,36.097996426885636,2195400
2018-04-10,36.73868179321289,36.87597273520485,36.2627442834821,36.326812458690696,1532400
2018-04-11,36.83936309814453,37.09563581112726,36.45495402867044,36.45495402867044,1526300
2018-04-12,37.077335357666016,37.223777427413545,36.729537624174604,36.95835357637101,2267200
2018-04-13,37.19631576538086,37.37021810083563,37.059028306891925,37.214621458136826,2127900
2018-04-16,37.306148529052734,37.4342883855528,37.049875798960784,37.29699742788692,1582200
2018-04-17,37.90106964111328,37.99259461444422,37.40682640563677,37.47089458525922,2401500
2018-04-18,37.75463104248047,38.08412656293843,37.49835830054838,37.8736163118579,1612300
2018-04-19,37.45259094238281,37.92852851095422,37.278692086953576,37.77293534948398,1676800
2018-04-20,37.22378158569336,37.74548522711884,37.09564519678191,37.56243174662188,2012700
2018-04-23,37.05902862548828,37.47089449594979,36.87597518780877,37.17801039224413,1676900
2018-04-24,36.756996154785156,37.29700196709577,36.30851533108807,37.27869627108216,2635200
2018-04-25,36.811912536621094,37.06818529298619,36.390888519294144,36.62885907145126,2120600
2018-04-26,37.00409698486328,37.242063916183945,36.80273793350941,37.00409698486328,2263200
2018-04-27,37.11394119262695,37.16885826985748,36.63800366432383,36.96749914479936,2554000
2018-04-30,36.69291687011719,37.39767024200888,36.60139190917685,37.214616828674735,2840000
2018-05-01,35.933250427246094,36.811906210780215,35.61290953683782,36.59224139203322,2645300
2018-05-02,35.23765182495117,36.226138279315194,34.935613133410875,35.99732235837395,5649100
2018-05-03,34.7067985534668,35.76850781945207,33.62679057703248,35.41155203617046,9105700
2018-05-04,35.27427291870117,35.46647750724288,34.41392258463954,34.423077179210956,3630800
2018-05-07,34.98138427734375,35.448167288765774,34.88985580057661,35.22850592743343,2931700
2018-05-08,34.84407424926758,35.27424912614452,34.706783354938025,34.9722105552005,4202900
2018-05-09,35.32002258300781,35.48477031088079,34.86239078146143,34.96307033643421,2920700
2018-05-10,35.521385192871094,35.631215858456834,35.30172037024572,35.40239993513843,1775700
2018-05-11,35.283416748046875,35.62206335682481,35.0546008113002,35.53053837870778,2420400
2018-05-14,35.109519958496094,35.49392907894689,35.02714607676317,35.39324950222283,2046800
2018-05-15,34.54205322265625,34.963073682421985,34.432219065927356,34.69764637417467,1929600
2018-05-16,34.91731643676758,34.93561864084872,34.50544701585327,34.6061265955717,2219900
2018-05-17,34.770877838134766,34.963082423281115,34.64273795658243,34.81664033581893,1684800
2018-05-18,34.743404388427734,34.89900101137247,34.19424764128346,34.3315350823428,2290600
2018-05-21,34.7983283996582,34.88070227730326,34.73426021609584,34.87154768453484,1760100
2018-05-22,35.109519958496094,35.36579270546329,34.688499448063034,34.89900970327957,2115000
2018-05-23,35.100364685058594,35.118670379694976,34.78002375755753,34.86239763769412,1418800
2018-05-24,35.100364685058594,35.210198852876886,34.90816012855795,35.118670379694976,1355600
2018-05-25,35.1186637878418,35.182731961316264,34.917308167544995,35.07290130556768,1340800
2018-05-29,34.404762268066406,34.990530471396575,33.800688371950436,34.532898626113145,2290100
2018-05-30,34.47798538208008,34.74341271981179,34.377309297742734,34.49629107690168,2088300
2018-05-31,33.909027099609375,34.58812336748772,33.817254968309015,34.57894790473211,4324100
2018-06-01,33.73464584350586,34.13843602873073,33.679586091518615,34.10172719357443,2459300
2018-06-04,33.78053665161133,33.91818954460757,33.652055717101646,33.78053665161133,2399100
2018-06-05,33.633689880371094,34.05583083284782,33.578626647147445,33.80805153446036,2599800
2018-06-06,33.707115173339844,33.94571909548684,33.19320199550158,33.94571909548684,2865300
2018-06-07,34.25773239135742,34.29443771976507,33.707110456283154,33.78052811459171,2653600
2018-06-08,34.50551223754883,34.66152302917224,34.05584128087819,34.165964280364285,2916900
2018-06-11,34.69823455810547,34.83588744296984,34.477985041276234,34.48716400071558,2341300
2018-06-12,34.70741271972656,34.85424457546519,34.58811074295531,34.698237260319964,1999800
2018-06-13,34.05583572387695,34.854233466181256,34.037481310166385,34.82670359598863,2031700
2018-06-14,33.84477233886719,34.24855902322427,33.76217921016379,34.1476114769482,3113200
2018-06-15,33.633689880371094,33.80805153446036,33.349201759834536,33.74381284607242,5194300
2018-06-18,33.71628952026367,33.872296793541345,33.27579057051657,33.51439446002514,3897100
2018-06-19,33.00965881347656,33.64287033631414,32.835293632723165,33.440975285229776,4030700
2018-06-20,32.780242919921875,33.21155951046207,32.743534082206445,33.147320794833796,4777500
2018-06-21,32.37643814086914,32.816933493039606,32.22960635681232,32.807758038112375,3802700
2018-06-22,32.954593658447266,33.33085036768992,32.55080708047226,33.18401856654026,7007700
2018-06-25,32.96377944946289,33.03719712342925,32.550817286017924,32.80777214340544,3506800
2018-06-26,32.798606872558594,33.00967749965436,32.69765928987182,33.00967749965436,3216400
2018-06-27,32.35809326171875,33.03719265098429,32.33974234645881,32.77105887000543,2523900
2018-06-28,32.348915100097656,32.39479938590592,31.85335641157655,32.29385185667977,2002000
2018-06-29,32.62423324584961,32.899542536805576,32.37645383376497,32.44069255162978,2372600
2018-07-02,32.81694412231445,32.81694412231445,32.19291146351072,32.19291146351072,1702200
2018-07-03,33.138145446777344,33.30333171630262,32.89036604248943,32.99131359617127,1595800
2018-07-05,33.450164794921875,33.468519214514885,32.86283737093574,33.22073980113057,2721800
2018-07-06,33.83559036254883,33.93653789982329,33.31250176098742,33.41344929826188,2126800
2018-07-09,34.00996017456055,34.367862581968595,33.89065820517541,33.982426796550214,2886100
2018-07-10,34.55140686035156,34.72576860240403,34.04666905303283,34.2118553352921,3398100
2018-07-11,34.652347564697266,34.70741082036626,34.2302064401438,34.2302064401438,2714300
2018-07-12,34.7532958984375,35.02860518148299,34.734941479468134,34.826713574314944,2601500
2018-07-13,34.523868560791016,34.6615249433108,34.40457009673758,34.58810727243432,2380200
2018-07-16,34.331146240234375,34.61563441250213,34.175138968851364,34.57892558367792,2687000
2018-07-17,35.10203170776367,35.221333710770836,34.23939480318869,34.23939480318869,1952800
2018-07-18,34.94602584838867,35.193801825644066,34.66153752162528,35.083678780114056,1855400
2018-07-19,35.12037658691406,35.38651040562438,34.51469477580458,34.86342172788198,2605600
2018-07-20,34.496337890625,35.09284420015203,34.47798347332832,35.09284420015203,2365300
2018-07-23,34.762474060058594,34.89095148914648,34.340329434951755,34.49634024223518,1525000
2018-07-24,34.991905212402344,35.35898314586063,34.85424879938798,34.863427760654545,1716900
2018-07-25,34.98270797729492,35.09283445047908,34.66151451570655,34.84505513693398,1950900
2018-07-26,35.37732696533203,35.469099046754216,34.872592770124356,35.03777901593733,2086800
2018-07-27,35.5792236328125,35.80864859549449,35.40486192144315,35.542514798604074,1374600
2018-07-30,35.404869079589844,35.75359257283336,35.27638813388411,35.615939667841815,2361100
2018-07-31,35.76276779174805,35.78112221064272,35.33144769959177,35.514988387791085,2826500
2018-08-01,36.0931282043457,36.34090402431132,35.62509943164115,35.726046951273354,5214400
2018-08-02,37.19438552856445,37.46051940916231,34.87260529618918,35.5149960939002,4016600
2018-08-03,38.01112365722656,38.167134442061815,37.0842484087826,37.0842484087826,3648600
2018-08-06,38.038658142089844,38.442444801590625,37.80923318767525,37.82758760411805,3129400
2018-08-07,38.30480194091797,38.479163691576176,38.01113470182577,38.01113470182577,2537800
2018-08-08,38.047828674316406,38.24054477089662,38.01111984618307,38.20383944350982,1468900
2018-08-09,37.85512161254883,38.41491912257519,37.81841277565426,37.992778000529775,3466600
2018-08-10,37.00165939331055,37.671579894886555,36.96495055742349,37.6348710589995,2721900
2018-08-13,36.38680648803711,37.22191335002086,36.25832554709926,37.020018229294784,5330300
2018-08-14,36.43269348144531,36.689648380822156,36.23079834579325,36.48775324517009,3095100
2018-08-15,36.80894088745117,36.89153401250873,36.16655030375322,36.24914342881077,2891100
2018-08-16,36.983306884765625,37.21273186978371,36.909892709948515,36.99248584458492,1970700
2018-08-17,37.313682556152344,37.42380557799762,36.69882522503949,36.91907126873004,5150700
2018-08-20,37.55228042602539,37.74500007687552,37.29532555922189,37.45133637174366,3087400
2018-08-21,37.68993377685547,37.90100432908356,37.552277394610215,37.60734064765776,1966000
2018-08-22,37.313682556152344,37.772532564713366,37.157675233600514,37.75417814428119,1497700
2018-08-23,37.3320426940918,37.423811309559525,37.06590880818779,37.24027407862407,1479900
2018-08-24,37.70829391479492,37.809241476988646,37.368745888027824,37.506398790407474,1417300
2018-08-27,38.405738830566406,38.59845846720317,37.809236005087335,37.809236005087335,2492600
2018-08-28,38.24055480957031,38.69940477945187,38.18549505366289,38.405741078787464,1567200
2018-08-29,38.396568298339844,38.62599329928577,38.23138201759896,38.34150503784365,1763900
2018-08-30,38.396568298339844,38.51587027904108,38.25891189747321,38.25891189747321,2253100
2018-08-31,38.52534866333008,38.65413388685687,38.26777470714234,38.35976665904302,2819300
2018-09-04,38.10218811035156,38.405756251333116,38.02859806683507,38.313767819654075,2483700
2018-09-05,38.58973693847656,38.67252793131625,38.03779581650072,38.04699676522388,2320700
2018-09-06,38.764530181884766,38.97610645919791,38.506959671961816,38.74613178701384,2578700
2018-09-07,39.022090911865234,39.20607130532926,38.62653780324866,38.644932684374346,2125600
2018-09-10,39.72121810913086,39.804009115743476,39.15088201309635,39.19687623696239,2176300
2018-09-11,39.362464904785156,39.5832386203198,39.03130082234826,39.5556427831617,2419900
2018-09-12,39.73960876464844,39.99717917546618,39.298057985046455,39.39004641487175,2332800
2018-09-13,40.300750732421875,40.43873338887644,39.849998966082104,39.9511883529625,2429200
2018-09-14,40.604312896728516,40.806691658092674,40.19035793445352,40.36514086804393,3166900
2018-09-17,40.604312896728516,40.77909583031892,40.411135084044766,40.641109673182676,2960500
2018-09-18,41.32185363769531,41.58862513980332,40.67792726589742,40.696325663539575,3766600
2018-09-19,40.68711853027344,41.321847361410455,40.67792108741711,41.248257291154786,3369900
2018-09-20,40.83429718017578,41.01827759699093,40.73310777547072,41.01827759699093,3820900
2018-09-21,40.9998779296875,41.18385834078259,40.733106509056334,40.83429591061536,4016800
2018-09-24,41.26664733886719,41.358635785363724,40.751502914737394,41.02747176336131,2638400
2018-09-25,40.67791748046875,41.358640483797096,40.60432390760369,41.27584946889125,3270100
2018-09-26,40.75150680541992,41.08267085903968,40.49393632333106,40.723910970663155,2163400
2018-09-27,40.604312896728516,41.03666624723059,40.59511545718185,40.705502277410595,1632800
2018-09-28,40.466339111328125,40.76070636916383,40.32835292397129,40.549130121915326,2178200
2018-10-01,40.365135192871094,40.74229332566503,40.254744879029026,40.74229332566503,2284500
2018-10-02,40.889488220214844,41.11946284067822,40.26395697182373,40.374343807088565,1762200
2018-10-03,41.68979263305664,41.94736304622963,41.165450858163794,41.19304668553699,4023800
2018-10-04,42.14055252075195,42.14974996194511,41.515021245586034,41.653003918289635,3745600
2018-10-05,42.25094223022461,42.48091687615044,41.956574964170315,42.08536020442724,5625100
2018-10-08,42.637290954589844,42.950056562092264,42.19574012796302,42.31532790677883,3161500
2018-10-09,42.057762145996094,42.5361098053249,42.0301628037328,42.47171367946683,4262500
2018-10-10,40.34675216674805,41.98417051161818,40.27315859617049,41.97497306986328,4519500
2018-10-11,40.024784088134766,40.8342957890628,39.95119402939647,40.38354746781277,5850200
2018-10-12,40.622711181640625,40.84348833067037,40.14436361635428,40.3927365930876,4066300
2018-10-15,41.02747344970703,41.239053201787335,40.4571373378906,40.53992834679415,2723300
2018-10-16,42.407325744628906,42.45332348376787,41.257452448851176,41.367842811822904,2949900
2018-10-17,42.49930191040039,42.710878097052685,42.1681379628982,42.4073099754645,2938300
2018-10-18,42.49930191040039,43.13403047035726,41.98415760215992,42.03015181506111,4392700
2018-10-19,42.25094223022461,42.701690571123855,41.96577240598812,42.701690571123855,3209100
2018-10-22,41.51503372192383,42.453330916655204,41.49663532487395,42.35214148744857,3078300
2018-10-23,41.496620178222656,41.790987405303134,40.6779111085842,41.05506933760194,2340100
2018-10-24,40.153568267822266,41.58860758688146,40.135169877945344,41.312638756995774,3292700
2018-10-25,39.85000228881836,40.55832454690784,39.77641223440003,40.44793771071322,4563400
2018-10-26,39.914398193359375,40.17196866876197,39.11408742397664,39.528042480255486,3502000
2018-10-29,40.3559455871582,41.22065240960618,39.86840051263531,40.447937541213435,3313700
2018-10-30,41.367835998535156,41.45062700256086,40.291552946201044,40.32834972779786,2875900
2018-10-31,41.211448669433594,41.864575707902034,40.981474063567184,41.671397881166406,3405500
2018-11-01,43.805564880371094,44.15512728728636,40.935482589255066,42.1773441405563,6233900
2018-11-02,43.5663948059082,44.58748273247392,42.89486930220606,43.8055668789405,4513300
2018-11-05,43.612388610839844,44.08153531113869,43.419210764195284,43.59399021937831,3148700
2018-11-06,44.02634048461914,44.06313726490005,43.47439930780782,43.67677809021872,2651300
2018-11-07,44.9278450012207,44.937042442635786,44.09993490848482,44.385104720234835,2675400
2018-11-08,44.81745147705078,45.240603901749004,44.69786370167643,44.87264313558207,2347000
2018-11-09,44.7806510925293,45.12101249288818,44.44028969217042,44.707057541568645,4123600
2018-11-12,44.421897888183594,45.24980440439272,44.329905935848686,44.854247782188054,3121200
2018-11-13,45.167015075683594,45.47058326593733,44.495489589856774,44.495489589856774,3403200
2018-11-14,45.130218505859375,45.90293333199236,44.94623811694503,45.36939055505418,2954300
2018-11-15,46.34449768066406,46.399689357046405,44.76227078718223,44.7806691823547,4713900
2018-11-16,46.45488357543945,46.896434522981096,45.976535838318924,46.11452204467225,7831700
2018-11-19,45.54417037963867,46.71244182361994,45.51657454926507,46.32608616185329,3726700
2018-11-20,45.12102508544922,45.764954799530855,44.707070018601414,44.955443058710095,3679400
2018-11-21,45.360198974609375,45.97652932158935,45.11182594385887,45.28660540588278,2152700
2018-11-23,44.95543670654297,45.43378432629534,44.90024504485155,45.130219659590146,1426700
2018-11-26,45.167015075683594,45.48898165708613,44.68867094235201,45.21301280812274,3259000
2018-11-27,44.76226043701172,45.13022123710913,44.29311375056506,45.047430232543924,2794100
2018-11-28,45.617759704589844,45.76494330147547,44.61507035420222,44.91863849666655,2969400
2018-11-29,45.59935760498047,45.84773056247233,45.37858398218779,45.49816823239488,3127200
2018-11-30,45.267539978027344,45.88511620529263,45.15692999271064,45.63624110115903,4113800
2018-12-03,45.89432907104492,46.26303014047812,45.34127219255384,45.96806787844055,3701500
2018-12-04,45.19379425048828,46.19851062526941,45.12005543788951,45.73763161878683,3413900
2018-12-06,44.908050537109375,45.01866051170827,44.189076911647305,44.640739875286656,5434400
2018-12-07,44.6038703918457,45.53484796878587,44.21673370805279,44.98179104250308,4138500
2018-12-10,44.52090835571289,44.81587061890468,44.060029379947274,44.53012790431562,5203100
2018-12-11,44.08769607543945,45.41502660801275,44.03238931799656,45.21223868028394,4327300
2018-12-12,44.419517517089844,45.046313249153656,44.27203637520587,44.779006096895564,3488000
2018-12-13,44.73292541503906,45.304418044703105,44.52092144580055,44.52092144580055,3341200
2018-12-14,44.253604888916016,44.82509744331125,43.92177492613479,44.56700278395504,3670700
2018-12-17,43.00001525878906,44.419520010518795,42.898621308759516,44.419520010518795,2823800
2018-12-18,43.119850158691406,43.77430119382039,42.80645221050654,43.202808542511775,3617700
2018-12-19,42.28103256225586,43.44244944891379,41.93076710292608,43.2027904333437,4634500
2018-12-20,40.686397552490234,42.27182243749165,40.49282921640826,42.27182243749165,6172100
2018-12-21,40.20707321166992,41.42379319490643,40.14255044863669,40.42829662508878,6108500
2018-12-24,39.036441802978516,40.20707464230535,39.00879019390234,40.13333584602656,1451600
2018-12-26,40.08725357055664,40.09646960263557,38.93505616818206,39.15627610035062,3380400
2018-12-27,40.97215270996094,40.99058829591588,39.2853335154831,39.497337479622175,2820900
2018-12-28,41.29475402832031,41.709545794717684,41.11962128972027,41.23945080361894,3078900
2018-12-31,42.38243865966797,42.437745413654916,41.50676772746333,41.52520331212564,3575400
2019-01-02,41.174922943115234,41.80171858481223,40.92605140900159,41.709544203009195,3910500
2019-01-03,40.79700469970703,41.506758732365405,40.43751966726795,40.95370537726335,3105100
2019-01-04,42.022945404052734,42.465388801505156,41.193361836187215,41.35927854976032,2709700
2019-01-07,42.806434631347656,43.43323027031356,41.81093795054887,42.05059345192888,2973300
2019-01-08,43.23966979980469,43.64524207422698,43.064537036896226,43.11984026927369,3122800
2019-01-09,43.40558624267578,43.59915458717408,42.72348374596024,43.24888554744297,2445100
2019-01-10,43.92177200317383,44.06925314889343,43.07375277811523,43.156711142346744,2058400
2019-01-11,44.354984283447266,44.44716217304211,43.80193101078604,43.80193101078604,1783300
2019-01-14,44.677608489990234,44.70526010300548,43.99550606705171,44.115335583830266,2387200
2019-01-15,45.44266891479492,45.59015005485345,44.566998107347786,44.59465323851533,2827800
2019-01-16,44.649959564208984,45.68233113242611,44.567001197409894,45.37814928208678,3273500
2019-01-17,45.62702178955078,45.71919618465472,44.74213493813295,44.82509330021761,2477000
2019-01-18,46.32756042480469,46.447389962001814,45.608590234078115,45.81137814068432,2328000
2019-01-22,46.75156021118164,47.000435257600856,46.01415110346818,46.16163573799265,3093800
2019-01-23,46.806880950927734,47.203237263985216,46.10634625588925,46.871403744567,2198800
2019-01-24,46.88062286376953,47.7102031384417,46.67783493349859,47.11106241499433,3401400
2019-01-25,47.70098876953125,48.09734509277927,46.880624501115605,47.249325686215386,2970200
2019-01-28,46.816097259521484,47.56271911027059,46.74235491976793,47.544287041560494,2543000
2019-01-29,47.30462646484375,47.33227808326695,46.77000858336887,46.806876235857075,2338700
2019-01-30,47.175575256347656,47.8945453793091,47.15713967419124,47.61801867941837,3065800
2019-01-31,48.18949508666992,48.55819960113207,44.990998016052245,46.08788849642551,7825100
2019-02-01,47.959075927734375,48.97301201322037,47.8208143135056,48.27247384270592,4064500
2019-02-04,47.91298294067383,48.38308151451207,47.452103916408525,48.07889967070757,2456500
2019-02-05,48.85317611694336,48.88082773294871,47.76550134851318,47.91298249425484,3055300
2019-02-06,49.04674530029297,49.28640436386453,48.300123525555904,48.44760467381996,2349400
2019-02-07,49.09283447265625,49.17579284165276,48.40151590309471,48.62273939249476,3031400
2019-02-08,49.682762145996094,49.69197817969796,48.70569731087988,48.926920798233226,2926400
2019-02-11,49.63667678833008,50.051468674262296,49.277191659264965,49.774941922383626,3518400
2019-02-12,50.60451126098633,50.63216287341896,49.69196937220782,49.77492772573314,2559500
2019-02-13,50.881046295166016,51.13913743022193,50.669042360480375,50.77965234461462,2095000
2019-02-14,50.65060806274414,50.89026362048949,50.355645753413825,50.69669526428424,1942900
2019-02-15,49.89475631713867,50.807294672811544,49.848669125194235,50.76120748086711,3568200
2019-02-19,49.83024215698242,49.97772330642917,49.74728379065438,49.97772330642917,2998500
2019-02-20,50.14363098144531,50.47546087058979,49.857884767657964,49.95927869888016,1972000
2019-02-21,50.21738815307617,50.41095653827005,49.903990212950006,50.364869329827975,2454200
2019-02-22,50.93634796142578,50.9824386766055,50.2911201436445,50.46625290615258,1877700
2019-02-25,50.586090087890625,51.157579177036084,50.50313171073819,51.12992755672808,1813500
2019-02-26,50.392513275146484,50.75200188518094,50.36486165753925,50.622952798481656,1295600
2019-02-27,51.157569885253906,51.25896382960491,50.309554198368765,50.309554198368765,2507000
2019-02-28,50.585044860839844,51.37918816906176,50.511172948893986,51.02828690023879,3253100
2019-03-01,50.982120513916016,51.24991370119609,50.63122274014372,50.84360934718744,2349100
2019-03-04,51.019065856933594,51.37919987584106,50.21568969763422,51.18528209990249,1533300
2019-03-05,51.674686431884766,51.803964928652036,50.88977926004073,51.019057756808,1996900
2019-03-06,51.17603302001953,51.72085200753753,50.90824338273827,51.71161933973109,1395900
2019-03-07,50.49271774291992,51.01906802718621,50.23416069733664,50.871320640770676,1833600
2019-03-08,50.79743194580078,50.86207471292286,49.60622049444457,49.83707594570677,1872600
2019-03-11,51.34225845336914,51.46230429188644,50.81590822939157,50.825144421433365,3404900
2019-03-12,52.29337692260742,52.38571769252212,51.360718942625915,51.48076476157468,2518000
2019-03-13,52.73661804199219,52.884365384831824,52.29337601347328,52.441123356312914,4074000
2019-03-14,52.884376525878906,52.99518617570906,52.60735064001591,52.63505217182963,3171800
2019-03-15,53.096763610839844,53.096763610839844,52.51500677973913,52.828970392427976,3153700
2019-03-18,53.447662353515625,53.447662353515625,52.856672881277525,53.115229894737915,2252200
2019-03-19,53.61387634277344,53.78009256521733,53.35531581754128,53.63234520333109,2555800
2019-03-20,53.66927719116211,54.02017848215346,53.272205511965936,53.61387413434625,1905200
2019-03-21,54.334136962890625,54.435713920969214,53.52152482083644,53.62310177891502,1261200
2019-03-22,53.503074645996094,54.297218207297995,53.493841975026044,54.18640854277876,1378100
2019-03-25,53.6600341796875,53.82625036324689,53.19832334148344,53.40147723751695,2483800
2019-03-26,53.78932571411133,54.09405663216891,53.46612945790633,54.010948520205474,2291800
2019-03-27,53.73392868041992,54.103298915355296,53.36456196806018,53.789335272432915,1808400
2019-03-28,53.503074645996094,54.04789382019793,53.41073384599269,53.90014642664704,1918500
2019-03-29,53.429195404052734,53.92784411006253,53.20757258274552,53.75239168244321,2795400
2019-04-01,53.927833557128906,54.08481356946396,53.41994875822244,53.64157153616113,2181600
2019-04-02,53.540000915527344,54.140226554806624,53.521532054964524,54.075587304124234,1640900
2019-04-03,53.576934814453125,53.82625913040185,53.438420131401145,53.71544597493038,2377000
2019-04-04,53.558467864990234,53.752385610117926,53.33684506871941,53.53999900508643,1316800
2019-04-05,53.6600341796875,53.88165340938392,53.37377219187429,53.475349139891044,2416600
2019-04-08,53.74314880371094,54.00170577730795,52.99517588678085,53.595401458430565,1662600
2019-04-09,53.226036071777344,53.35531457008338,53.04135099309377,53.35531457008338,2192000
2019-04-10,53.78932571411133,53.992479659483045,53.21680512201604,53.43842440553518,1910000
2019-04-11,54.1309928894043,54.20486833510317,53.586173806388054,53.83549815175906,1541800
2019-04-12,53.58616638183594,54.352608173180464,53.530763327813204,54.23256235184013,1889500
2019-04-15,53.87242889404297,54.24179902952563,53.669274967270034,53.807789648719705,1420100
2019-04-16,53.15216827392578,53.983245908560306,52.976715850417534,53.71545269983994,1643100
2019-04-17,52.68122482299805,53.540007571773174,52.63505442713844,53.540007571773174,1650200
2019-04-18,54.029422760009766,54.29721600074295,52.653525873964426,52.69969627208984,2430100
2019-04-22,54.2140998840332,54.60193892078619,53.95554287458125,53.95554287458125,1442300
2019-04-23,54.94359588623047,55.035936655160704,54.08481334939603,54.12175106599794,1396700
2019-04-24,54.38954162597656,55.06363907013302,54.08481076244829,55.026701355297895,1065900
2019-04-25,54.44496154785156,54.64811551982672,54.07559485275865,54.44496154785156,890100
2019-04-26,55.12828826904297,55.276035632500516,54.50959376279419,54.50959376279419,968900
2019-04-29,55.06364059448242,55.21138793533872,54.58346085605583,54.93436211155497,1851300
2019-04-30,55.349910736083984,55.423786183348795,54.832796695531144,54.97130787528985,1786700
2019-05-01,54.17715072631836,55.700797976294126,54.167918059033205,55.37760178269894,2207700
2019-05-02,55.40532684326172,55.46996610943946,52.07177244791335,53.25375162667867,3054000
2019-05-03,56.82737731933594,57.0305277160597,55.488415030693936,55.4976476985827,2416400
2019-05-06,57.20598220825195,57.39989994420263,55.94089530659676,56.16251456980476,3294800
2019-05-07,57.22445297241211,57.6584588450496,56.707335470086285,56.808912436844466,2521600
2019-05-08,57.20598220825195,57.61228653918309,56.827379404578146,57.1044052448755,1902100
2019-05-09,57.59381866455078,57.63075638324168,56.522649480537765,56.73503607914835,1282400
2019-05-10,59.38526153564453,59.689992460670126,57.61229313665041,57.61229313665041,3499100
2019-05-13,59.477603912353516,59.93931483092735,58.378729671699936,58.40643119959044,2883700
2019-05-14,58.58189010620117,60.308688250869885,58.57265743618251,59.726934930159665,2767400
2019-05-15,57.72309875488281,58.84044187946933,57.58458758982073,58.397199810635975,2689300
2019-05-16,57.77851104736328,58.42490711595725,57.72310446231516,57.926258418249745,2214700
2019-05-17,57.77851104736328,58.36950053090913,57.11364611708661,57.25216081841931,1786300
2019-05-20,57.289085388183594,57.68615701675597,57.17827224353011,57.42759653513889,2935800
2019-05-21,57.621524810791016,57.96318990874334,57.20598427405182,57.54764937200414,1946700
2019-05-22,56.790443420410156,57.75080298383179,56.70733531352608,57.75080298383179,2827600
2019-05-23,56.37489700317383,56.53188053205105,55.92242231935739,56.49494281671824,2695900
2019-05-24,56.65192413330078,56.80890766580881,56.49494412336725,56.698098039821936,1369000
2019-05-28,56.51341247558594,56.77196944143237,56.34719627680624,56.707330199970755,2728500
2019-05-29,55.86702346801758,56.38414098642702,55.64540066796356,56.097878936893686,2275900
2019-05-30,56.36566162109375,56.41183200174902,55.58998724933286,55.774672294528166,2379100
2019-05-31,56.82852554321289,56.86555426242446,55.597350645079,55.597350645079,2530400
2019-06-03,57.439476013183594,57.54130320895172,56.62486197829105,56.93034356559543,2290300
2019-06-04,58.40219497680664,58.40219497680664,57.374671250172646,57.680152804037704,2490900
2019-06-05,59.66115188598633,59.82777758117822,58.85580024464687,59.05945112557366,3256800
2019-06-06,60.7812385559082,60.84603703158064,59.55931233607789,59.57783022198668,2918800
2019-06-07,61.0034065246582,61.45699587500152,60.80901108879678,61.040435235656254,2065800
2019-06-10,61.3922119140625,61.57734845032832,60.8923347911374,61.27187387174033,2020100
2019-06-11,61.5032958984375,61.697691373394214,60.95713112950642,61.558835444852015,2053300
2019-06-12,61.651390075683594,61.8272746837744,61.345908512948306,61.58659159836135,1150800
2019-06-13,60.096229553222656,61.8643136838924,59.72594945157661,61.82728496747725,2046700
2019-06-14,60.5498161315918,60.69792391052898,59.90182429404159,60.25358644870871,1933300
2019-06-17,60.46651840209961,60.90159705478531,60.42948968032779,60.71645344592622,1130400
2019-06-18,61.51253890991211,62.01241594306888,60.54056167530579,60.95712233835065,2167900
2019-06-19,61.706939697265625,61.8365366582631,61.09597654184493,61.71619157840495,1920900
2019-06-20,62.25309371948242,62.34566196307002,61.73470590538847,62.23458289576662,1537200
2019-06-21,62.09574508666992,62.299399519386604,61.52181050924166,62.29014057357957,2237800
2019-06-24,62.18830108642578,62.65114941036092,61.89207844160749,62.13276154755515,2807300
2019-06-25,63.00291442871094,63.13251140024328,62.299390029679735,62.503037368869656,2402000
2019-06-26,62.71595001220703,63.086230096366855,61.91985030314023,63.086230096366855,2279300
2019-06-27,63.039947509765625,63.289889588249196,62.53081853277206,62.799264376319975,2557800
2019-06-28,64.78952026367188,65.1505414685536,63.00292506867747,63.05847168193298,10224100
2019-07-01,65.0394515991211,66.02068783326851,64.4562581627838,65.3356742582508,2293100
2019-07-02,66.24285125732422,66.27062102734465,65.0394498272403,65.17830573984752,3204400
2019-07-03,66.88156127929688,66.96487056078539,66.34465570136209,66.55756896933715,1320500
2019-07-05,66.4372329711914,66.65014626816074,65.66891026365842,66.40946320691359,1497800
2019-07-08,65.35418701171875,66.21508524371649,65.21533109123418,65.88183385955571,1988800
2019-07-09,65.6504135131836,65.6596724584247,64.83580289461405,65.03019836964181,1680700
2019-07-10,65.19681549072266,66.19656957000441,65.06721852442743,65.72446229992609,2241900
2019-07-11,65.86331176757812,66.03918931177184,64.88206860982037,65.1968091132534,1802000
2019-07-12,64.79877471923828,66.00218336045509,64.29889760961773,65.86332743069839,1601800
2019-07-15,64.14151000976562,64.89132189930169,63.99339518281824,64.57658848579399,1880700
2019-07-16,63.937870025634766,64.39145942573552,63.70644585338873,64.30815011372947,2336100
2019-07-17,63.41948699951172,64.35443564202514,63.41948699951172,64.0859897966539,1645400
2019-07-18,65.63187408447266,65.66890278679499,62.567814295451306,62.88255473393966,3391500
2019-07-19,65.4467544555664,66.01143001266227,65.28938771014766,65.86332221182857,2067600
2019-07-22,65.8262710571289,66.09472385854176,65.24308487216491,65.44673214607877,1169900
2019-07-23,66.44650268554688,66.65015707327152,65.91885589121699,66.21507852904246,1074000
2019-07-24,66.67792510986328,66.92786714739762,66.21507680887854,66.40947224779157,1191900
2019-07-25,65.99290466308594,67.03893917082458,65.88181854002809,66.75197551438828,1452600
2019-07-26,66.77974700927734,66.98340137557327,66.0762156700289,66.18730179596413,1897600
2019-07-29,66.90934753417969,67.0296926093339,66.30764334592179,66.73346292434161,1791800
2019-07-30,67.3722152709961,67.51107121029251,66.64091391570764,66.81679857631687,1589200
2019-07-31,66.16878509521484,67.32590565319808,65.72444769344779,67.18704977373942,2916300
2019-08-01,69.18657684326172,70.61215076253092,65.7244727893257,66.1132637502611,3521400
2019-08-02,69.17729187011719,69.53831288436788,68.12199152557358,68.72369557015897,2848200
2019-08-05,67.8072738647461,68.46451758303355,67.52956206828463,67.8072738647461,2466200
2019-08-06,68.45526885986328,69.3531957983066,68.03870816548493,68.46452780446214,2384400
2019-08-07,69.6957015991211,69.7605000820959,67.51105694096326,67.96464632178693,1810000
2019-08-08,70.427001953125,70.94538981069113,69.69570076119858,69.69570076119858,2102200
2019-08-09,71.70446014404297,72.09325103381393,70.42700133657917,70.46403004929614,1643900
2019-08-12,71.13050842285156,71.61187450880962,70.58435093349877,71.59335662569418,1461100
2019-08-13,73.39849853515625,73.55586529275794,70.99168831960971,71.18608379591285,2357700
2019-08-14,71.13978576660156,72.991179056884,70.84356312265658,72.49130202100716,2740500
2019-08-15,72.20435333251953,72.75977002257609,71.08426100652865,71.26939754904537,1738300
2019-08-16,73.7132339477539,73.84283093529186,72.42651595540848,72.593141662601,1701600
2019-08-19,73.81504821777344,74.66669449548098,73.75024973536682,74.09276003523317,1604600
2019-08-20,73.30591583251953,74.32418067749772,73.17631887384074,73.602138461286,1932300
2019-08-21,73.80580139160156,74.50932580234478,73.32443515003476,73.63917570221388,1719200
2019-08-22,73.83357238769531,74.29642074783945,73.32443636653456,73.85208321459865,1433200
2019-08-23,72.38946533203125,74.05572189977785,72.0932427269323,73.70395976325534,1932400
2019-08-26,72.9078598022461,73.26888087959786,72.39872389187617,72.58386743314885,1556500
2019-08-27,73.1485366821289,74.05572238889464,73.12076691623372,73.29665151690863,1984600
2019-08-28,73.37996673583984,73.3984846229336,72.01919865964292,72.93563632065441,1982200
2019-08-29,74.4537582397461,74.68518232888337,73.56509058495926,73.88908289725092,923700
2019-08-30,74.57435607910156,75.09371257003625,74.14773373217491,74.88967764125432,1911100
2019-09-03,74.12919616699219,74.47234649952046,73.70258085059888,74.19411573523243,1241800
2019-09-04,74.9175033569336,74.9824229218163,74.22193355788947,74.70419924761978,1321100
2019-09-05,72.99771881103516,75.93765830614075,72.96989715582922,75.35338231971399,2103500
2019-09-06,72.61749267578125,73.4707232976365,72.45055563448764,72.99773383468758,2212600
2019-09-09,69.62187194824219,72.67310444300183,69.18598058103379,72.59890866226442,3770600
2019-09-10,66.67266082763672,68.71299538873436,66.12548283264854,68.55533465211398,6394200
2019-09-11,66.66338348388672,67.01580991956628,65.62467081207174,66.25532082383057,4790400
2019-09-12,68.03599548339844,69.25092169984084,67.08074750475734,67.20131037925043,3284700
2019-09-13,67.45172119140625,68.02672099691056,66.70977728505694,67.80414065528636,2414700
2019-09-16,66.96017456054688,67.91542957217659,66.95090539225508,67.4795380886283,1824800
2019-09-17,69.55697631835938,69.73318958925704,66.96017970552668,67.22913419637518,2805800
2019-09-18,69.1025390625,69.77028716412691,68.22147978785834,69.55697599111218,2183900
2019-09-19,68.88920593261719,69.30655190096522,68.30493006776904,68.87066052490582,1788500
2019-09-20,68.48116302490234,69.61262438228432,68.45334136459,69.10254409992002,3757500
2019-09-23,69.07473754882812,69.4178808686746,68.27715009213615,68.6295696593498,1895200
2019-09-24,69.29728698730469,70.31745439497928,69.09325209062969,69.56624143513079,2465000
2019-09-25,68.16584777832031,69.39005047580082,67.5444737212308,69.18601551360362,2927000
2019-09-26,69.0654296875,69.7053560245483,68.3976816967888,68.90776893294327,1594700
2019-09-27,67.5073471069336,69.44566427219833,67.3867842604017,69.03760159702135,2346900
2019-09-30,67.52593231201172,67.81343938579816,67.21988689418667,67.70214564023206,2915100
2019-10-01,66.8766860961914,67.85048617798437,66.6633750135049,67.67427298253457,2095500
2019-10-02,65.68033599853516,66.57994071993177,64.56742717196926,66.31098622044297,3304000
2019-10-03,66.4408187866211,67.01582563312891,65.31863382586799,65.73597282569233,1676900
2019-10-04,67.45172119140625,68.0545426551509,66.64485772392898,66.70050104040966,2199800
2019-10-07,67.1920166015625,67.85049534434928,66.66338401949524,67.15492578501345,1597500
2019-10-08,66.2275161743164,67.02509629104102,65.59686600067043,66.57993562476223,1574600
2019-10-09,67.02508544921875,67.68356424923172,66.61702275042066,66.76540725661086,1710900
2019-10-10,67.55371856689453,67.80412759422444,66.19040804582106,66.80250563630506,1586700
2019-10-11,67.3404312133789,68.49971420896014,67.26623540349325,67.98962686062364,2165400
2019-10-14,67.6279067993164,68.12871772229832,67.26621120089047,68.03597653116078,1277300
2019-10-15,66.9230728149414,68.24001621896885,66.87669867824614,67.96178555019692,1705800
2019-10-16,67.31259155273438,67.31259155273438,65.99564812010209,67.06218253026064,1613200
2019-10-17,68.50897216796875,69.4734962119295,66.94161971207004,67.10855670190362,2296300
2019-10-18,68.7315673828125,69.39931548710211,67.57228444500457,68.66664782132332,2081700
2019-10-21,67.04363250732422,68.96340421949,66.54282157253756,68.96340421949,1917400
2019-10-22,65.70813751220703,67.83194412196316,65.68959210358759,66.89524178344024,1576700
2019-10-23,65.92144775390625,66.80249970349352,65.55047590513811,65.87507361942292,1609800
2019-10-24,66.58919525146484,67.30331021843999,66.09765348638388,66.09765348638388,1380700
2019-10-25,66.69124603271484,67.06221098895888,66.01422154373378,66.52430897212382,1346100
2019-10-28,66.16258239746094,67.1456589911271,66.1069390891083,67.1456589911271,2202000
2019-10-29,67.46096801757812,67.87831398006453,66.0141856626365,66.07910520226339,1698600
2019-10-30,68.5924301147461,68.99122360105214,67.15492397625628,67.35895176457862,2473300
2019-10-31,64.89202117919922,69.32511788651927,63.844024902097956,68.23075453852677,5009000
2019-11-01,63.39884567260742,65.26297402396366,63.07424796856511,64.76216310528442,3905300
2019-11-04,61.720237731933594,63.695653672141425,61.534748182524964,63.60291243528852,2702800
2019-11-05,60.01374816894531,62.07263545188452,59.781891620428745,61.45126160002819,3982900
2019-11-06,61.822242736816406,61.93352936829638,59.93956133776408,60.013757142551654,2757000
2019-11-07,60.34762191772461,62.05408978718228,60.143587023753554,61.88715278990599,3782900
2019-11-08,59.958106994628906,60.978274429255805,59.531491779264954,60.55165921389185,1904900
2019-11-11,59.8560905456543,60.4403665312319,59.35527952557319,59.51294028864482,1180200
2019-11-12,59.69842529296875,60.05084469139592,58.919383628418984,59.73552318896637,1876600
2019-11-13,60.40326690673828,61.358521852900175,59.82826718121034,60.106490800617266,1671100
2019-11-14,60.9690055847168,61.11739719539097,60.01375758703148,60.04157924510753,1638300
2019-11-15,60.83916091918945,61.256506979403355,60.64440225470329,61.098839138504346,1360400
2019-11-18,62.68471908569336,62.70327156783079,60.66293722603656,60.67220639140652,3636700
2019-11-19,62.36941146850586,63.083526523684704,62.11900950974714,62.60126801671592,2211100
2019-11-20,62.54561996459961,63.06497632896718,61.93351532742374,61.970613221407106,1486300
2019-11-21,61.35852813720703,62.527080194659476,61.265779845538326,62.46216063591212,1868000
2019-11-22,60.959720611572266,61.7758530315876,60.83915069023277,61.64601394376015,1146800
2019-11-25,60.2548942565918,61.32143603025383,59.95811809203124,61.126677335608015,2619300
2019-11-26,61.85932159423828,61.924241141940655,60.07866507808732,60.39399364957031,1671500
2019-11-27,61.720237731933594,62.33233555572501,61.46055236276151,61.859346049361534,1283600
2019-11-29,61.40416717529297,61.85034046416888,60.892934778856905,61.608662970540934,668800
2019-12-02,61.15321350097656,61.934008069698635,60.762816216615526,61.813172841211305,1411800
2019-12-03,61.757408142089844,61.8689461787379,60.88365569935502,60.96730922684106,1932000
2019-12-04,61.11602020263672,62.13849212609306,61.08813570071182,62.036244224579015,1445700
2019-12-05,61.47854995727539,61.8875416767333,60.744227139015095,61.348417517754434,1487100
2019-12-06,59.07107925415039,62.09202709394698,58.578434088575136,62.09202709394698,4137000
2019-12-09,59.610206604003906,60.33523927460898,58.039316667730965,58.43901116530007,2603800
2019-12-10,59.40571594238281,59.84258861428865,58.98743057920237,59.64738996008543,1636100
2019-12-11,59.368526458740234,59.628794842771136,58.66209180686774,59.489365224688775,1923000
2019-12-12,58.940948486328125,60.00060580068359,58.65279559218201,59.29416759111328,2216600
2019-12-13,58.875877380371094,60.40958534828075,58.699269615584086,58.90376188380003,2352300
2019-12-16,59.461483001708984,59.87047467266616,58.838701841770835,59.1547392484911,1716400
2019-12-17,59.665977478027344,60.205094469107536,59.25698581638678,59.25698581638678,1727500
2019-12-18,59.86119079589844,60.2051092396676,59.173343270829896,59.517265260442464,2150200
2019-12-19,59.22910690307617,60.35382698709855,59.01531739877924,59.9541324868521,2377700
2019-12-20,60.58620071411133,60.80928384815888,59.322051135033604,59.58231597336991,4150400
2019-12-23,60.6512565612793,60.79998335302397,59.91693398332842,60.70702556234167,2103100
2019-12-24,60.63267517089844,60.98589069821109,60.43746946477665,60.65126247583723,741900
2019-12-26,60.33523941040039,60.75352121712275,59.69386735451945,60.61409158432006,1343400
2019-12-27,60.130741119384766,60.6047919233036,59.94483258596867,60.41889048157293,1366100
2019-12-30,59.898372650146484,60.26088549759295,59.78682750797571,60.074976927308334,1310900
2019-12-31,60.112144470214844,60.363119208011284,59.67526829764599,59.88906133015091,1822100
2020-01-02,59.37783432006836,60.66057498090037,58.9316644262666,60.11215360908034,2178900
2020-01-03,60.20510482788086,60.52114582762189,58.885185991264656,58.885185991264656,2371000
2020-01-06,59.647377014160156,60.83716308155845,59.55442630733548,60.47465036076317,2490400
2020-01-07,59.415000915527344,60.06567009282036,59.2198022898449,59.424298114374565,2518500
2020-01-08,59.926246643066406,60.11214808903029,59.331353505959285,59.405713375176276,2040800
2020-01-09,62.01767349243164,62.11062422091362,60.093564336941895,60.34453201301186,2585200
2020-01-10,61.599388122558594,62.16639681812905,61.27405700830172,62.05485877420464,1621400
2020-01-13,62.74270248413086,62.975082863701715,61.35771740756075,61.58080058627658,2296500
2020-01-14,61.85966491699219,62.83565833567397,61.5250365758193,62.51962439772567,2224400
2020-01-15,63.40263748168945,64.03471215424743,61.980471241354905,61.980471241354905,2089100
2020-01-16,64.30427551269531,64.3135727101663,63.272506435614716,63.625721930990025,2071600
2020-01-17,64.36004638671875,64.90846758652197,64.03471538260702,64.38793088825918,1629800
2020-01-21,64.37864685058594,64.52736657004803,63.71868758241269,63.84881999632377,1592800
2020-01-22,66.78609466552734,67.04635945853342,64.75044812498206,64.78762273111116,3200300
2020-01-23,66.80471801757812,67.34383514034155,66.0982796362877,66.47937979361507,2422700
2020-01-24,66.8604736328125,67.61338368674313,66.21910160661359,66.99990325916254,2035700
2020-01-27,68.74739074707031,69.39805987658944,65.89376079539315,66.05177770576954,4428500
2020-01-28,67.54829406738281,68.78455878539448,67.23226030940367,68.73807989548793,2743800
2020-01-29,67.47394561767578,67.84575554419114,67.32522590208035,67.65985412677571,1656800
2020-01-30,67.9480209350586,68.00379704798263,65.99602718318886,67.34383053546678,2674800
2020-01-31,67.09286499023438,68.003799219089,66.79541838132631,67.59480747245796,1999200
2020-02-03,68.92399597167969,69.1284917631493,67.33451562664375,67.43676352237856,2747700
2020-02-04,69.7234115600586,69.96508205048937,68.38489829502348,69.07274223769477,2472300
2020-02-05,71.2292251586914,71.2292251586914,69.58397533567276,70.29041361340913,2922100
2020-02-06,72.5026626586914,76.98295511880468,68.77528019531,70.63432282758414,5057900
2020-02-07,71.498779296875,72.55843305011642,70.79234818917071,72.31676260933152,2665000
2020-02-10,71.3128890991211,71.74046812903178,70.63433529819983,71.62892299839531,2515200
2020-02-11,72.16802978515625,72.3725255962496,71.19202962918683,71.33145923599452,1684300
2020-02-12,71.13626861572266,71.9170702465628,70.1881599479366,71.60102929617733,1769300
2020-02-13,71.73115539550781,72.05648642480766,70.50418759094511,71.13626234430677,1122300
2020-02-14,71.77764892578125,72.46549282673728,71.67540099692057,71.74046721604228,1889600
2020-02-18,72.53983306884766,72.53983306884766,71.58242739695143,71.94494008647168,1883400
2020-02-19,71.58242797851562,73.43217313900388,71.53594908289337,73.18120554102157,1386700
2020-02-20,71.20133209228516,71.99142380037152,70.68080241951012,71.04331516900487,1130400
2020-02-21,71.44302368164062,72.09368590065195,70.90389950492478,71.29429683633157,1403900
2020-02-24,70.9875717163086,71.90779617389482,70.1695881169542,70.64364614915391,2853700
2020-02-25,69.2772216796875,71.2013304960566,68.88682443385835,71.108379783957,2524100
2020-02-26,70.33686828613281,71.48947969299492,69.69550347332778,69.8070414798935,4313700
2020-02-27,66.93484497070312,70.84812962125584,66.90696046046872,69.89072361421502,3990100
2020-02-28,65.63079833984375,66.17104789569535,63.49774994021422,65.32341423670512,4412000
2020-03-02,70.01795959472656,70.04590230282639,65.93816076294304,66.05924820020475,2610800
2020-03-03,70.93081665039062,71.90884726490202,69.29144191200886,70.13907555107488,2494200
2020-03-04,73.17565155029297,73.33400548928803,71.40587945714688,71.88091995465906,2327500
2020-03-05,71.75047302246094,72.30934846077282,70.67929095357923,72.28140575483025,2258600
2020-03-06,70.8376693725586,71.2195649970696,68.59284312992226,70.0645544096722,2418000
2020-03-09,67.54029083251953,69.4125237598943,65.19300333497634,67.09318608320548,3092900
2020-03-10,67.95944213867188,69.36595124083912,64.50372021872185,68.91884651535622,3415300
2020-03-11,64.97876739501953,66.9162022469957,64.10319116049467,66.24555582120885,2321100
2020-03-12,58.84974670410156,64.13113249776096,57.44323763777388,61.93288245866849,3204100
2020-03-13,59.46452713012695,61.215676476185884,55.49650104679936,60.768571642653505,5489700
2020-03-16,54.425315856933594,55.794565905350225,50.21510789351722,55.189114285143496,3641200
2020-03-17,60.20036697387695,62.994752067434725,53.885057799474595,55.60826407244852,5024000
2020-03-18,60.03270721435547,60.34009129879254,54.704748396647744,56.30686375087696,3188500
2020-03-19,55.99016189575195,60.153796723236496,51.370112836983836,59.53902860615001,3830000
2020-03-20,51.1279296875,55.673463559970294,50.60631343464297,55.673463559970294,3951200
2020-03-23,48.38011169433594,51.03477924743136,47.74671755520576,50.52247610487591,4180800
2020-03-24,54.229705810546875,55.49649439617306,50.10332985291659,50.45728276994855,3478200
2020-03-25,52.18048095703125,55.785236471469275,51.91035623145926,54.08066353566685,3144900
2020-03-26,58.272239685058594,59.026721316173756,54.02477345814678,55.701403647923215,3414000
2020-03-27,59.967498779296875,61.28086312371457,56.53040655216059,56.89367958226749,3738400
2020-03-30,61.467159271240234,62.31479288007536,59.73463983705105,60.3866673299602,3774700
2020-03-31,60.22832489013672,61.877009190096395,59.371378165234724,61.057325344140416,4810000
2020-04-01,59.77189254760742,60.86170097569836,57.35009367190919,57.750622466825746,3267400
2020-04-02,60.13515090942383,62.2961412600113,59.36203972826437,59.36203972826437,3559800
2020-04-03,57.908973693847656,61.923578557970565,57.573650457826915,59.45520356729166,2608700
2020-04-06,61.12251281738281,62.091233735224,59.622859071218755,59.706687204196456,2401800
2020-04-07,61.346065521240234,64.5037199814142,61.197028244464725,62.56627802226359,2659000
2020-04-08,62.95747756958008,63.41389880817028,60.52636966222179,61.51371654984936,2541800
2020-04-09,65.14643859863281,65.64011220068538,63.07859232804412,63.46980456667188,4218700
2020-04-13,62.705997467041016,64.96944954178868,61.932882598477576,64.52234482668922,1721800
2020-04-14,63.30214309692383,64.2149787880922,61.83043174686177,63.84239264666654,3187000
2020-04-15,63.00409698486328,63.69337696118247,61.90497140325009,62.39864518790405,1738000
2020-04-16,63.153106689453125,63.90758839938782,61.71865480534466,62.910924655385756,1760500
2020-04-17,65.38861083984375,65.51901491399616,63.50706126529541,64.30811892451108,1531800
2020-04-20,63.84238052368164,65.20231364113239,63.65608393509976,64.94150552360597,903700
2020-04-21,61.04800033569336,63.83306881358958,60.917596266928236,63.12515593565836,2131300
2020-04-22,62.05397033691406,62.61284583947045,60.07926931429474,62.03533712648589,1157500
2020-04-23,60.45186233520508,63.2741899896791,60.330767772895214,62.193691067622716,2105000
2020-04-24,60.796504974365234,61.27155245417181,59.36205658741147,61.169091093694135,1549500
2020-04-27,62.9388542175293,63.525672413021375,61.010729167784014,61.010729167784014,1376700
2020-04-28,62.417240142822266,64.17770189498944,61.97945207947605,63.99140532202954,1598500
2020-04-29,62.230953216552734,63.721297605306155,62.119182361938336,63.17173151299337,1328000
2020-04-30,61.094573974609375,61.91426487890581,60.70336173746207,60.99211971806164,1426500
2020-05-01,61.11320114135742,61.20634588767567,59.43657083491881,60.358719457744414,1610300
2020-05-04,61.61618423461914,61.70001236474761,60.31213661621424,61.35537613223572,1656900
2020-05-05,61.71865463256836,62.75257769480093,60.95485631786842,61.88631802391658,1055100
2020-05-06,61.21566390991211,62.92955002256633,61.21566390991211,62.16575171471151,1392400
2020-05-07,61.37401580810547,62.79915118732511,58.04869755442985,60.91760152800982,3789400
2020-05-08,60.13515090942383,62.09122570374224,59.203692982129915,61.54165973485182,3755900
2020-05-11,59.0267219543457,60.09790068702986,58.62619317287647,59.71600511762237,2144400
2020-05-12,57.685428619384766,59.46452048629888,57.65748590287788,59.16645299940974,1879400
2020-05-13,56.97750473022461,57.68541754056103,56.37205681830544,57.32214808276073,2653200
2020-05-14,57.787872314453125,57.91827635593793,55.69208393939239,56.688747460161785,1578300
2020-05-15,57.964866638183594,58.02075562462913,56.67944837589422,57.30352962151276,1788500
2020-05-18,59.939552307128906,60.545003766087376,59.063979685679485,59.37136371804905,2276900
2020-05-19,59.87435531616211,61.55098917331512,59.660123110602264,59.939557349135356,2220300
2020-05-20,59.790531158447266,61.178407156443264,59.66943658451192,60.479810853852854,1194900
2020-05-21,59.65080261230469,60.33076561087954,59.1943848580252,59.80914938112478,1419900
2020-05-22,60.088592529296875,60.28419862138404,59.250275630003046,59.771891875568826,902800
2020-05-26,61.979454040527344,62.240262144435626,60.861695886864595,60.95484772953571,1998700
2020-05-27,63.898258209228516,64.0007195439189,62.37066190028304,62.9574800936565,1961300
2020-05-28,65.71463775634766,65.83572524108405,64.36401378125672,64.55031041910897,2204400
2020-05-29,66.51737976074219,66.74140485992203,65.30389682372817,65.78929284718558,3565300
2020-06-01,66.4333724975586,66.64806828342311,66.03199029743551,66.20934737612228,1470000
2020-06-02,67.18949127197266,67.20815707097404,66.15336494739786,66.30271270430664,2153800
2020-06-03,69.02835083007812,69.3457262743774,67.3388153110484,67.59084979940813,1862600
2020-06-04,70.3818588256836,70.85791847590323,68.64564798053503,68.64564798053503,2850500
2020-06-05,69.00967407226562,71.35262590003437,68.83231702505536,70.81122542448752,2928800
2020-06-08,69.14971923828125,69.16838503498174,67.52551718170243,67.88023141369702,2297200
2020-06-09,67.61885833740234,68.8136685694883,67.23614190157099,68.56163405768942,1147800
2020-06-10,67.97354888916016,68.55228807046782,67.25479848156185,67.63750770280461,1257900
2020-06-11,62.69025802612305,67.10545511446355,62.64358286165221,67.07745286443314,2715700
2020-06-12,63.78238296508789,65.49059128482035,62.568900010587,64.46379472872133,2204300
2020-06-15,63.66102981567383,64.13708938537242,61.84081252216384,62.68091555056442,2256100
2020-06-16,65.50926971435547,67.07745997701414,65.28524456872736,65.77063357119341,2893100
2020-06-17,64.96786499023438,66.26535485608208,64.68783535625337,65.88264555315223,1867700
2020-06-18,65.77996063232422,66.06932670082405,64.80917564444385,64.80917564444385,1358100
2020-06-19,65.97599029541016,67.02145280277121,65.82663545651685,66.8907708795549,3058600
2020-06-22,66.34935760498047,66.38669630757587,65.17321339892798,65.85463225844273,1280800
2020-06-23,65.87330627441406,67.04011417010769,65.86396981719206,67.00277546284987,1123600
2020-06-24,64.38912963867188,65.85464006144791,64.26777706045063,65.51859881990167,1211200
2020-06-25,64.594482421875,64.65982337933546,62.63424657643071,64.23977538446535,1304700
2020-06-26,62.8582763671875,65.201228795782,62.75560381637898,64.67850109727708,2967000
2020-06-29,63.83840560913086,64.47314951443224,63.044977507912044,63.5397030137909,1303800
2020-06-30,64.86518096923828,65.18255641241281,63.67970730949914,63.80105276391967,1666600
2020-07-01,65.97599029541016,66.24669059968126,64.57582072812355,64.85585749023315,2056600
2020-07-02,67.03076934814453,67.22679219556383,66.02265286450664,66.34935761020546,1786900
2020-07-06,67.61885833740234,67.83354701761395,66.46137969364219,67.83354701761395,2593600
2020-07-07,67.84288024902344,68.31893987629019,67.00277711903222,67.17079774503046,1892800
2020-07-08,67.33880615234375,68.31892747976137,66.70406247170634,67.85220439463471,1931700
2020-07-09,66.97476959228516,67.26413565585293,66.06932557471265,67.12412441324261,1914300
2020-07-10,67.58149719238281,67.74951777059394,66.49869632799364,66.81607169644951,916500
2020-07-13,66.86274719238281,68.11356877463692,66.73206529714227,67.96421396771677,1739300
2020-07-14,68.71099090576172,68.8416728336137,66.47071809430777,66.8627638778637,1528900
2020-07-15,64.89320373535156,69.79379832772162,64.19311879358442,69.46709344589007,4454200
2020-07-16,64.84651184082031,65.37857591610735,63.83838818607761,65.36923945959222,3164400
2020-07-17,65.61193084716797,65.83595592948429,64.93051202301845,65.29455545239331,2027800
2020-07-20,67.91754150390625,68.77631022282232,65.34122822552933,65.44390786818546,3645000
2020-07-21,67.84288024902344,68.57096725447236,66.92809970267068,68.18825795847272,1984400
2020-07-22,68.30960845947266,68.67365198906026,67.90822621894903,68.42162459228074,1811900
2020-07-23,68.13224792480469,69.19637620707454,67.94556150117616,68.39361176653685,1739300
2020-07-24,68.29092407226562,68.86965613013395,67.94554643136141,68.328255651407,1500200
2020-07-27,69.60710144042969,70.50320917717474,68.31894790416453,68.51497080392458,2256300
2020-07-28,69.14971923828125,70.00848831913773,68.58965275605449,69.46708763361146,1257100
2020-07-29,68.8603286743164,69.71910466101578,68.71098097334473,69.42973147263265,1742800
2020-07-30,68.56163024902344,68.83233053994755,67.73086358312513,68.24426191446918,1871300
2020-07-31,68.7296371459961,68.76697584642059,67.69351135451026,68.22557537270875,1839800
2020-08-03,69.2430419921875,70.03646986755454,68.48695282081333,69.07502138503439,2525000
2020-08-04,70.12982177734375,70.37251982262741,68.68298420646802,68.89767287905588,2052000
2020-08-05,70.04580688476562,70.91391217506869,69.84044757197549,70.47519130167697,2173600
2020-08-06,69.48575592041016,70.53121138511408,68.65498915079455,70.47520687711386,2930000
2020-08-07,70.50321197509766,70.94193296314658,69.5417632336108,69.80312711032977,1938500
2020-08-10,70.3165054321289,70.88590819581907,70.24182802536933,70.4751895802709,1882100
2020-08-11,69.02835083007812,71.01659600098013,68.69230959335187,70.25117032213257,1652100
2020-08-12,69.42973327636719,69.74710872182581,68.98168304018219,69.4577426475551,965800
2020-08-13,70.2231674194336,70.41919028542875,69.09369114328103,69.14036630635941,1127900
2020-08-14,70.4751968383789,70.87657903901237,70.00847368050884,70.00847368050884,962700
2020-08-17,71.13793182373047,71.16593406939447,70.39117916005053,70.8579022454614,2190500
2020-08-18,71.27796936035156,71.84737224755557,70.75524164290435,71.37131257823413,1143300
2020-08-19,70.82990264892578,72.14606534972685,70.59654107402886,71.87536506825082,1002500
2020-08-20,70.71790313720703,71.38064924422214,70.00848186029931,70.53120957926761,948000
2020-08-21,71.52066040039062,71.82869227698941,70.25117282129213,70.50320019698756,1475300
2020-08-24,72.10874938964844,72.33277457816116,71.80071030442322,71.80071030442322,1039800
2020-08-25,72.31407928466797,72.36074732235586,71.71667427787925,72.25807479079073,1069200
2020-08-26,73.66756439208984,73.88226012828373,71.95002698905294,72.7154525050374,2040000
2020-08-27,74.05962371826172,74.53568331049918,73.67691445042249,73.70491669909,1495600
2020-08-28,74.927734375,75.17976887422924,73.44355811680924,73.93828353620616,1460000
2020-08-31,75.16153717041016,75.54496296361044,74.89967688204894,75.01190271991803,1334900
2020-09-01,76.6578369140625,76.66719084985033,74.89966800399687,75.0025398927757,1972800
2020-09-02,79.10803985595703,79.16415633554618,76.20894051252404,76.68589134673836,2596400
2020-09-03,77.84552764892578,79.23897150754989,76.75135264715698,78.99581912883608,1962300
2020-09-04,77.12544250488281,78.35989817437141,75.61977974668555,78.35989817437141,1729100
2020-09-08,75.32986450195312,76.35857626940835,74.59106053338152,76.19024109764567,1723600
2020-09-09,76.33051300048828,77.55561447453884,75.78809893756446,76.03125129938579,1690700
2020-09-10,75.75070190429688,76.96645676415345,75.35792219940642,76.48015196622568,1007000
2020-09-11,76.38663482666016,76.6391340296631,75.76940345382172,76.28376293118708,1320200
2020-09-14,77.88292694091797,78.17283469261959,76.90097787791501,76.96644114878188,870500
2020-09-15,78.95842742919922,79.57565174122472,78.3224952421332,78.4440678900415,1032200
2020-09-16,79.182861328125,80.12740911156384,78.5282284890859,79.20156920064773,1651500
2020-09-17,78.64978790283203,78.91164099444092,77.57431373232843,78.54691602613403,1563000
2020-09-18,77.51821899414062,78.88360118251991,77.2657197896646,78.12609643412887,1831900
2020-09-21,75.77875518798828,76.57366851948204,74.71263478858015,76.48015056312326,1749300
2020-09-22,76.29310607910156,76.71394040291797,75.75069200421142,76.0686544471017,1749800
2020-09-23,74.67524719238281,76.5923979445493,74.45080260697131,76.24637356019282,1992800
2020-09-24,74.90899658203125,76.1153970316302,73.48750562686041,74.37593658197218,1772200
2020-09-25,76.19026184082031,76.4427610997272,74.10477593036346,74.6191355216093,988100
2020-09-28,76.91033172607422,77.43404507596811,76.03125445600465,76.91033172607422,912000
2020-09-29,77.02255249023438,77.54625867080195,76.4520837714183,76.89162594509249,916700
2020-09-30,77.73332977294922,78.55629794473555,76.87294584907697,77.40600615687482,1570100
2020-10-01,77.24701690673828,78.82749692581042,77.13479820192786,78.21026550949938,1735100
2020-10-02,77.3124771118164,77.85489127997194,76.15283868693744,76.3772832225675,1368600
2020-10-05,79.8375015258789,80.80075004957723,78.16350367854417,78.38794820470619,2186000
2020-10-06,78.84619903564453,80.60436821451565,78.5469372593419,80.02454540138272,1809700
2020-10-07,80.94103240966797,81.24029416306573,79.9777767289235,80.19287445869205,1366400
2020-10-08,83.23224639892578,83.60632533782353,81.99779089503684,82.41862524194536,2190400
2020-10-09,84.41060638427734,84.99977599343796,83.41929596359373,83.65309444682686,1567900
2020-10-12,83.86817932128906,85.10263483793534,83.83077071351646,85.0371715580739,1495500
2020-10-13,84.41060638427734,84.88755015289921,83.52216786701338,83.69050306033976,987900
2020-10-14,84.22357940673828,85.02784691350412,84.12070748366604,84.73793902209952,1022600
2020-10-15,84.92495727539062,85.28033553004225,83.00781402751623,83.20420389378845,1075500
2020-10-16,85.49541473388672,86.02847490981372,85.07458038156206,85.48606793314165,1135900
2020-10-19,85.2709732055664,86.05653259338513,84.83143096644574,85.65439896344098,1044700
2020-10-20,85.46736907958984,87.30970218541704,85.45801514289542,85.98172857333562,1403000
2020-10-21,86.76728820800781,87.43127501551365,85.71987561474258,85.86014899065262,1297500
2020-10-22,85.22422790527344,86.72054403525917,84.78469271217654,86.14072117814149,2006600
2020-10-23,86.71117401123047,86.77663729465071,85.13069413798969,86.03783330464356,1039900
2020-10-26,85.62632751464844,86.3838392158787,84.75659714283684,85.79466265548169,1154700
2020-10-27,85.19615936279297,86.346450951918,85.15875075213428,85.80403679981147,1106700
2020-10-28,82.97976684570312,84.67246570427547,82.92365035386923,83.89625297107666,2148600
2020-10-29,83.43798828125,84.13938360017785,82.51214845805465,82.8020562400236,1563200
2020-10-30,83.23224639892578,84.11133083509114,82.27835188295073,83.2696550063118,1188500
2020-11-02,84.35448455810547,85.71987389254535,83.30707198588378,84.34513775654136,2428800
2020-11-03,87.67443084716797,87.86146677898988,85.18681157114854,85.34579996165695,1654400
2020-11-04,88.01109313964844,90.74185744894525,87.3096977573656,87.9082212461166,2176000
2020-11-05,90.86344146728516,91.4619649840468,88.85277318365007,90.4706546122528,1745000
2020-11-06,91.14401245117188,92.4626395037343,90.57354350239919,91.34040234804968,1728500
2020-11-09,86.95431518554688,96.10050862140491,86.81403470061812,93.8466883324454,3543500
2020-11-10,88.8247299194336,88.9088939552763,86.01914789858554,86.87952467258758,2147900
2020-11-11,89.6009292602539,89.65704574852434,88.40388215661683,89.32972216099809,1513300
2020-11-12,88.09526062011719,89.6289780121389,87.65572548999542,89.067863111271,1687300
2020-11-13,88.51610565185547,89.16138460267051,87.88952743999249,88.79665954591664,1541700
2020-11-16,90.4893569946289,90.52676560402692,88.55350605179821,89.52610849125864,1557300
2020-11-17,90.8447265625,91.2281594511965,89.67573429446807,89.95629529278077,1519500
2020-11-18,90.30231475830078,91.97631258533585,90.2181507376217,91.18139924963924,2197100
2020-11-19,91.5648422241211,92.21947512909325,89.32037533784523,89.8347277246195,1827100
2020-11-20,90.94759368896484,92.47195695804439,90.69509451167961,91.65834294848807,2933600
2020-11-23,89.2549057006836,91.83603565814859,89.00239935888966,90.9008417832796,1374400
2020-11-24,89.8814926147461,90.04982781397162,89.32037766231558,89.42324956934027,1820700
2020-11-25,90.05918884277344,90.52678586244522,89.57288394673476,90.26492553805902,1326100
2020-11-27,90.11529541015625,90.20881338420055,88.94630289719238,89.69446095947488,658700
2020-11-30,89.92793273925781,91.09874737755531,89.30973918011573,90.46182392847805,2172800
2020-12-01,90.6866226196289,91.75440504848159,89.87173302031049,91.08938316006181,2789300
2020-12-02,88.0452651977539,91.08938340937837,87.50200546338802,90.4430914100091,1693500
2020-12-03,86.77144622802734,88.40121881079607,86.53728321313174,87.81113058585088,1502100
2020-12-04,88.19513702392578,88.63535736774156,86.8557246624755,87.10861750450098,1983300
2020-12-07,89.45024108886719,89.96540240383419,88.51358934971674,88.63535150321546,1603500
2020-12-08,89.81556701660156,90.7522190928169,88.70094875915707,88.70094875915707,1350900
2020-12-09,87.44581604003906,90.06844404105487,86.94939170999572,89.86237949362109,1733400
2020-12-10,87.3521728515625,88.16705556779455,86.71524916685078,87.26787045045238,1735500
2020-12-11,86.7152328491211,87.14609185680636,85.63808175686455,86.61220057053475,2127500
2020-12-14,84.57966613769531,87.84857914060746,84.42042988986469,87.12735320385953,2902700
2020-12-15,86.20945739746094,87.38027248519359,84.89814306998274,85.23533838693679,1937300
2020-12-16,84.70143127441406,86.44360437334574,84.51410375357517,86.265638226288,1702200
2020-12-17,86.15323638916016,86.75269297421086,85.05734834347373,85.21658458175764,1334500
2020-12-18,86.34993743896484,86.81826336993467,85.25404932946962,86.6121988169341,2752000
2020-12-21,86.85575103759766,87.06180849370512,84.44855546357027,85.1604059034069,1665600
2020-12-22,86.63092041015625,87.37087616772698,86.26562679068394,86.61219051898999,1305500
2020-12-23,85.80667877197266,86.99622350799538,85.5912456966164,86.52789757086906,1104800
2020-12-24,86.49043273925781,86.56536660607901,85.8441477896639,86.16260600452367,419700
2020-12-28,85.5818862915039,87.1086263090607,85.31025638419254,86.91193026847388,959400
2020-12-29,86.39677429199219,87.55822786088702,86.10641447281213,86.20944675950582,1030300
2020-12-30,86.97750091552734,87.6987197749616,86.93066545944876,87.11800013767584,794200
2020-12-31,87.2771987915039,87.41769796461278,85.77855761920705,87.20226494636786,1043800
2021-01-04,84.07388305664062,86.40614446737588,83.09039562703227,85.9190885859304,3659100
2021-01-05,84.87939453125,85.22595114761005,83.9614725597871,84.0645048365662,1451200
2021-01-06,85.86286163330078,87.0711432121072,84.96367683778831,85.24467521279837,1780500
2021-01-07,84.93560791015625,86.26565210187196,84.57031418350317,86.10642296893869,1448400
2021-01-08,84.83255767822266,85.4039158778005,84.02703651639445,85.17912143494435,1391200
2021-01-11,84.82318115234375,85.22594169524118,84.48598594684425,84.52345287479817,1307400
2021-01-12,84.5234603881836,85.06672017267775,84.10196991688535,84.49536197624191,1517400
2021-01-13,85.3196029663086,86.01273039421456,84.21436078112552,84.97304639844123,1374300
2021-01-14,84.23310852050781,85.74111870253404,84.16754317111915,85.63808641833943,2216000
2021-01-15,84.69207000732422,84.72953694391792,83.56809049386293,84.06451489807645,2023200
2021-01-19,84.69207000732422,85.60062356798105,84.33614482881522,85.09483064309723,1534000
2021-01-20,86.41548919677734,87.10860946473257,84.42978498907654,84.50471884131102,1501400
2021-01-21,85.51631927490234,86.71523253473853,85.17912402731258,85.91907986807419,1495400
2021-01-22,84.99180603027344,85.5069675223559,84.15818626751317,85.35709976244532,1293700
2021-01-25,84.16753387451172,85.16038252590113,82.75318761267647,85.01052194931704,1434800
2021-01-26,83.17469024658203,85.10419084293768,83.12785479389724,84.22373578428837,1875600
2021-01-27,79.92449951171875,82.097531393791,79.75590190250253,81.99449912448742,2096800
2021-01-28,82.66889190673828,83.08101384955876,80.54268826651796,80.63635201960959,1604700
2021-01-29,82.44408416748047,83.36200602983958,81.73223398027257,82.22865826606531,1965100
2021-02-01,83.75540924072266,84.02703914295422,82.47220074097477,83.08101874498729,2281100
2021-02-02,84.7763442993164,85.83475810941505,84.38294516853112,84.41105072122551,1093700
2021-02-03,85.19786071777344,85.51632609749875,84.33614263677809,84.81383713332244,1617600
2021-02-04,83.26835632324219,85.8535175986967,81.67604378677288,84.74826805779192,3186400
2021-02-05,83.72733306884766,83.90529925974303,82.06946194817814,83.90529925974303,2381400
2021-02-08,84.03641510009766,84.79510090190239,83.7647851738261,84.37361037780806,1536700
2021-02-09,83.16532897949219,84.88876516807065,83.13723056386561,83.9802187630996,1230800
2021-02-10,84.2143783569336,84.73890115036606,83.4369555408911,83.99894526900977,1081500
2021-02-11,82.92178344726562,84.38295798149848,82.17246628826071,84.29866274887098,1625100
2021-02-12,83.99893951416016,84.00830803371163,82.43473261513432,82.5096593332863,1029400
2021-02-16,84.46725463867188,84.90748210213684,83.48376744811883,84.39232078402131,1299700
2021-02-17,84.16753387451172,84.47663069295471,83.48377489547897,84.02703467102977,1039100
2021-02-18,84.64522552490234,85.1978466553859,83.72730361894176,83.83033588836855,1298100
2021-02-19,84.74826049804688,85.4882091532296,84.26119754592952,84.73889197886753,2331200
2021-02-22,82.49092102050781,84.11133172536228,82.26612659682318,84.11133172536228,1442200
2021-02-23,81.02974700927734,82.78128125401906,80.73938009985689,82.78128125401906,2052900
2021-02-24,80.79558563232422,81.48870595795908,79.90576214168337,81.02038006164898,1867500
2021-02-25,80.79558563232422,81.39504220791427,80.37408803799349,80.74875018425878,1591100
2021-02-26,80.12002563476562,81.60251524844308,79.98866652049394,80.87065528077656,2184000
2021-03-01,81.16151428222656,81.921521547202,79.9417429960742,80.06372441980999,1733800
2021-03-02,81.02078247070312,81.6775852456354,80.88003850760796,81.46177688108479,1630700
2021-03-03,79.37877655029297,80.94570815647567,79.1348208547057,80.32644481664266,2295100
2021-03-04,78.34667205810547,80.03558521738282,76.81727253392403,79.28495555580733,1962300
2021-03-05,77.13628387451172,78.62815832710824,75.75700601635819,78.49679921285883,3227100
2021-03-08,77.4928207397461,79.25679807154793,76.17922973759673,77.136275633239,1842800
2021-03-09,80.93634033203125,81.16152637770668,77.77432221862476,78.29975871137918,2690500
2021-03-10,79.96051025390625,81.31164060279602,79.86668334824091,81.20842885900393,1282000
2021-03-11,78.37481689453125,80.31706338590548,77.99012439529618,80.2419989904575,1712200
2021-03-12,79.41631317138672,79.84792271314552,78.43111265401161,78.70321572222507,1392900
2021-03-15,80.1294174194336,80.7580656863005,78.42174162734806,79.20051869984403,2071700
2021-03-16,78.72196960449219,79.96050326318156,78.31850750272417,79.88543888179835,2783300
2021-03-17,78.36542510986328,78.85333647849633,78.01826483912134,78.29036787960246,2441000
2021-03-18,77.53034973144531,78.18715236392443,76.5826887131147,77.99011372174083,2917500
2021-03-19,76.23553466796875,77.99012739678415,76.18861762937445,77.31456212882239,4793900
2021-03-22,79.11605834960938,79.54766786739427,76.24491335113251,76.44195201195598,4405700
2021-03-23,80.06372833251953,80.98324210274146,78.63753348284017,78.84395698675701,3108600
2021-03-24,80.08250427246094,81.105237124572,79.56645258472018,79.68842687632382,1648000
2021-03-25,78.86272430419922,80.5891623606791,78.53431938041425,80.47656577322131,2178300
2021-03-26,78.9002456665039,79.24741309276112,77.8493728666491,79.04098960463705,2174000
2021-03-29,79.84793090820312,80.03559191857691,77.54913900977505,78.40297334173512,2611100
2021-03-30,79.31311798095703,79.57583626485149,78.58125785909782,79.52892637617681,1267500
2021-03-31,79.51013946533203,80.13879483247311,78.65630522768697,79.4163125497771,2443000
2021-04-01,80.94572448730469,81.37734125062812,79.73534492090914,80.12942232199309,2379100
2021-04-05,81.50869750976562,81.75264608743186,80.29831082752074,81.14276748473061,1719700
2021-04-06,82.55955505371094,82.86919029635483,80.75805262865707,81.69633603652275,1903900
2021-04-07,81.18966674804688,82.76598324912227,80.76744205394273,82.52202754483324,1687200
2021-04-08,82.22177124023438,82.23115607856407,81.35855223579117,81.42423178703066,1511600
2021-04-09,84.31416320800781,84.35169541029286,83.17884093339372,83.32896258399829,2270400
2021-04-12,85.10228729248047,85.67464064349933,83.89190820829492,84.31413280431006,2370300
2021-04-13,85.15863037109375,85.77789388887099,84.51121232922694,84.73639841218807,1619800
2021-04-14,83.94822692871094,85.38379955610176,83.15068737555326,84.90527296079311,1597900
2021-04-15,84.96157836914062,85.18676441689179,84.29539074871214,84.52996163635909,2216700
2021-04-16,85.3931884765625,85.6840540883295,84.54873184405379,85.51516276182775,5455700
2021-04-19,85.28996276855469,85.82478402194933,84.68007712486818,85.48700142417016,1063400
2021-04-20,86.59417724609375,87.15714586349557,85.45885517274866,86.04058630869899,1761700
2021-04-21,87.16654205322266,87.35419589728221,86.3314702776477,86.42529719967746,1732000
2021-04-22,86.9695053100586,87.80457710426757,86.37838208686351,87.16654399827847,1357600
2021-04-23,88.17988586425781,88.38630221964762,86.95072962003356,87.11962093519608,1220100
2021-04-26,87.16654205322266,88.47075559748178,86.90382380812518,88.34878131469661,1005000
2021-04-27,87.16654205322266,87.68259370365405,86.22825851585435,86.80998972756012,757000
2021-04-28,85.71219635009766,87.69197510909252,85.50577283459525,87.35419247618586,1135300
2021-04-29,87.61689758300781,87.8702380989963,86.22824221893482,86.22824221893482,962700
2021-04-30,87.86087036132812,87.91716508315598,87.11024066379173,87.29790166744348,1243700
2021-05-03,87.50433349609375,88.33940535561777,87.36358951963257,88.1986613791566,993900
2021-05-04,87.87025451660156,88.19865232226464,87.33543318779732,87.41987526988129,1738100
2021-05-05,87.13838958740234,88.15173030790599,87.04455551233461,87.8983969174138,1373100
2021-05-06,84.97093963623047,87.11960941103129,83.97636155546644,86.45342907782765,1889600
2021-05-07,85.10228729248047,86.53786666770465,84.40795969692087,84.88648615532892,1840900
2021-05-10,84.32353973388672,86.4815874634756,84.11711622094019,85.99368319894874,1930200
2021-05-11,85.00847625732422,85.01786109589585,83.19758897385448,83.87315418032486,3188800
2021-05-12,82.40943908691406,84.98033379652513,82.35313721077462,84.56748677799825,1417100
2021-05-13,83.00054931640625,83.59166528568842,82.53140761295028,82.55955496979215,1245000
2021-05-14,83.60105895996094,84.13588027208475,83.00055808875297,83.30080852435695,1014400
2021-05-17,83.16006469726562,83.76056556941613,83.00055821903018,83.53537953199346,998000
2021-05-18,81.6775894165039,83.01933523726139,81.6306723735646,82.96303335402708,1727500
2021-05-19,80.52348327636719,81.15213145329696,80.06372640234005,80.9269454356049,1309500
2021-05-20,81.89337921142578,82.50326489189433,81.3773276037483,81.54621891282368,1422100
2021-05-21,81.42424011230469,82.65338919340513,81.22720143843983,82.01536329243416,1532500
2021-05-24,81.73387908935547,82.31561745658242,81.20844260188291,81.72449424964053,1312700
2021-05-25,80.57039642333984,81.88398742860497,80.03557518304359,81.82769271653193,1964200
2021-05-26,77.1644287109375,79.45384261335873,76.47010096424083,78.62815575670687,4470700
2021-05-27,77.54914093017578,78.3748279206607,77.17382605866963,77.76494214928017,3876900
2021-05-28,77.22953033447266,77.69012311924718,76.87232978291097,77.43632197244811,2677400
2021-06-01,77.2859115600586,77.89690596162923,76.75951991392922,77.68070529465562,1994600
2021-06-02,76.9005355834961,77.75592943617325,76.4869450969125,77.46453499787906,1907800
2021-06-03,78.366943359375,78.66773977455006,76.42116497993428,76.42116497993428,2337400
2021-06-04,77.58673095703125,78.73351924668508,76.6937366663178,78.62071792962799,2264200
2021-06-07,76.47755432128906,77.72774220868882,76.17675793657762,77.43634055644696,1714800
2021-06-08,75.75374603271484,76.79713489180078,75.3119570170693,76.53393899429267,1443800
2021-06-09,76.04515075683594,76.24254768806358,75.42475425450563,76.02634695107103,1526300
2021-06-10,75.63154602050781,76.37413850470882,75.36835013680111,76.05454555207926,2468800
2021-06-11,76.63733673095703,76.6655352662804,75.50935228872115,76.1579401158092,2374000
2021-06-14,76.25193786621094,76.96632460131687,75.71614422910672,76.73132726624398,1620700
2021-06-15,76.5245361328125,76.92872466707713,76.2613330917187,76.4023329279887,2266800
2021-06-16,75.6597671508789,76.97575413398395,75.51876726491192,76.78775906706271,1932600
2021-06-17,75.14275360107422,75.77254476675664,74.87955772118006,75.45294464720669,2521900
2021-06-18,74.43777465820312,75.0675659346747,73.96777988384206,74.37197567665463,3395800
2021-06-21,75.16155242919922,75.37775314917162,74.45656037107842,74.89835654161547,1604700
2021-06-22,76.77835083007812,77.14494620042666,75.9699592001938,76.16735615564673,2217900
2021-06-23,76.59974670410156,77.17314090544134,76.46814874034008,76.79714364974377,1859200
2021-06-24,77.10734558105469,77.64313936508434,76.58095370104002,76.75015211555208,1891400
2021-06-25,77.84053039550781,78.45152502205038,77.47393505389246,77.53033930213779,6174900
2021-06-28,76.95693969726562,77.78412784057949,76.46814116183663,77.72773076785708,1661500
2021-06-29,76.73135375976562,77.3987455612213,76.54335869541687,77.15435341187833,1367700
2021-06-30,76.15794372558594,77.08853846466708,75.86654928469919,76.70313933951317,1366100
2021-07-01,77.44570922851562,77.69010842733184,76.43992107638744,76.43992107638744,2027000
2021-07-02,76.91934967041016,77.70893748160769,76.64675182943441,77.70893748160769,1055600
2021-07-06,77.14493560791016,77.54913136735354,76.68434277509577,77.07913663179382,1222400
2021-07-07,77.84992980957031,78.00033157134752,77.05094017189342,77.05094017189342,1456800
2021-07-08,80.17171478271484,80.78270946417469,77.22954988204567,77.25774842292739,4452800
2021-07-09,79.70170593261719,80.39729611414911,79.034314286998,80.17170065529693,2159300
2021-07-12,79.67350769042969,79.75810329847975,78.42332000232054,79.0813097478778,2146300
2021-07-13,79.25050354003906,80.15289249799817,78.8463078136204,79.72049823719797,1615400
2021-07-14,79.51371765136719,79.9837124562715,78.5361347681316,79.04372284646287,1861900
2021-07-15,79.84271240234375,79.94611182362868,78.95911995556376,79.5889112149895,1987800
2021-07-16,80.60409545898438,81.47828593566395,79.78630205449369,80.08709839208503,5580800
2021-07-19,78.7240982055664,80.13408205402432,77.93451069277336,80.13408205402432,2082000
2021-07-20,79.35391235351562,80.40670318170426,78.91211613836904,79.30691718115902,1865300
2021-07-21,77.73712158203125,79.69230128213138,77.69952831647748,79.26930891492563,1614700
2021-07-22,76.82534790039062,78.3293297230467,76.59974524832896,77.84053114846408,1599700
2021-07-23,75.19915771484375,76.54334294585861,73.72337453155197,76.1391471862793,3874900
2021-07-26,76.29894256591797,76.65614314966237,74.62576247853765,75.19915662150063,1325500
2021-07-27,76.25193786621094,76.8065281346392,75.91354112998201,76.26133259609819,1133500
2021-07-28,76.29894256591797,76.58094227186878,75.969947690009,76.186148420778,1032300
2021-07-29,76.14855194091797,77.34233545886806,76.00755208061186,76.80654172694545,1093200
2021-07-30,76.02633666992188,76.7877329263217,75.82893976538848,76.09213563809966,1189800
2021-08-02,76.50575256347656,76.76894850262885,75.91356170038392,76.11095865474813,1350900
2021-08-03,75.61276245117188,76.53394820329252,75.19916475014966,76.33655125640954,1176500
2021-08-04,74.28736877441406,75.66915448196767,73.91137154143576,75.43415710780008,1719900
2021-08-05,75.93235778808594,76.10155620082564,73.27218553228172,75.24616940476206,2710800
2021-08-06,80.12468719482422,81.13987737609797,76.4399308015521,76.4399308015521,3959400
2021-08-09,82.10807037353516,82.60626359424012,80.09649368716998,80.09649368716998,3397700
2021-08-10,83.49928283691406,84.25127025854209,81.99530082210606,82.10809499099669,2015900
2021-08-11,84.16665649414062,85.06904550856252,83.24546367458782,83.76246074243129,2880900
2021-08-12,84.08206939697266,84.51447093702899,83.37707717562894,83.9128709769881,2054000
2021-08-13,83.35826110839844,84.25124817866497,83.17026609514761,84.24185344808747,1542400
2021-08-16,83.72488403320312,84.05387900073414,82.45589934612495,83.0762888318188,1524400
2021-08-17,84.02568054199219,84.71187619344207,83.3958891504281,84.10088144080497,1560500
2021-08-18,85.26643371582031,85.49202915347418,84.02564805139957,84.02564805139957,2518700
2021-08-19,86.94902801513672,87.27802290304601,85.01265195639854,85.26644596377123,2538200
2021-08-20,88.9511947631836,89.19559401637966,87.08061785632346,87.27801477067602,2560900
2021-08-23,89.15802001953125,89.25201755354327,88.09583425924636,88.74442943556794,1758700
2021-08-24,88.83840942382812,89.53399964399927,88.44360838446815,89.28960036659561,2147900
2021-08-25,88.9793930053711,89.29898593373758,88.25559720857733,88.44359220508122,1818800
2021-08-26,88.65039825439453,89.01699354764352,88.32140339783133,88.8947975070772,1153100
2021-08-27,88.7068099975586,89.20500327556746,88.50941306692587,88.65040575198452,1151400
2021-08-30,89.94760131835938,90.40819418462226,88.91360708779834,88.99820987554926,1314700
2021-08-31,90.39030456542969,90.64463729421834,89.57079837549023,90.2207518084274,2281900
2021-09-01,91.0496826171875,91.21922819325214,88.958534273542,89.6650029200941,1352600
2021-09-02,92.11410522460938,92.17062042425947,91.05910931618692,91.36995728740581,2005800
2021-09-03,91.72789001464844,92.39667949675867,91.6336956287938,92.02931636132588,1420400
2021-09-07,91.30402374267578,91.79383892574776,90.63523417224484,91.73732372408574,1849800
2021-09-08,91.06853485107422,91.58661482551669,90.91781806339205,91.07795644694735,2534200
2021-09-09,89.9193344116211,90.76709828080845,89.35416089435324,90.23960395623462,2677400
2021-09-10,89.3259048461914,90.15482554012712,89.11867287606465,89.82514158154879,2302600
2021-09-13,88.6006088256836,89.90051607608977,88.42164160842981,89.6932840688324,2354300
2021-09-14,87.27243041992188,88.82666291844816,86.90506728947014,88.57233017486104,2535500
2021-09-15,87.79991912841797,88.61000371999518,87.0840289154164,87.21590248273637,1994400
2021-09-16,87.36663818359375,87.80935976413302,87.02753259792843,87.58329176921347,1505200
2021-09-17,86.99928283691406,87.42316126390794,86.07616039573215,87.33838845313822,3007600
2021-09-20,87.36663818359375,87.44199657742426,86.53771741117409,86.73552780505018,2024600
2021-09-21,87.15938568115234,87.79991750482053,86.89563855138961,87.14996408749788,1702600
2021-09-22,87.55500793457031,87.9223710413616,86.22685066845654,86.89564009842452,1683900
2021-09-23,87.83760070800781,88.27090061050602,87.60211116187374,87.68688394892811,1353300
2021-09-24,86.94274139404297,87.62094523526504,86.73550944815409,87.5267508561984,1616800
2021-09-27,85.54863739013672,86.83912262009336,85.36966304508361,86.60363308673728,2065100
2021-09-28,84.50306701660156,85.44502519159866,84.22048387604477,85.01172529348847,2383100
2021-09-29,84.53131866455078,84.7668081917315,84.09801879692667,84.2393139505491,1542000
2021-09-30,84.74799346923828,85.54865662536038,84.58786227532823,84.6820566725358,2086600
2021-10-01,84.63494873046875,85.55807099288761,83.3444705059471,84.82334469553956,2088300
2021-10-04,84.60668182373047,85.38850882297064,84.11686674157941,84.48422984983532,1371700
2021-10-05,86.17976379394531,86.66016454442074,84.42772076192587,84.71973272497682,1614100
2021-10-06,87.08403778076172,87.36662813182735,85.86891795626447,86.26453869849945,1827900
2021-10-07,86.57538604736328,87.84702824520348,86.39641168049064,87.53618029849977,1759000
2021-10-08,86.09498596191406,87.1405602001035,85.83123880031152,86.62248028511912,1062900
2021-10-11,85.66168975830078,86.5659688602871,85.66168975830078,85.93485852659427,1076400
2021-10-12,85.20954895019531,86.07614888170352,84.95522336533352,85.74646490630057,1844900
2021-10-13,85.51097869873047,86.1891898672092,84.95522671635436,85.76531148019598,1540900
2021-10-14,86.67898559570312,86.85795994348193,83.96614871729089,84.04150709388938,1569500
2021-10-15,86.00079345703125,87.14056210838538,85.77471829650301,86.94275173285166,1460700
2021-10-18,84.87987518310547,85.67111681923338,84.81393838009481,85.35085440077376,1347900
2021-10-19,85.37911224365234,85.45447064346821,84.4748330055795,84.80451702155825,1024400
2021-10-20,87.20648956298828,87.27242634777298,85.88774668072391,85.99136265489564,1482200
2021-10-21,87.63980102539062,87.87529060020522,86.82971631310268,87.15940028052881,1192700
2021-10-22,86.85796356201172,88.12960567716414,86.75434758651473,87.59268979802998,1741400
2021-10-25,82.40251159667969,86.72609655264405,82.30831002159445,86.63190216413,2940900
2021-10-26,83.96615600585938,84.53132950626642,81.7808132008001,82.79812981347536,2611700
2021-10-27,86.14210510253906,86.339922718962,84.21109441882207,84.21109441882207,2260500
2021-10-28,86.481201171875,87.66807080609752,86.00080754683343,86.38700676617503,1431100
2021-10-29,86.17033386230469,86.99925443884935,85.77470598146787,86.17033386230469,1312400
2021-11-01,87.50791931152344,87.89411844133573,85.79355565354966,86.15149718685994,1859200
2021-11-02,87.81876373291016,88.11076846717684,86.45292006853099,87.27242626715848,1684300
2021-11-03,88.65711975097656,88.9397029353058,87.57386624461864,87.57386624461864,1540500
2021-11-04,86.17033386230469,87.7434022322956,84.77623265215608,86.45291699253636,2064000
2021-11-05,85.23779296875,87.0369365267544,85.21895696740177,85.9254255963745,1659800
2021-11-08,85.7370376586914,86.2551175762932,84.64436981416473,85.93485521746388,1426800
2021-11-09,85.98196411132812,87.39490175256135,85.70879530496767,85.82183290343242,1259700
2021-11-10,85.95368957519531,86.52828467769216,85.47328885957624,85.47328885957624,1102600
2021-11-11,86.33988189697266,86.43407626856924,85.72760770174004,86.3492963035334,957400
2021-11-12,88.13902282714844,88.61942349054182,87.31010225153872,87.60210697508653,2680500
2021-11-15,90.31494140625,90.40914296693015,88.17669964901404,88.18612124239608,1608500
2021-11-16,91.25690460205078,91.94453722582767,90.02294170338553,90.36204721832064,1353100
2021-11-17,89.54252624511719,91.30399031322904,89.25052156134689,91.27573272274408,1858300
2021-11-18,88.75130462646484,90.09830516834879,88.30858311327229,89.54254608160574,1560600
2021-11-19,90.14539337158203,91.25690429196572,88.93027366485902,88.93027366485902,3351600
2021-11-22,89.44834899902344,90.79534950027964,89.33531142888232,90.14539604846694,1078900
2021-11-23,88.64769744873047,89.7309509464515,88.4687230694821,89.15635580035351,1138100
2021-11-24,88.18612670898438,88.86433055656025,87.88470038120492,88.7607217692156,1112200
2021-11-26,89.20345306396484,90.84246577085366,87.02753157044556,87.4608315499973,2054200
2021-11-29,89.30705261230469,91.04968099195048,89.16576463477283,89.98526365073994,1732200
2021-11-30,88.21206665039062,89.75070874839685,87.74009196055063,88.57077202379685,3194100
2021-12-01,85.814453125,89.8167970175699,85.77669428051423,88.51414208898207,1945700
2021-12-02,88.33480072021484,88.58966393023546,85.7200564306846,86.07876186923066,1561000
2021-12-03,88.00440216064453,89.52415400737038,87.66457981428933,87.97607763031318,3471700
2021-12-06,87.48523712158203,88.75956746505811,87.31532592900102,88.59909778366574,1932300
2021-12-07,88.21206665039062,88.53301318439819,85.44629467985774,88.08935582366662,1407800
2021-12-08,88.67462158203125,88.92948478758913,87.56076084316861,88.25928148225634,1490700
2021-12-09,87.42860412597656,88.78788649079466,86.80559400737252,88.49526445423018,2143200
2021-12-10,88.25928497314453,88.52358970099581,87.098223830925,87.71179249301618,1389400
2021-12-13,88.41031646728516,89.25986528316886,87.91945867852755,88.22152224016169,1726600
2021-12-14,87.14541625976562,88.78788634891792,87.1265404388213,88.62741666472047,1588200
2021-12-15,86.71121215820312,87.93834953767512,86.12596080461796,87.456933217819,2257000
2021-12-16,87.16429138183594,87.92889535656707,86.20146608260801,87.03213903099608,2325800
2021-12-17,87.58908081054688,88.84453545769658,86.65457275971801,87.26813421422604,4041200
2021-12-20,84.95547485351562,87.32479066870226,84.37022343411162,86.99440970684712,1932700
2021-12-21,84.94601440429688,85.81445342699938,84.3702046269481,85.25751947107833,2201600
2021-12-22,84.98377227783203,85.3613535179408,84.52123903962443,84.86106143554602,1460500
2021-12-23,84.95547485351562,85.50296741988406,84.7950051294381,85.18202076996417,1533900
2021-12-27,86.7678451538086,86.78672817872027,85.08761602486396,85.26696875270542,1244500
2021-12-28,89.01445770263672,89.02389201416605,87.01328178844801,87.4097389256153,1330000
2021-12-29,89.89230346679688,90.26044315229852,89.16545840441297,89.21265875455927,1210700
2021-12-30,90.09999084472656,90.81739459229786,89.76960990892539,90.24158473200256,957300
2021-12-31,90.87403106689453,90.95899028164905,89.835687875906,89.98672327912985,987400
2022-01-03,88.0327377319336,90.65691634899436,87.63627344451987,90.5813986559857,1558500
2022-01-04,84.96489715576172,87.49468212301498,84.73834408877435,86.84335465851193,2462900
2022-01-05,86.29586029052734,87.4663628385565,84.13421510315457,85.0970476119604,1921400
2022-01-06,86.42802429199219,87.37197390532286,85.99380833407176,86.69232903144253,1169300
2022-01-07,85.4368667602539,87.31532414979372,85.39910791803165,85.80500646971743,1026900
2022-01-10,84.89883422851562,85.57847913202367,83.38850901993581,85.4652025808509,1249100
2022-01-11,84.8138656616211,85.52182782440885,84.54956093979582,84.9837768687607,1567500
2022-01-12,85.84278106689453,85.97493343804531,84.93659029253313,85.09706000010706,1140800
2022-01-13,85.91828155517578,86.80559640248354,85.55014182102964,85.93716457843435,1530000
2022-01-14,85.51238250732422,85.6256590409646,83.88879540239122,85.32359548635344,1471600
2022-01-18,84.53067779541016,85.22919838569356,83.27522327372567,84.63451281309912,1694500
2022-01-19,86.60736846923828,87.07934322928863,84.75722827405252,84.86106329740466,1486700
2022-01-20,85.4651870727539,87.26812684074099,85.23864121328057,86.55073041878161,1939000
2022-01-21,83.3790512084961,85.5406961722136,82.88819349352529,85.15367346611116,5360200
2022-01-24,82.3407211303711,82.5483839786492,80.1318754729225,82.0292160553088,2417200
2022-01-25,81.5572509765625,82.20857133607558,79.15961800792981,81.20798701438572,2165900
2022-01-26,81.71771240234375,82.80325582714808,80.92479823576473,81.84986476344025,2554900
2022-01-27,88.7218017578125,89.580799165447,85.15367419143423,85.75780122903465,3773900
2022-01-28,88.25928497314453,90.24157763379289,87.34365273611421,88.95780563986061,3098300
2022-01-31,91.6574935913086,91.96899864991141,88.30647723922124,88.71237580601075,2662500
2022-02-01,91.15719604492188,92.49760250530333,90.07165276152347,92.03506930171645,2559800
2022-02-02,89.16546630859375,91.13832445104556,88.84452694478833,91.08168258549647,1833100
2022-02-03,87.90058898925781,89.17491950375299,87.37197231819552,88.58966816148411,1474100
2022-02-04,88.42919921875,89.36370731051156,87.35309724599087,87.58908464706549,2195000
2022-02-07,87.2303695678711,88.92003269616502,87.01325803197582,88.85395652467734,1340800
2022-02-08,88.21206665039062,88.76900052931818,87.11708911487818,87.62682264411686,1431900
2022-02-09,88.77845764160156,89.55249598089875,88.23096517674749,88.79733346373703,2053900
2022-02-10,87.47581481933594,89.37315568616988,86.9849641561836,88.05162469831656,1301200
2022-02-11,87.25870513916016,89.04276934403792,86.74897148037164,87.39085750976118,1639400
2022-02-14,87.1076431274414,87.91944012838255,85.68227762089192,87.68345279559179,1262200
2022-02-15,86.69231414794922,88.67461375703006,86.22978093331965,88.00441051083867,1126400
2022-02-16,86.88111114501953,87.23980935536949,85.63509811745917,86.692316927654,1153300
2022-02-17,85.82388305664062,87.22093142429325,85.60677871412666,86.42801013406802,1100500
2022-02-18,85.53125762939453,86.54128322198821,85.46518145798233,85.92771465786774,1313800
2022-02-22,84.99322509765625,86.06932709399543,84.64396114377756,85.4274410609366,1289700
2022-02-23,83.59615325927734,85.76723967427345,83.52064278359772,85.65396315811086,1250700
2022-02-24,82.92594909667969,83.08641875802681,80.94365689869666,82.12359358818203,2275200
2022-02-25,85.77669525146484,85.97492378593658,83.21859292314393,83.31298643454524,1587800
2022-02-28,84.89688110351562,85.3225996909136,83.74272129689952,85.05771197483429,2263100
2022-03-01,82.15339660644531,85.0387964328914,81.3965755103109,85.0387964328914,2310900
2022-03-02,83.41162109375,84.11168981423269,82.03041554809595,82.30476563299055,1680400
2022-03-03,85.27530670166016,86.64704993790454,84.4238766298723,86.2686429883543,1527700
2022-03-04,85.33204650878906,85.61585887277468,83.07103158668787,84.07382997982835,1397200
2022-03-07,84.8495864868164,87.78228334799415,84.61307855901741,86.41053303617046,2115400
2022-03-08,83.0521240234375,86.29701305151704,82.91021782454149,84.6414575722448,2085400
2022-03-09,81.74659729003906,84.81173777569205,81.27358147112014,84.52792539728127,3066300
2022-03-10,82.36151123046875,82.50341741820955,79.60856294595085,80.93300866878405,1774200
2022-03-11,80.94246673583984,83.8373285311621,80.90462460322105,82.72101088067873,973500
2022-03-14,83.66703796386719,85.0009387818394,81.54792195909327,82.52234058098448,2582100
2022-03-15,85.85238647460938,86.07943208731926,83.90356326207888,84.10222907540627,1440600
2022-03-16,85.52125549316406,86.78893433429596,84.15896772077913,85.89966956523189,2121900
2022-03-17,86.62810516357422,87.15788050002588,84.81172639489913,85.0671517270747,1434500
2022-03-18,87.9809341430664,88.28366395033663,85.46448675579371,86.9686806733521,2444100
2022-03-21,88.5296401977539,88.55801999135895,86.81731806788305,87.6403681706712,1164600
2022-03-22,89.10673522949219,89.55137131872878,88.11339897831898,89.02158861653322,1155900
2022-03-23,86.47675323486328,88.6053243647548,86.41998643006525,88.4066513744343,1931800
2022-03-24,87.93363189697266,87.94309423365206,85.36043207908092,86.7416373107005,1580700
2022-03-25,89.14457702636719,89.67435250889098,87.90527049739242,88.23638017396979,1846700
2022-03-28,88.2458267211914,89.258080247101,87.71605133347,89.258080247101,1223900
2022-03-29,85.98482513427734,87.01600349440568,83.75218962805488,86.7416534209339,2523700
2022-03-30,86.55242919921875,86.95922307656463,85.06715987358812,85.89020996523631,1251400
2022-03-31,85.14286804199219,87.77283547779855,85.11448824080225,86.94033003307543,1673800
2022-04-01,84.40493774414062,85.85236488994073,83.51566575960018,85.58747720543457,2158800
2022-04-04,84.99149322509766,85.2942303292492,83.14673410698549,84.16845018054752,1407500
2022-04-05,84.89688110351562,85.77669085629273,84.15897754653784,84.57523379617615,1139500
2022-04-06,83.600830078125,84.67930571805987,83.26971318464444,84.26304942978689,1232400
2022-04-07,82.995361328125,83.50621207681372,82.02094264821426,83.17510243686776,1288000
2022-04-08,82.70209503173828,83.66705147237808,82.30476342330992,83.00482490734792,1598200
2022-04-11,83.298095703125,83.80894647959681,82.5601848998507,82.93859903079026,1739500
2022-04-12,81.65198516845703,83.67649221708089,81.40602214891649,83.10887470003979,1379500
2022-04-13,83.2034683227539,83.24131044922856,81.06544230929332,81.43439402036162,1580700
2022-04-14,82.44667053222656,83.60083045111487,82.16285811301972,83.13726968523373,4412400
2022-04-18,81.4627685546875,82.96695509235214,81.16003878007056,82.26689384185931,1040600
2022-04-19,82.90074157714844,83.00480562436861,81.47223914284947,81.6709049009113,1318300
2022-04-20,84.19683074951172,85.03879847959485,83.0994303898776,83.44946475651604,1583900
2022-04-21,83.8467788696289,84.82119748928557,83.43052986985691,84.58468958714187,1470100
2022-04-22,81.7844467163086,83.6670552063734,81.67092751891968,83.6670552063734,1453700
2022-04-25,81.32086944580078,81.7087458375389,79.96804406930936,81.50061774613286,1541100
2022-04-26,76.52449035644531,81.39655420953557,76.49611056519385,81.3870918732358,2199000
2022-04-27,76.63803100585938,78.01923643918573,76.43936521246816,76.63803100585938,2101800
2022-04-28,78.45440673828125,79.02202429716007,76.25015121335879,77.1204986181496,1816200
2022-04-29,76.77992248535156,79.45718623144606,76.50557247536918,78.53007937337239,2293100
2022-05-02,76.28800201416016,77.85841823039304,75.15276676741688,77.65974520544577,1447600
2022-05-03,77.30024719238281,77.91516922382137,76.12716993792931,76.47719703790517,1563700
2022-05-04,78.72876739501953,78.72876739501953,76.33530810058016,77.36647929606755,2214900
2022-05-05,72.65522766113281,77.461062564422,70.12931787693411,77.37592318736097,3650200
2022-05-06,68.02915954589844,71.51055011910421,66.53442736436934,70.79157104906433,4294900
2022-05-09,65.73973846435547,68.31294575128474,65.37078669194344,66.80875886647394,2937200
2022-05-10,65.36133575439453,68.7954359210127,64.1314987044009,68.39810428413708,1681800
2022-05-11,63.64901351928711,67.2628544323514,63.48818985772688,64.68964697679057,2683400
2022-05-12,65.52214813232422,66.92227080492076,63.55440074730676,63.55440074730676,2182800
2022-05-13,65.98570251464844,67.64125777487259,65.13427265157496,65.85325867124236,6389100
2022-05-16,67.83993530273438,68.62514338025188,65.73974368221738,66.43981236748931,2176100
2022-05-17,69.34414672851562,71.25512814428716,68.587318260648,71.25512814428716,2464500
2022-05-18,67.36689758300781,69.65629192220747,66.65737400714987,68.95623068163549,2784200
2022-05-19,65.93841552734375,67.28178620857491,65.38972255249446,66.1465436843366,3929400
2022-05-20,65.25727844238281,67.08312015272655,64.093656122257,66.26953220608736,2928600
2022-05-23,66.98851776123047,67.10204418967237,65.3329619057858,66.00464370101955,2120700
2022-05-24,66.3262710571289,67.08309916717722,65.00182547336823,67.08309916717722,1697200
2022-05-25,66.49657440185547,66.74254468455995,65.60730222275825,65.94787423953379,1800500
2022-05-26,67.88723754882812,68.53999452090252,66.50603211797397,66.56279171094154,1402000
2022-05-27,69.75092315673828,69.76037827740237,68.04806314278649,68.64406053884494,1432400
2022-05-31,67.24659729003906,68.98254590384225,67.07584812741447,68.57464552853244,2776300
2022-06-01,67.60706329345703,68.0244517360917,67.07584690267146,67.55963739415434,1521800
2022-06-02,68.78335571289062,68.91615984382533,67.39839317794126,67.74937242229056,978300
2022-06-03,69.81731414794922,70.22521451496794,67.82524544934077,67.82524544934077,1767900
2022-06-06,69.97857666015625,70.66157331070734,69.5896524347084,70.20624703519373,1414500
2022-06-07,70.35802459716797,70.40545773768788,69.0394643482629,69.41890776057886,1809500
2022-06-08,68.94461059570312,70.26317094580196,68.48927701852288,69.90270365694214,1364800
2022-06-09,66.8007583618164,67.92011248426053,66.73435630528503,67.35095096580856,2044900
2022-06-10,64.96045684814453,66.39284481826456,64.81816468734799,66.39284481826456,1827800
2022-06-13,63.95492935180664,64.05927645140254,62.380249258660946,63.08221473453169,3046700
2022-06-14,63.08222961425781,64.54308211590387,62.617415211959994,63.78419525570698,2242600
2022-06-15,62.864051818847656,64.40079456468365,61.01427491511339,63.964437121681776,2619800
2022-06-16,60.056175231933594,62.323336658869955,59.67673183894452,61.79212025105371,2787000
2022-06-17,61.57394027709961,61.678280145505774,59.66724262634376,59.90439382339816,3503500
2022-06-21,62.12413024902344,63.33834331174246,61.4411335919238,62.26642242546598,2165200
2022-06-22,62.09567642211914,62.68381407062264,61.39371081649187,61.39371081649187,2846400
2022-06-23,62.34232711791992,62.551021393827746,60.947876490065305,61.782646356414176,1660700
2022-06-24,67.9106216430664,67.97703093417496,62.712270818992444,62.712270818992444,4482700
2022-06-27,67.36991882324219,68.53670606945113,66.9999634801889,67.79679538334454,2978800
2022-06-28,66.35491180419922,67.9295994582304,65.92804248160493,67.3035167319921,1997100
2022-06-29,64.83714294433594,66.58257970963716,64.63793678541717,66.58257970963716,1365400
2022-06-30,65.23555755615234,65.98495631593102,63.85059523310054,64.030832484914,2179500
2022-07-01,67.28455352783203,67.85371508535246,64.79920580067852,64.96047415242283,3634800
2022-07-05,66.43079376220703,66.60154291769327,64.01185583631252,66.38336786402107,1954800
2022-07-06,67.77781677246094,67.85370690091838,66.44977571086065,66.50668968856323,2010800
2022-07-07,66.8007583618164,68.6979682481772,66.72486822941444,68.26161084278799,1497600
2022-07-08,65.0932846069336,66.42132595791367,64.429256694161,66.35492389036467,1296900
2022-07-11,64.9035415649414,65.4063009733314,64.57153131763486,64.79919445331927,802200
2022-07-12,64.18260955810547,65.47270553466556,64.0118603904712,64.74228296256838,1998200
2022-07-13,64.1161880493164,64.66638051097813,63.08221240262617,63.43319874622681,2145400
2022-07-14,63.22453689575195,63.49963326730179,62.01980426043772,63.14864674416237,1477800
2022-07-15,63.06324768066406,64.52409264344976,62.598426137043184,64.4387216888745,1828400
2022-07-18,63.59447479248047,64.30592848345609,63.319378496829486,63.376292476177554,1266700
2022-07-19,66.38336181640625,66.64896998134749,63.96441687360058,64.06876397229601,1247400
2022-07-20,67.1137924194336,67.3319747170027,65.98495034408153,66.16518757958293,1138200
2022-07-21,68.1288070678711,68.18572104881436,66.13673812476122,66.13673812476122,2592100
2022-07-22,67.07584381103516,68.60309810143052,66.61102949052184,68.47029400985528,2232000
2022-07-25,66.26953125,67.3414520579523,65.60551079149506,66.95252785719376,2332100
2022-07-26,66.55411529541016,66.68691938653909,65.55807737466297,66.03237976791779,1525700
2022-07-27,68.64102935791016,68.83074738278563,66.25054171571817,66.89559313248503,1268700
2022-07-28,69.77938079833984,69.9406491470892,68.19521220085528,69.14381719153323,1423000
2022-07-29,69.64656066894531,70.5287633969748,69.18174635679905,69.97857089190693,1773300
2022-08-01,69.39994049072266,69.64657256288142,68.86871680598395,69.1817581713562,1552400
2022-08-02,68.100341796875,69.40941386036603,67.98650661154862,69.1817507269938,2361400
2022-08-03,69.06790161132812,69.3240289173339,67.03788825809879,68.71692252593517,2926500
2022-08-04,56.23329162597656,63.55652187118884,55.6546421165251,63.46166283824014,8505800
2022-08-05,53.463375091552734,55.7874579223745,52.63808980551847,55.44595956439048,9028000
2022-08-08,54.0515022277832,55.863337289855046,53.56771536162003,53.615144878908154,5310400
2022-08-09,52.05942916870117,54.06098575001714,51.955082068270116,53.90920913629194,2962800
2022-08-10,54.52581024169922,54.819879068932096,53.0839303323854,53.26416758269999,3737400
2022-08-11,54.81037902832031,55.40800100930269,54.108413568814484,54.706031931157064,2627800
2022-08-12,56.41353225708008,56.81194456186178,55.13291352319524,55.161374129708484,2314400
2022-08-15,57.153446197509766,57.39059742654507,56.252270803447466,56.38507491272475,1691900
2022-08-16,58.51942825317383,58.993730648666485,56.39455554780517,56.76451083730703,2530400
2022-08-17,58.10205078125,58.453033584994934,57.371624565763135,57.86489955357143,2261800
2022-08-18,58.53841018676758,58.737616356401105,57.58032078616777,57.94079167786701,1863300
2022-08-19,58.72812271118164,58.96527390992145,57.760545386086385,58.29176537397401,2809200
2022-08-22,57.381107330322266,57.98821383800535,57.13446804992588,57.72260202691383,2562400
2022-08-23,57.921817779541016,58.28228504410334,57.19139155612695,57.494944841358695,2167100
2022-08-24,58.149478912353516,58.58583629237242,57.56134489499584,57.77952358500529,1417400
2022-08-25,57.381107330322266,58.41508673204508,56.99217949767278,58.33919660926459,2125700
2022-08-26,54.74398422241211,57.36213559646537,54.74398422241211,57.181898361678066,2049400
2022-08-29,53.88076400756836,54.51633124788786,53.6056676853608,54.2412349256803,2003000
2022-08-30,53.89973068237305,54.49735278873345,53.21673398938972,54.09893684494633,1675800
2022-08-31,53.12864685058594,54.3090698389147,53.081046162305654,54.3090698389147,2746000
2022-09-01,52.94776916503906,52.995366218493736,51.93869855867929,52.68122276055496,1843100
2022-09-02,53.12864685058594,54.5946558114831,52.843057246594874,54.023483866346304,1893600
2022-09-06,52.871612548828125,53.09056189133934,52.2623615728974,52.80497595029959,1866400
2022-09-07,55.82267761230469,55.889314215950726,52.82401955396522,53.090565968549384,2603300
2022-09-08,56.041629791259766,56.11778798864273,54.62321786351784,54.81360972555253,1950700
2022-09-09,56.479522705078125,56.86982432274755,56.08921745598658,56.2320122364553,1698300
2022-09-12,57.77418518066406,57.85986133158776,56.8317511519259,56.8317511519259,1359700
2022-09-13,55.76556396484375,56.52712776190181,55.47997436345217,56.212980652940125,2377700
2022-09-14,54.65177536010742,55.78460131026578,54.023484757523526,55.6894071949802,2830100
2022-09-15,54.88976287841797,56.14634405150546,54.06156247602454,54.528018713007135,2573300
2022-09-16,53.93780517578125,55.299102000165234,53.204798914080456,53.91876562764873,5185300
2022-09-19,54.251953125,54.318589728799274,53.3190334089651,53.614140962520835,1610900
2022-09-20,52.614585876464844,54.11867381979332,52.11956853406921,53.67125716201876,2485500
2022-09-21,51.31040573120117,53.376147536998495,51.29136618438092,53.13815864887868,1655700
2022-09-22,46.864776611328125,51.519839198293866,46.64582724574128,51.519839198293866,5735600
2022-09-23,46.77909851074219,46.798138058882344,44.941823876575235,45.731948782990735,5646300
2022-09-26,45.988975524902344,47.50258504722338,45.408282038208654,46.10320917807119,3555600
2022-09-27,45.208377838134766,47.007573531989905,44.99894642186031,46.53159568149181,3411500
2022-09-28,46.864776611328125,47.10276552584721,45.24645126631379,45.70338954641973,1696700
2022-09-29,45.360687255859375,46.41735495555158,44.703835546559645,46.369757900300634,2112100
2022-09-30,45.99850082397461,46.61727350428421,45.30357357320611,45.4654043050706,3064200
2022-10-03,46.998050689697266,47.61682333143431,46.01753750584023,46.74102222150293,1844600
2022-10-04,48.130882263183594,48.51166237037316,47.71201942442534,48.00712700342112,3110700
2022-10-05,48.492618560791016,48.949556828135535,47.15988285555847,47.340753118229465,2414300
2022-10-06,47.54066848754883,48.75917430768581,47.45499232544094,48.302235986918056,1966000
2022-10-07,46.18888473510742,46.92189096045949,45.941374253080845,46.769578214374796,1747800
2022-10-10,46.95996856689453,47.321709057744876,46.46495124994848,46.56014535145179,1953400
2022-10-11,46.141292572021484,47.72153884187792,45.86522455567108,46.80765863711184,1682600
2022-10-12,46.58871078491211,46.98853406840388,45.78906784935138,46.19840909204454,1854100
2022-10-13,46.58871078491211,47.14084683558578,44.75143598810501,45.23693543010052,1622000
2022-10-14,45.179813385009766,47.121803744190544,45.09413723294524,46.92189393318084,1356000
2022-10-17,46.84573745727539,47.045647275615096,45.998497495473366,46.16984980588531,1979600
2022-10-18,47.721534729003906,48.79724193075306,47.05516508992182,47.87384747810075,1184900
2022-10-19,46.58871078491211,47.65490378660828,46.122254524164994,47.31219915259329,998800
2022-10-20,46.17937469482422,47.39788059966083,45.8461916142575,46.75055035905416,1422700
2022-10-21,46.836212158203125,47.20747422877007,45.74146186118903,46.065126882194946,1836200
2022-10-24,47.01708984375,47.635862480285574,46.56015155905315,47.074208491120615,1685700
2022-10-25,46.09368896484375,46.88381386545605,43.78995812814169,45.37020429794382,4298400
2022-10-26,45.87474060058594,47.09324627896156,45.79858603836264,46.50303117247394,2437500
2022-10-27,45.474918365478516,46.78861807901106,45.45587881816096,45.97945365941552,1905300
2022-10-28,47.21699905395508,47.46450955794885,45.04654132175881,45.75099010456113,2698800
2022-10-31,47.01708984375,47.378834014251844,46.407838797487535,47.064686900847505,2411700
2022-11-01,47.08372116088867,47.692972138711795,46.836214312931375,47.42642574376975,3656700
2022-11-02,45.55107116699219,47.474021794852995,45.51299570524751,47.23603290969333,3962700
2022-11-03,48.57829666137695,51.09145904828702,47.52162528701188,49.844399445125426,4660900
2022-11-04,48.40693664550781,48.56877097193331,46.741014488740184,48.311742546261364,3075900
2022-11-07,48.55925750732422,49.19706969953486,47.45498906677493,48.86388666500725,1731600
2022-11-08,48.11184310913086,49.139953401570466,47.740580958210366,48.27367383894835,1848700
2022-11-09,47.169403076171875,48.111840794369854,46.99805076377224,47.911930973711186,1502400
2022-11-10,50.92962646484375,51.04386012422826,48.616373981627696,48.96859654972643,2220100
2022-11-11,54.08060073852539,54.64225470642647,50.55836417531975,51.22473384372448,3279100
2022-11-14,52.871612548828125,54.51849522796034,52.79545436112565,53.94731971445858,2309100
2022-11-15,52.82401657104492,55.2419809769952,52.48131198226174,54.50897474685836,2243000
2022-11-16,52.11005401611328,53.08104558601952,52.024377862130656,52.71930505269078,1505200
2022-11-17,51.75782775878906,52.01485622048232,50.7963541485344,51.215213327910845,1621900
2022-11-18,52.443233489990234,52.843053093881316,51.76734589402823,52.64314329193577,1211600
2022-11-21,52.53843688964844,52.605073502084174,51.557923622588575,51.92918578656569,1217900
2022-11-22,52.738346099853516,53.10960823385189,52.15765255429802,52.557472196627735,1310900
2022-11-23,53.423744201660156,53.45230533739494,52.481310245123424,52.77641414014582,1590700
2022-11-25,53.47134017944336,53.89020293520586,52.99536241620207,53.63317450728491,526900
2022-11-28,52.528907775878906,53.499902877018776,52.167163648452934,52.96680645930799,2221800
2022-11-29,52.11005401611328,53.195282878944774,51.872065102986284,52.44323704192203,1977600
2022-11-30,53.58143615722656,53.69608870533255,50.87752108082723,51.91895780836517,4503000
2022-12-01,53.36168670654297,54.29802750390722,52.893519952600066,53.89673807007408,1591000
2022-12-02,53.3234748840332,53.70565132877475,52.12916666032941,52.597333442967205,1629000
2022-12-05,51.92851257324219,52.84574392594648,51.55588904467744,52.67376327511061,2267500
2022-12-06,52.35847473144531,52.48268381419598,51.27881901620572,51.689661359755135,1621400
2022-12-07,50.151390075683594,52.62599673971427,49.93163416592097,52.32025049626952,1567500
2022-12-08,51.489013671875,51.59411337487099,50.5622293578987,51.03995262988825,1394600
2022-12-09,51.17371368408203,51.766089468458496,51.011285890699085,51.33613783272598,1518400
2022-12-12,51.21192932128906,51.89985194583341,50.820196414476655,51.10683327119615,2078300
2022-12-13,51.422122955322266,53.371234410209645,51.03039009235616,53.2183631379482,2061100
2022-12-14,52.033607482910156,53.02727256425692,51.36479430720605,51.36479430720605,1612300
2022-12-15,49.34880828857422,51.345691421316694,49.31058955762728,50.91573981001065,2000100
2022-12-16,49.03351974487305,49.47302431083641,48.74688649075519,48.785105229901454,3484800
2022-12-19,48.35514450073242,49.59722413323192,48.22138258342709,49.09083869065063,1720100
2022-12-20,48.3742561340332,49.023960029743954,47.88697638988061,48.29781866642532,1832200
2022-12-21,49.4348030090332,49.444355870250455,48.517571608394945,48.54623748152493,1476300
2022-12-22,48.87109375,49.08128951799484,47.619457425134144,49.08128951799484,1182000
2022-12-23,49.3297004699707,49.36791555737719,48.49845944713355,48.79464915415196,745700
2022-12-27,49.48257827758789,49.683221180695554,48.68000302041785,49.13861693240939,975300
2022-12-28,48.32648468017578,49.759654399354346,48.25960007345417,49.20549369179721,984100
2022-12-29,49.32013702392578,49.63543605264603,48.53667134889402,48.67998975190111,812700
2022-12-30,48.861534118652344,49.17683321759133,48.374258000438424,48.8806434862916,982800
2023-01-03,49.65455627441406,50.22782272232671,48.9761864825391,49.25326684508386,1248800
2023-01-04,50.151390075683594,50.89663720443578,49.759657143296,50.39025170871845,1084500
2023-01-05,50.48579406738281,50.77242729332668,49.38702911573557,49.539900412554914,1410100
2023-01-06,51.842529296875,51.976294878288,50.20871653652292,51.31703441219759,1154500
2023-01-09,53.09415817260742,54.00183301602303,51.97628759163224,52.23425492205813,1740000
2023-01-10,53.59099197387695,53.782081994420714,52.57821741631232,53.17059684447187,1457200
2023-01-11,53.8967399597168,54.183373196938966,53.30436411682574,53.868077729416385,1863100
2023-01-12,54.6037712097168,54.72797663568362,53.581443703667794,54.24070050405082,1896700
2023-01-13,54.57510757446289,54.594216943412505,53.934960115978384,54.145155884945225,1804300
2023-01-17,54.422237396240234,54.651546183651654,53.67699021544728,54.48911836658117,1924500
2023-01-18,54.27891159057617,55.033711480669595,53.89673157060729,54.747078288062326,2532300
2023-01-19,54.10693359375,54.32668584032696,53.629210367781226,53.82985324795076,1690000
2023-01-20,55.635650634765625,55.72164096768368,54.27891832065758,54.53688931941177,1529800
2023-01-23,56.39045333862305,56.47644367013123,55.3681258666586,55.60698749365476,1202300
2023-01-24,54.50822067260742,56.34267979996614,54.403120977193765,56.056042941660145,1251400
2023-01-25,54.116485595703125,54.116485595703125,53.00816787483521,53.877623986509704,1168600
2023-01-26,54.48911666870117,54.775753555218735,53.85852207889349,54.61332574320949,963800
2023-01-27,55.0623893737793,55.31080388968169,53.54322911204886,53.963624310014296,1422100
2023-01-30,54.8808479309082,55.83629447065428,54.58466183622008,54.661095664135324,2105600
2023-01-31,55.645206451416016,55.66431217428169,54.25025177417372,54.78530313289263,1918100
2023-02-01,55.83628463745117,55.97005019103948,54.72796699231864,55.29168049728407,2656900
2023-02-02,58.17713928222656,59.37144745814594,51.77564673035082,55.587880031570776,5522800
2023-02-03,56.34268569946289,58.368231418129845,56.26624822398064,57.451003580779464,2449300
2023-02-06,56.07515335083008,56.30446211278935,55.04327303386115,55.82673886638506,2016700
2023-02-07,55.033721923828125,56.95417160372364,54.393574460355936,56.294911126413474,2117300
2023-02-08,53.390357971191406,54.94773333247608,53.35213923177913,54.51778527067651,1701300
2023-02-09,52.578224182128906,54.02095056038367,52.32025316790972,53.543227269919875,1752400
2023-02-10,52.17693328857422,52.46356650600297,51.584557486589574,52.20559551689536,1528500
2023-02-13,53.42856979370117,53.457235668874574,51.99539995616963,52.23426159575821,1631500
2023-02-14,54.3935661315918,54.40311899230857,52.989058698196146,53.342576505278444,1470700
2023-02-15,56.352237701416016,56.44778454431048,54.02094940588172,54.08783037353816,1465700
2023-02-16,54.83307647705078,55.712089191192945,54.62287707143736,55.425452312723976,1806600
2023-02-17,54.97639465332031,55.157928183374935,54.422233911986254,54.86173844458543,1548000
2023-02-21,54.50822067260742,54.75663879717408,54.011388068213165,54.47955844467244,2786300
2023-02-22,54.98594284057617,55.35856637543903,54.41267642459315,54.75663773207856,1990800
2023-02-23,54.94772720336914,55.177035969525136,53.963618464082025,54.93817434195143,1976000
2023-02-24,54.317138671875,54.83308071934911,53.65788181881781,54.33624804156733,1548500
2023-02-27,53.60054016113281,55.00504749821517,53.447668886975045,54.785295269409545,1728100
2023-02-28,53.897796630859375,54.31969953942119,53.255358885955765,53.456719642616946,2224600
2023-03-01,52.41156005859375,54.31970299271055,52.38279527946474,53.706026328314344,2266300
2023-03-02,53.696434020996094,53.71561175779425,51.88417995803216,51.989655681532376,2162900
2023-03-03,54.7224235534668,55.01008231295393,53.97451004724434,54.15669307477095,1202600
2023-03-06,53.773155212402344,55.07720864309591,53.75397747195068,54.87584785502337,1659400
2023-03-07,52.5745735168457,53.964924941408015,52.555395776521955,53.543025627625376,1052300
2023-03-08,53.22659683227539,53.37042805158,52.25814475000126,52.3923852705363,1079300
2023-03-09,52.44032287597656,53.57178381126627,52.22937507395577,53.39918782738957,1612800
2023-03-10,50.378761291503906,52.3540205883648,50.23493009748157,52.3540205883648,1658500
2023-03-13,50.26369094848633,51.17461323801634,49.62125328964891,50.014387710463474,2016500
2023-03-14,50.80066680908203,51.4718730346661,50.177406759295124,51.002027579423356,1967500
2023-03-15,49.95686340332031,50.474651364256,49.27607015344908,49.97604114162677,1775000
2023-03-16,49.97603988647461,50.493827834406005,48.930876950589145,49.717145912508904,2042600
2023-03-17,49.362369537353516,50.02398506755435,48.767874264226116,49.822624296334055,2766000
2023-03-20,49.611671447753906,49.98562817284839,48.88293207668525,49.68837873757312,1383000
2023-03-21,50.503414154052734,50.76230812432559,49.61167313348545,50.349995911422084,1660400
2023-03-22,50.503414154052734,51.538990035144174,50.234933143893954,50.503414154052734,2022300
2023-03-23,50.36917495727539,51.24174192073512,49.841799963145576,50.455472949607866,1461700
2023-03-24,50.79107666015625,50.80066370006116,49.36236630088237,50.01439474779911,1442800
2023-03-27,50.48423767089844,51.28968432080963,50.043157043776674,51.136266085482696,1418600
2023-03-28,51.10750198364258,51.1362704199281,50.23493501042598,50.3116459634813,1009300
2023-03-29,51.68281936645508,52.09513156442877,51.4143347082387,51.53898816891847,1286200
2023-03-30,52.04718780517578,52.34443725356181,51.596523770384714,52.22937448486828,1002100
2023-03-31,52.84304428100586,52.88139975418826,52.14307335543373,52.37319887896962,1101900
2023-04-03,52.81428146362305,53.217002973635374,52.517032022104864,52.660859565203815,1384500
2023-04-04,52.018428802490234,52.775933067527305,51.596529498588765,52.775933067527305,1914700
2023-04-05,50.99243927001953,52.33485168778266,50.76231006837058,51.941713539594964,1691000
2023-04-06,50.465065002441406,50.886964277516775,49.851391999502816,50.71436828821785,1931100
2023-04-10,49.89933395385742,50.21575749214787,49.3336034748246,50.04316150479687,1711600
2023-04-11,50.23493194580078,50.84860490168739,49.78426426854309,50.186989431955766,1686900
2023-04-12,48.66239547729492,50.580125348321324,48.48021245634801,50.53218283310155,1915100
2023-04-13,49.64043426513672,49.851385704928056,48.72951191614042,48.76786738842596,1498300
2023-04-14,47.97200393676758,49.343180869473386,47.88570595996166,49.343180869473386,1608800
2023-04-17,49.10346984863281,49.13223828245258,47.65558548271855,48.18296043754378,1879000
2023-04-18,49.793853759765625,49.90891652176223,48.66239290309112,49.04594032011881,2128200
2023-04-19,50.071922302246094,50.32122554717523,49.592489890030876,49.75549515445012,1372300
2023-04-20,49.48701477050781,49.80343826433824,49.18976535455153,49.515779545098106,1241800
2023-04-21,49.947269439697266,49.995211949928155,49.16100056701768,49.717140269698305,929500
2023-04-24,50.12945556640625,50.45546977718843,49.71714336871762,50.33081997437414,1002700
2023-04-25,49.611671447753906,51.25132954598943,49.611671447753906,50.08151319956723,1583900
2023-04-26,49.13224411010742,49.6116766091383,48.98841289728628,49.324014183496026,993400
2023-04-27,50.54176712036133,50.6088873695693,49.29524350363987,49.55413746106174,1192900
2023-04-28,50.99243927001953,51.36639602214195,50.58971408157876,50.67601207497467,1155900
2023-05-01,51.42393112182617,51.701999192711995,50.99244113903134,50.99244113903134,1419500
2023-05-02,50.206172943115234,51.20339344000807,49.77468295332701,51.14586022210972,1318000
2023-05-03,50.11027908325195,51.21297520378001,49.995216317091085,50.5609467659028,1566800
2023-05-04,56.82232666015625,58.61540647674921,54.079976393996745,54.61693834311211,5444400
2023-05-05,56.18947982788086,57.05245967259481,54.597764292570055,57.023694897030744,2760600
2023-05-08,55.326507568359375,56.06483400840797,54.58818112831079,56.02647853308038,1793500
2023-05-09,54.6840705871582,55.12515127358524,54.46353207283456,55.12515127358524,1504400
2023-05-10,54.3005256652832,54.83748772124962,53.6389064780679,54.68406946843355,1556600
2023-05-11,54.741600036621094,54.84707576616314,53.88821081800567,54.453941283729755,2309800
2023-05-12,53.888206481933594,55.29773535501839,53.01563959563188,54.904600904218256,1643100
2023-05-15,54.24298858642578,54.56900280766848,53.53343058934305,54.11833512183255,1098200
2023-05-16,53.45671844482422,53.964915673899974,53.28412246933069,53.80191039581128,1696900
2023-05-17,53.11153030395508,53.73479399992446,52.737573549485276,53.504664796830966,1257300
2023-05-18,52.795101165771484,53.01563964738399,52.04718407836907,52.90057322915026,999000
2023-05-19,52.35402297973633,53.38000814780715,51.9321237332612,53.140291918673235,1368300
2023-05-22,52.00883483886719,52.42114338906158,51.55816715624949,51.97047936422326,1151000
2023-05-23,52.507442474365234,52.97728790411428,51.74035125436834,51.84582698295156,1675400
2023-05-24,51.48145294189453,52.49785100882013,51.404745655251006,52.14307203531312,1103600
2023-05-25,51.09790802001953,51.36638900377685,50.38834643151637,51.28009102217214,1601400
2023-05-26,51.59651565551758,51.65404520192662,50.95407434431179,51.155435072301216,1016900
2023-05-30,49.87055969238281,51.8362355789734,49.58290096632392,51.71158212316219,2189200
2023-05-31,49.244895935058594,50.03420007420708,49.08126141270068,49.76468266237082,4118400
2023-06-01,49.69729995727539,49.937941536440334,48.91761991889731,49.28339614735977,1889900
2023-06-02,52.40211486816406,52.45024612694566,50.36147507478781,50.54436137369953,2474200
2023-06-05,52.10371398925781,52.94114562833799,51.71868600683758,52.65237647747231,1743500
2023-06-06,52.58500289916992,53.32617945989119,51.670564094545014,51.79569875334195,1396000
2023-06-07,50.9005126953125,53.17217000623824,50.669495141701645,52.61387972695335,2576800
2023-06-08,51.227783203125,51.449173026805,49.46628498981563,50.6983687639997,1703100
2023-06-09,50.61174011230469,51.535802920965224,50.207460338578706,51.093023284136116,1571800
2023-06-12,51.304786682128906,51.32403845011761,50.36147208207805,50.65024125811006,1883900
2023-06-13,52.28660583496094,52.99890657679783,51.30478767983951,51.30478767983951,2219100
2023-06-14,52.421363830566406,53.22991973135223,51.940080643715305,52.5464984872795,1937300
2023-06-15,52.45024490356445,52.970027970426514,51.65131302673853,52.19035153418371,1830100
2023-06-16,56.24275207519531,56.54114896531876,51.24703404493645,51.68981368429443,11573400
2023-06-20,53.90372085571289,55.386074060500896,53.33580650696422,54.41387989594659,3559000
2023-06-21,53.41281509399414,54.288750435770275,53.17217347623257,53.96147768873855,2285600
2023-06-22,54.2406120300293,54.40425021794029,53.162538752595076,53.74008076228781,1393100
2023-06-23,53.7208366394043,54.20211988001996,53.01816354873339,53.61495373896489,4563800
2023-06-26,53.932594299316406,54.654519100418376,53.47056286723908,53.85559089658656,1239800
2023-06-27,55.3571891784668,55.45344801661607,53.94221914071507,54.20211249586928,1410300
2023-06-28,54.52938461303711,55.203178113311125,53.961470325735306,55.203178113311125,1379300
2023-06-29,55.549705505371094,55.62671257911014,54.16361122516264,54.385001054313335,1169600
2023-06-30,56.030982971191406,56.13686585080604,55.25130662475458,55.92510009157677,1372600
2023-07-03,56.32938766479492,56.416018789971915,55.35719351870877,55.713345739936116,776300
2023-07-05,54.53900909423828,55.54007897674292,54.394622673375395,55.30906143774215,1729600
2023-07-06,54.15398025512695,54.40424955786041,53.68232480842792,54.18285974199568,1494900
2023-07-07,55.30906295776367,55.722966792253146,54.0288515899864,54.0288515899864,1892400
2023-07-10,53.932594299316406,55.01067131272959,53.76895977357835,53.76895977357835,1594900
2023-07-11,54.086605072021484,54.52938840975878,53.28767686382704,54.250243270552524,1489300
2023-07-12,54.606388092041016,55.1935541476381,54.10585315402218,54.69301920961926,1432300
2023-07-13,54.25023651123047,54.86627834727498,54.125101865815495,54.346491671150304,1242500
2023-07-14,54.17323303222656,54.3272435014337,53.220294401475876,54.12510544908043,1535600
2023-07-17,53.87484359741211,54.173236837014905,53.45131202342185,53.99997458800061,1110000
2023-07-18,54.07698440551758,54.46201246104687,53.441690684224014,53.83634278878669,1405700
2023-07-19,54.86628341674805,54.89515923301224,53.85558945660887,53.903717041015625,1383000
2023-07-20,55.280189514160156,55.424575945188124,54.7411509998085,55.116551314201836,911800
2023-07-21,55.43419647216797,55.56895517422028,54.72189575459245,55.241682466993566,908700
2023-07-24,55.780723571777344,55.95398581739696,55.20318152907879,55.376443774698416,947700
2023-07-25,56.993553161621094,57.24382247090187,55.56895539276652,55.771093446639966,1491300
2023-07-26,57.23419952392578,57.74436223297265,56.3390124428072,56.65666112986843,1233000
2023-07-27,55.857730865478516,57.6384810313083,55.790351506588166,57.45559105269192,1501000
2023-07-28,56.55078125,57.07056803551126,56.09837382499207,56.849178183586034,981500
2023-07-31,56.49301528930664,57.12830890565075,56.22349789809977,56.772160399856084,1261500
2023-08-01,55.90586471557617,56.290889116796215,55.732602449862206,56.04062343959818,1414500
2023-08-02,54.94329071044922,55.72296712791489,54.847031869348974,55.42457390025246,1652300
2023-08-03,56.858795166015625,58.6202933851275,55.665214923817885,55.665214923817885,3873900
2023-08-04,55.65559005737305,57.436336463908674,55.501579577196445,56.61815647645165,2112700
2023-08-07,54.952919006347656,55.857730151233866,54.56789095598352,55.771099023496916,1396800
2023-08-08,54.163612365722656,54.41387801684582,53.48019109544454,54.32724689301483,1165000
2023-08-09,53.17216873168945,54.16361093339302,52.989278768494096,54.16361093339302,1397100
2023-08-10,54.721893310546875,54.770024563615216,53.47055784065056,53.605316536684136,1666100
2023-08-11,55.260929107666016,55.41493956313681,54.32723865593122,54.86627708602844,1493200
2023-08-14,54.53900909423828,54.9817887327656,54.28874345956172,54.9817887327656,1200800
2023-08-15,53.432064056396484,54.240620052029584,53.374312417215386,54.14436487212792,1111600
2023-08-16,52.469486236572266,55.52082324945447,51.92082375146235,53.42242846812572,4073500
2023-08-17,53.326175689697266,54.44275247596729,52.84489252885848,52.998902993450926,2378300
2023-08-18,52.52724838256836,53.412811383805334,52.450244979621345,52.8448970584608,1796600
2023-08-21,51.05452346801758,52.85452163364976,50.78500237526823,52.536876626490894,1552800
2023-08-22,50.54436111450195,51.14115493885777,50.101581442418215,50.98714445848519,1634100
2023-08-23,50.41923141479492,50.67912479556031,50.3133485183461,50.505862541716716,1358000
2023-08-24,50.78500747680664,51.03527682579298,49.99570323197253,50.168965497609264,1105000
2023-08-25,50.65024185180664,51.15077680968214,50.27484155137484,50.88125939847969,1106800
2023-08-28,50.51548767089844,51.198908980175744,50.17859087671938,50.51548767089844,1051300
2023-08-29,51.83419418334961,51.8630736694622,50.24596197932135,50.640614018468874,1170600
2023-08-30,52.37324142456055,52.40211724361887,51.63206480289957,51.92083400918185,1237000
2023-08-31,52.605106353759766,52.83697252403289,52.276626208000906,52.566460763565466,1387600
2023-09-01,53.068843841552734,53.69682180044578,52.49883426954789,52.82731442435486,1098000
2023-09-05,51.870849609375,52.67272893989013,51.64864301651376,52.663065700600626,1281600
2023-09-06,51.13661575317383,52.12205635729228,51.011019406501205,51.71628496244494,1595800
2023-09-07,49.55217742919922,50.72117895489048,49.455563448493415,50.38303923603649,1820600
2023-09-08,50.32506561279297,50.42167589800283,49.08843627196526,49.52318624085577,2310000
2023-09-11,50.24777603149414,50.99168704465482,50.238116476844944,50.7211752891223,1330100
2023-09-12,50.12218475341797,50.40235607119949,49.86133254545887,50.23811783958433,1196900
2023-09-13,49.156070709228516,49.86133620377585,49.020814817869656,49.52319278993208,1660500
2023-09-14,50.798465728759766,51.146264972762594,49.465222394353866,49.745397385904056,1990300
2023-09-15,49.92896270751953,50.80812966140861,49.78404357927934,50.643887737039954,2445100
2023-09-18,49.71641159057617,50.238115987258645,49.27199837211905,49.72607483057745,1342100
2023-09-19,48.837249755859375,49.658452024872275,48.75996225509209,49.59082407965842,2019400
2023-09-20,50.1994743347168,50.692196420926436,48.83724853796403,49.09810075676092,2485800
2023-09-21,48.69233703613281,49.9676121964911,48.60538628949716,49.76472466404338,1637900
2023-09-22,47.86146926879883,49.15606706730572,47.803500883034154,48.78894132835549,2156300
2023-09-25,47.61994171142578,48.16096525785413,47.29146155018864,47.7841799493211,1324100
2023-09-26,46.51856994628906,47.65858915695221,46.354328016559634,47.417059725632846,1341400
2023-09-27,46.595855712890625,46.95331822600818,46.10313731294192,46.57653291685096,1394400
2023-09-28,46.537879943847656,46.914668878692524,46.01617927530461,46.40262407846813,2821800
2023-09-29,48.09333419799805,48.64402094946777,47.82282244231362,48.13197978750904,3288100
2023-10-02,47.5909538269043,48.65368545338426,47.34942441435608,48.05469354218967,1812500
2023-10-03,47.07890701293945,48.2285855522097,46.99195628741845,46.99195628741845,1727800
2023-10-04,47.600616455078125,47.977401744136195,47.00162455158699,47.571634105287906,1776400
2023-10-05,46.10313415527344,47.62959808339232,45.64905769305789,47.38806867760894,1984300
2023-10-06,44.5670051574707,46.14177416500825,44.528359569624776,45.95821315090924,2956700
2023-10-09,44.383445739746094,44.54768766491374,43.600892762692425,44.383445739746094,2713500
2023-10-10,44.68294906616211,44.934138077153584,44.17090780215237,44.431760055170635,2114300
2023-10-11,44.4317512512207,46.24804973498345,44.04530272655623,45.60075269443366,2201100
2023-10-12,42.3642578125,44.45107180554339,42.16137398890674,44.248187981950124,3236400
2023-10-13,42.58646774291992,43.15647361788154,42.10340891835203,42.779688324389994,2352600
2023-10-16,43.465633392333984,43.87140102415797,41.91018343278289,42.80867311518885,2151700
2023-10-17,44.02598571777344,44.3448063453387,42.914948827432774,43.05020840865385,1844900
2023-10-18,43.6298713684082,44.02597944334396,43.1468125606599,43.562243430159135,2317100
2023-10-19,43.6298713684082,44.60564853846342,43.52359784103218,43.68783975209864,2344100
2023-10-20,42.64443588256836,43.78445509532985,42.62511308577365,43.687844796802935,1633100
2023-10-23,41.36915969848633,42.65409801096444,41.35950014306429,42.576806825801896,1944000
2023-10-24,44.41242599487305,44.49937672383098,41.83289015941856,41.94882323621378,3637200
2023-10-25,43.919708251953125,44.80853842191679,43.871403105698306,44.02598178498158,3112500
2023-10-26,45.407527923583984,45.86160438216262,43.95835150049088,43.99699708961379,3368200
2023-10-27,45.46549606323242,45.63939752790588,44.75056741008086,45.42685047431694,3928400
2023-10-30,46.28669738769531,46.63450033830685,45.504140748819346,45.89058929070915,3094000
2023-10-31,46.51856994628906,46.91467806623496,46.045170639306576,46.25771771821054,2687300
2023-11-01,45.93888854980469,46.9822972679217,45.35921949670365,46.81805536876063,4647500
2023-11-02,47.18518829345703,48.92419940450185,45.948558825237875,46.499245615644625,3733200
2023-11-03,49.48454666137695,49.822686360933524,46.933996683446445,47.62959887759802,3138400
2023-11-06,48.77928161621094,49.51352940629819,48.547411759346026,49.46522426103985,1713900
2023-11-07,48.402496337890625,49.08844272059791,48.17063014874879,48.54741547018924,1866700
2023-11-08,48.296226501464844,48.56673828404157,47.987065440088635,48.53775593175025,1485300
2023-11-09,46.99196243286133,48.78894187166743,46.82772419953533,48.65368598882334,2008100
2023-11-10,47.15620803833008,47.2624778935541,46.421956494848864,46.99196610671717,1519400
2023-11-13,46.95332336425781,47.50401021258891,46.71179391550042,47.04027411322835,1296500
2023-11-14,49.214027404785156,49.271995785410915,47.30111506948743,47.88078781940694,1500100
2023-11-15,50.20913314819336,50.34438902332165,49.41691700634525,49.41691700634525,1796900
2023-11-16,50.11252212524414,50.547275810487,49.870992709603264,49.95794344665184,2100700
2023-11-17,50.58592224121094,50.72117812654362,50.035235459244184,50.441003115242225,2168100
2023-11-20,51.16558837890625,51.62932439523348,49.899976652715125,50.48930530638668,1938200
2023-11-21,51.9288215637207,52.32492963660287,51.12694217800163,51.12694217800163,2948700
2023-11-22,51.77424240112305,52.14136812154224,51.426439474983404,51.92882106991331,1191100
2023-11-24,52.44086456298828,52.79833074496695,51.8708550053277,51.92882339075713,573900
2023-11-27,52.315277099609375,52.51816094051935,51.7549270413475,52.04476162628271,1589500
2023-11-28,51.89017105102539,52.566454051284786,51.8708482583956,52.566454051284786,1456100
2023-11-29,52.96257019042969,53.11714886967441,51.9674701731322,52.07374370613415,2148300
2023-11-30,53.612239837646484,53.85465365094862,52.82681775092871,53.14680575997933,2378500
2023-12-01,54.63037872314453,54.77582849498728,53.34073542289232,53.466791645226614,1784800
2023-12-04,54.95036315917969,55.47397790019406,54.242515245856424,54.43644704241079,2430500
2023-12-05,54.55280303955078,54.94066662127506,53.89344086892551,54.7855219283736,2291100
2023-12-06,55.619422912597656,55.90062380859006,54.775823923561475,54.775823923561475,2354700
2023-12-07,55.473976135253906,55.8618397160225,54.6400720258603,55.71638994849897,2495400
2023-12-08,55.764869689941406,55.93940792425255,55.27034715868724,55.30913425496551,2048800
2023-12-11,55.8327522277832,56.01698539748311,55.27035039563405,55.609728260592114,1257600
2023-12-12,55.48367691040039,55.78426768315636,54.66916631835918,55.78426768315636,1739000
2023-12-13,57.16117477416992,57.49085769009516,55.095808162669435,55.23155929882552,1741000
2023-12-14,57.34540557861328,58.916245902330175,57.22904799510041,57.93689581812679,2870200
2023-12-15,56.656951904296875,57.85932224422648,56.45332520625184,57.190261508246664,4433400
2023-12-18,55.716392517089844,57.08360633886449,55.522460717765064,56.73452983986817,3236600
2023-12-19,55.64850997924805,56.356357814115114,55.36730909035894,56.0848555483965,2361500
2023-12-20,54.009796142578125,55.473973887722906,53.922527025387964,55.473973887722906,2998400
2023-12-21,55.008544921875,55.076420497202456,54.06797809384964,54.397661044986464,1337400
2023-12-22,55.46427917480469,55.87153259061902,55.086114231851056,55.086114231851056,1014700
2023-12-26,55.861839294433594,56.16243005326652,55.22186698025415,55.26065407782653,686200
2023-12-27,56.15273666381836,56.21091731176786,55.667909027729806,55.86184082195349,803600
2023-12-28,56.19152069091797,56.76361741818824,55.9685004343809,56.15273359440515,1066400
2023-12-29,55.774574279785156,56.51151069319828,55.72609225372165,56.13334571138487,936000
2024-01-02,55.25094985961914,55.658206945010576,54.300688258960236,54.5915840634165,2129500
2024-01-03,54.155242919921875,54.562500038497305,53.48618214526219,54.32008623187466,2755600
2024-01-04,54.930965423583984,55.14428704012561,53.97100520285377,54.1164549541265,1790300
2024-01-05,55.64850997924805,55.69699199827766,54.58189076483268,54.892180125351366,1587100
2024-01-08,55.435184478759766,56.11394383981743,54.698248174629775,55.745477537222904,1937200
2024-01-09,55.33822250366211,55.54184920988701,54.814607802848585,55.05702160519473,1321000
2024-01-10,55.56124496459961,55.76487167891168,54.572196167873685,54.950361122722164,1014700
2024-01-11,54.921268463134766,55.920012108686485,54.514015065549344,55.696991862541005,1805200
2024-01-12,54.64977264404297,55.53215880849684,54.494627945862334,55.30913853604601,1090900
2024-01-16,53.796470642089844,54.27160332283448,53.156498351029185,53.46678772251671,1792300
2024-01-17,52.97227096557617,53.796476504860856,52.79773271272553,53.156504144055646,1689500
2024-01-18,53.18559265136719,53.49588205685391,52.826821219824694,52.972270996933496,1209300
2024-01-19,53.84495162963867,53.883738725065626,52.4195610126378,53.29224846609815,1982000
2024-01-22,54.64006805419922,54.717642244290744,53.709199966746745,53.922525290557466,1137100
2024-01-23,55.008544921875,55.619428798763536,54.75643617050751,55.21217164785737,1170500
2024-01-24,54.17463302612305,55.73577843340984,54.11645608355245,55.47397109501943,981100
2024-01-25,55.144287109375,55.16368065616511,54.16493703959001,54.86308992827053,1828100
2024-01-26,55.50307083129883,56.036380504894026,55.32853258191256,55.444890181856266,1760800
2024-01-29,55.27034378051758,55.289737327471364,54.591584432898486,55.221861762603545,1008100
2024-01-30,54.824302673339844,55.357612262205315,54.49461977675996,54.84369622007287,1266700
2024-01-31,53.76738739013672,55.144296147440045,53.69951181471706,55.086119196475444,1998400
2024-02-01,57.60721206665039,57.936894964195076,53.18558326998183,57.02542045872016,5448600
2024-02-02,57.675086975097656,58.033858339276875,55.318824701574826,57.025419810261226,2668200
2024-02-05,56.69573974609375,56.92845491865779,55.57093988152493,56.540595064737396,2812800
2024-02-06,55.51275634765625,56.60846768332214,54.882479031818335,56.046065930858674,4284200
2024-02-07,56.71513366699219,56.92845529342338,55.755173401758306,56.36605720690714,1748200
2024-02-08,57.34540557861328,57.76235759338704,56.56968219029265,56.802401056259285,1973300
2024-02-09,57.3745002746582,57.46176939649643,56.443632107678006,57.35511042441975,1703300
2024-02-12,58.68353271484375,58.819283850011466,57.40358815620382,57.55873283910135,1537800
2024-02-13,58.00477600097656,58.305370456166706,57.01572721503024,57.82054283750328,2172400
2024-02-14,60.11862564086914,60.68102746267874,58.84837592877387,59.01321924510957,3482600
2024-02-15,60.35133361816406,60.58404876523021,59.69196786990903,60.11861477215734,2256900
2024-02-16,60.205894470214844,60.777991214244835,59.701673297600166,60.06044470350132,1654200
2024-02-20,60.002262115478516,60.61314220079083,59.750149703400304,60.147708169578216,1689000
2024-02-21,59.79863357543945,60.002263975797824,59.14896637598182,60.002263975797824,1565000
2024-02-22,59.75014877319336,59.97316901182689,59.381682482724464,59.759847396013534,1788800
2024-02-23,60.98161315917969,61.03009517797872,60.09922710084985,60.14770911964889,1503500
2024-02-26,60.487091064453125,61.36947712884179,60.47739244126216,60.78768180243569,2107100
2024-02-27,60.71011734008789,61.621591966676355,60.40952287331553,60.81678001213426,1720500
2024-02-28,60.91373825073242,61.408264465068214,60.302854450234484,60.322247997751674,1563000
2024-02-29,62.27559280395508,62.74251712710975,61.20556686438396,61.20556686438396,3167300
2024-03-01,62.528507232666016,62.596599586543135,61.370933506000036,61.97403880209235,1595000
2024-03-04,62.76197052001953,63.71527096945463,62.58687482202168,63.423442332288026,2254200
2024-03-05,62.100502014160156,63.082980125857475,61.93513220679215,62.761970111366466,1423300
2024-03-06,62.31450271606445,62.72306427489798,61.89622268960468,62.4409652501242,1314300
2024-03-07,63.40399169921875,63.51099504001324,62.60633515425755,62.92734517664101,1957100
2024-03-08,63.49152755737305,63.95845184007283,63.27752832520825,63.37480205283038,1485400
2024-03-11,64.13356018066406,64.59075495441539,63.32617398112497,63.33590358226106,1698900
2024-03-12,63.715267181396484,64.43510170969783,63.08297678613405,64.20164326675066,1646100
2024-03-13,63.52071762084961,63.958453114627154,63.02461195212785,63.74444645668797,1286300
2024-03-14,62.90788269042969,63.35534780969741,62.402054814325815,63.17052993921288,1717100
2024-03-15,62.333961486816406,63.00515544451068,61.798944819115746,62.11022521991154,3474000
2024-03-18,63.0148811340332,63.686082471587156,62.82033367867452,62.91760740635386,2112200
2024-03-19,62.859249114990234,63.53044307866721,62.27559186447428,62.76196795889742,1642500
2024-03-20,63.47208023071289,63.793090233731824,62.63551275579034,62.63551275579034,1195400
2024-03-21,63.74445724487305,64.27947398026785,63.374814041380056,63.57909113448232,1270300
2024-03-22,64.4156494140625,64.49347136825617,63.637444715145946,64.00709528681082,1629800
2024-03-25,64.68802642822266,64.88257391504152,64.21137989045882,64.4253865788661,1301400
2024-03-26,64.64910888671875,64.91175613093583,64.38646906401182,64.80475279758964,1672500
2024-03-27,65.31057739257812,65.55376542499657,64.77556075265362,64.97984523081372,2044400
2024-03-28,65.52458190917969,66.00122835913467,65.2424829102036,65.39812680819436,1555900
2024-04-01,65.99150085449219,66.11796338100056,65.14521125221495,65.79695339733897,1278400
2024-04-02,65.58294677734375,65.6704983281673,64.5907428709054,65.5245840244679,1356000
2024-04-03,64.92149353027344,65.69969842406006,64.77557918499946,65.26195538823812,1429000
2024-04-04,64.19190979003906,65.2035728770558,63.93899958441711,64.39618684296893,2679200
2024-04-05,64.65884399414062,64.96039482025125,64.07519412168004,64.13355688247286,1159300
2024-04-08,64.7950210571289,65.26193793129558,64.64910675088561,64.87284300999332,1513800
2024-04-09,65.52458190917969,65.78722171015217,64.85338058673626,65.12574998671055,1446400
2024-04-10,64.95065307617188,64.98956404992906,63.90008647076543,63.90980864807268,1721000
2024-04-11,64.54210662841797,64.96039036896292,64.4156515148617,64.94093859053514,1237700
2024-04-12,63.734718322753906,64.37673831133365,63.413715749974045,63.90009183047022,1976600
2024-04-15,62.859249114990234,64.62965780183005,62.606331467867335,64.33782917657207,2016000
2024-04-16,62.03240966796875,62.78142932451016,61.82813259184525,62.74251834503276,2377200
2024-04-17,62.19778060913086,62.654979087468156,62.06159588110792,62.50906475844042,1530500
2024-04-18,62.59660720825195,63.03435018348402,62.15887165453074,62.49933346537067,1478700
2024-04-19,63.18025207519531,63.26780363190093,62.38259557242654,62.50905810750018,1513700
2024-04-22,63.64717483520508,64.13355092062724,62.88842932938812,63.39425719276273,1877000
2024-04-23,63.715267181396484,64.1530026896112,63.02461403077477,63.42343856157995,1297900
2024-04-24,63.41371536254883,63.80281028736058,62.79115457703805,63.48180771654188,1901800
2024-04-25,63.6666259765625,64.01681734828574,62.71333301471257,63.91954361647596,2233900
2024-04-26,67.89810180664062,68.8222133637693,64.57128387365584,64.68801680128139,4554100
2024-04-29,68.79303741455078,68.89031115115809,67.98565129984048,68.33584268883507,2588200
2024-04-30,67.67436218261719,69.37667832950645,67.5381774845868,68.44283721950832,3500500
2024-05-01,66.41952514648438,67.86892397996613,66.06933372850729,67.6841060915695,3401100
2024-05-02,66.1374282836914,67.26582453934802,65.94288078792846,67.11991020677017,2116900
2024-05-03,66.72107696533203,67.05181660785945,66.31252277883738,66.54598867527241,2208400
2024-05-06,67.02262878417969,67.69382276276184,66.67243739469752,66.98371780518052,1929300
2024-05-07,67.32417297363281,67.7619158781915,66.7891637634073,67.11989592010929,1768400
2024-05-08,67.98565673828125,68.19966342884277,66.86699012403483,67.06154503432302,2062200
2024-05-09,67.71328735351562,68.54012531391714,67.49928066273878,68.25802625984868,2017000
2024-05-10,67.27554321289062,67.90782618217287,66.97398499547613,67.87864480469955,1810000
2024-05-13,67.38253784179688,67.92728408981044,67.12962762749726,67.62572587813028,1717600
2024-05-14,68.12183380126953,68.24829633410803,67.36308829027914,67.81055340133732,1973900
2024-05-15,68.60821533203125,69.0362286989545,68.32611628760554,68.67630769299534,1677600
2024-05-16,68.30665588378906,68.87085390140658,68.26774490793511,68.6082066697699,1538000
2024-05-17,68.19966125488281,68.61794502178033,67.8202884688026,68.40393833804056,1111400
2024-05-20,68.1801986694336,68.80276691009695,67.83973688107031,68.16074689074586,1273900
2024-05-21,68.39420318603516,68.51093611901206,67.85919394162215,68.1801965196659,1141200
2024-05-22,68.20938873291016,68.326114250219,67.49927634273573,67.72301262009522,1631200
2024-05-23,66.69188690185547,68.36502183427945,66.50706903479245,68.1412929895426,1593700
2024-05-24,67.003173828125,67.24636189614137,66.156884101195,67.10045499254024,1640200
2024-05-28,65.62186431884766,67.00317069952013,65.36894666189717,66.95453754109423,1877600
2024-05-29,64.7269287109375,65.51485557462495,64.63937715857784,65.13548283125618,2018300
2024-05-30,66.78916931152344,66.85726166835431,64.78529474198137,64.78529474198137,1904400
2024-05-31,67.5381851196289,67.62572925475536,66.5654329257247,66.68216586073692,3792800
2024-06-03,67.95767974853516,68.0259688182061,66.70895363563031,67.34307067854635,1940200
2024-06-04,67.41136169433594,67.58696322755218,66.70895556147099,67.40160398611543,1807800
2024-06-05,68.27960968017578,68.33814848485756,67.0016253293709,67.2747816080513,1534600
2024-06-06,68.0844955444336,68.3576518045196,67.3333083862472,68.19180799560309,1404500
2024-06-07,66.79674530029297,68.01619805532111,66.66016718716574,67.72352641693477,1533700
2024-06-10,66.72846984863281,66.7479778217931,65.82119651619492,66.42604044251988,1506100
2024-06-11,66.20167541503906,66.63092531992865,65.85047230066604,66.63092531992865,2217700
2024-06-12,65.49925231933594,67.1674629615448,65.21633835878126,66.83577535169084,2056400
2024-06-13,64.60174560546875,65.56755033162754,63.74324589959363,65.38219108732257,1809300
2024-06-14,64.39688873291016,64.55297487717631,63.61643568272369,64.26031056557031,1320300
2024-06-17,64.81636810302734,64.98221192437454,64.29932122297406,64.29932122297406,1616700
2024-06-18,60.73851013183594,65.33341161793614,60.367799119162896,64.90416180319365,5058800
2024-06-20,58.95323181152344,60.553153434896664,57.67524382140217,60.39706361118891,7354600
2024-06-21,59.1776123046875,59.87026068357467,58.81665527535511,59.33370213262651,4669000
2024-06-24,60.07513427734375,60.35804454454711,58.82641187683925,59.20688061676378,2439600
2024-06-25,59.89952850341797,61.070200321316086,59.284923193989,60.436087040200434,2406400
2024-06-26,59.1776123046875,60.27024110026058,59.080057557778765,59.73368254931242,1418100
2024-06-27,59.58735275268555,60.01659886588844,59.03127876490029,59.03127876490029,1891900
2024-06-28,58.553253173828125,59.99708501709337,58.11424936843243,59.704417053987925,4820900
2024-07-01,58.09473419189453,59.080054198431796,57.821577938901946,58.82640591653168,1507600
2024-07-02,58.25082778930664,58.26058549696063,57.49964432337785,57.948405838584385,1515500
2024-07-03,58.56300735473633,58.95323378782483,57.98742541274208,58.1727846431229,1097600
2024-07-05,58.18253707885742,58.39716198348435,57.54842379383008,58.35813859692037,1670500
2024-07-08,58.455692291259766,58.982496835980605,58.28984848355593,58.46544999846287,1336500
2024-07-09,57.42159652709961,58.211799593956634,57.275260696176204,57.86060029839505,1556900
2024-07-10,57.84109115600586,58.40691536947195,57.70451302590973,57.880114542169025,1904500
2024-07-11,59.021522521972656,59.40199124527333,58.11424923342102,58.53374134410511,2344200
2024-07-12,59.31419372558594,59.97757646145394,58.90445930009554,59.55808432784696,2455500
2024-07-15,59.61661911010742,60.21171277204566,59.1873692705584,59.22639265987654,1526400
2024-07-16,60.58242416381836,60.69949433246394,59.50930700156065,59.65564285163,1017100
2024-07-17,60.40681838989258,61.10922446653435,59.87025984644678,60.05561907304669,1421300
2024-07-18,60.20195770263672,61.265320918574204,60.026356164483715,60.026356164483715,1059300
2024-07-19,59.5483283996582,60.211711113896904,59.20687933474042,60.211711113896904,1672700
2024-07-22,59.81173324584961,59.997088765719916,58.77763574202642,59.60686230954788,1957300
2024-07-23,61.17751693725586,62.143325346385794,60.65071235045771,61.636032454077416,2343800
2024-07-24,60.543399810791016,61.587251210849914,60.358040585516555,61.28482554746394,1253600
2024-07-25,60.53364944458008,61.4311688362141,60.33853620974873,60.42633697934907,1016200
2024-07-26,61.704322814941406,61.87016663936117,60.53364717139054,61.08971745081902,1155100
2024-07-29,61.69456481933594,62.11405320722045,61.26531500242382,61.93845540749963,1015100
2024-07-30,61.704322814941406,61.87016663936117,61.226295593629494,61.61652204863821,1264900
2024-07-31,62.270145416259766,62.95303607124283,61.333602749543786,61.704317477588134,1747800
2024-08-01,62.96279525756836,63.29448288550857,59.50930362921096,60.806803347106694,3057800
2024-08-02,63.17742919921875,63.216452592135205,61.25556989505242,62.52379667155705,2380900
2024-08-05,61.14824295043945,62.787187850208674,60.87508670763614,62.07502784470385,2278300
2024-08-06,61.75309753417969,62.982304488055725,61.13849219650411,61.34336312337938,1638300
2024-08-07,61.411651611328125,62.699389913731274,61.353116529706355,62.14332338496235,1361300
2024-08-08,61.65554428100586,62.0847903962772,61.48969673822418,61.74334504566082,1845800
2024-08-09,60.77753829956055,61.938459966412104,60.65071414236767,61.65554597016464,1605200
2024-08-12,60.53364944458008,61.187278223043776,60.32878222267111,60.76778607067278,1721300
2024-08-13,61.050697326660156,61.35311929163234,60.62144748506053,60.89460376864192,1247400
2024-08-14,60.67997741699219,62.05552014769112,60.49461819332198,61.6067623709184,1447300
2024-08-15,61.460426330566406,61.714070897021365,60.73850857431396,61.07019991289348,1246500
2024-08-16,61.87016296386719,61.938455752690665,61.10922551542769,61.353116104950615,1026200
2024-08-19,62.11405563354492,62.367703939169296,61.75309859097582,61.94821181342337,1116500
2024-08-20,61.74334716796875,62.10430422552401,61.479944864949935,62.10430422552401,1215100
2024-08-21,62.38721466064453,62.44574974290851,61.77260932203572,61.909187459176536,862700
2024-08-22,62.24087905883789,62.45550025169387,61.928699395160876,62.45550025169387,870900
2024-08-23,62.9822998046875,63.43105757023488,62.18234273663012,62.52378433209896,743500
2024-08-26,62.767677307128906,63.528622183487286,62.679880269251,63.157903731247316,968800
2024-08-27,62.4945182800293,62.748166560934074,62.25063142758212,62.67011979097112,1299500
2024-08-28,61.93845748901367,62.61159419523598,61.704320879059075,62.34819190459025,1658600
2024-08-29,60.865333557128906,62.30916536805786,60.68973203890343,62.30916536805786,1987800
2024-08-30,62.25063705444336,62.318926123596206,60.85558254779197,61.21653958781064,2132000
2024-09-03,62.53443908691406,62.82802351599317,61.67324390887976,61.8004668146882,1475800
2024-09-04,63.47392654418945,64.55041778205631,63.0629038387707,63.63050342257886,1674000
2024-09-05,63.17055130004883,63.78708533466412,62.90631709496211,63.61093168672372,1282700
2024-09-06,62.9258918762207,63.61092967074952,62.73016145896105,62.9258918762207,1535800
2024-09-09,62.916099548339844,63.571779605802526,62.76930361117692,62.98460332350234,1430100
2024-09-10,63.209693908691406,63.46413974207958,62.4365792196768,62.98461324044058,1078800
2024-09-11,63.75773239135742,63.816447789597824,61.83961516334904,63.03354843643222,1356800
2024-09-12,64.22747039794922,64.48191623380175,63.34670956046838,63.679440105053985,1003600
2024-09-13,64.58956146240234,64.95165714636624,64.36447334180808,64.69721132881452,1087100
2024-09-16,65.56819152832031,65.60733761325471,64.6482771982425,64.91251140496165,1146800
2024-09-17,65.78349304199219,66.3706693991892,65.54862399238388,65.56819330220438,1180700
2024-09-18,65.09844970703125,66.2728099233232,65.03973430944009,66.2728099233232,1393400
2024-09-19,65.67583465576172,66.11621499996623,65.0397239069707,65.89113436763112,1346500
2024-09-20,64.89292907714844,65.54861661075944,64.50148319400063,65.54861661075944,4607800
2024-09-23,65.80305480957031,65.84220089107691,64.60912545584964,65.06908258061267,1421900
2024-09-24,65.7052001953125,66.01836141369205,65.53883493131295,65.53883493131295,959800
2024-09-25,65.01038360595703,65.94986740027025,64.8244415384402,65.81285981358,1051300
2024-09-26,65.56819152832031,65.94006813566874,65.16694975750687,65.68562978312352,1496100
2024-09-27,66.02815246582031,66.41960587117742,65.41161092581822,65.56819527450214,1560300
2024-09-30,66.45874786376953,66.49788648217645,65.5388335378099,65.66605271351298,1258200
2024-10-01,66.16515350341797,66.66425673261678,66.03793433244068,66.42938023278678,1283900
2024-10-02,65.069091796875,66.05750996244741,65.05931087487672,65.91071400259365,822300
2024-10-03,63.95344924926758,64.83421747043828,63.87515708152972,64.83421747043828,1276800
2024-10-04,64.609130859375,64.71678072593345,63.89473534459866,64.32533481083244,873500
2024-10-07,62.583370208740234,64.03174172016357,62.00597853505601,63.96323793965663,1751900
2024-10-08,62.691017150878906,62.97482066417855,62.21149068112885,62.53444027898902,992900
2024-10-09,63.41520690917969,63.66964525284893,62.88674598052879,62.88674598052879,1177400
2024-10-10,63.09225082397461,63.57177723220789,62.64208210880747,63.19011228964551,1201600
2024-10-11,63.25862503051758,63.914305156455704,62.945463816162636,63.209690557569,1350400
2024-10-14,63.99258804321289,64.28617990560835,62.95524307109107,63.180323694756524,2222900
2024-10-15,64.61891174316406,65.48011057562329,64.49169258216503,64.50148096881152,1843600
2024-10-16,65.85199737548828,66.04772034073662,64.71678327126085,64.7363600475972,1592200
2024-10-17,65.38224029541016,65.92048955461271,65.17672897817405,65.31373652299813,2114000
2024-10-18,65.8128433227539,66.39023122679248,65.43117836027209,65.90091640654896,1792300
2024-10-21,64.77550506591797,65.76391573038373,64.53084763021512,65.66605424937308,1376600
2024-10-22,64.07088470458984,64.88314911012779,63.79686959581842,64.83421464083929,1151600
2024-10-23,64.08067321777344,64.34489993993658,63.67943147460332,64.22746169322421,1362800
2024-10-24,63.239051818847656,64.04152784776072,63.11182518357306,64.03173946050455,1504400
2024-10-25,62.66165542602539,63.51306591119388,62.53443625914575,63.385839277962525,1318500
2024-10-28,63.209693908691406,63.66965109992487,63.062905414768125,63.19012459828587,1292000
2024-10-29,61.937477111816406,62.87696076581809,61.937477111816406,62.76931089715986,1812500
2024-10-30,62.818241119384766,62.88674489786281,61.62431172332298,61.780892321726505,2283900
2024-10-31,57.98381042480469,63.41520831189688,57.96423738258734,63.376062227462185,3159400
2024-11-01,57.74893569946289,59.569187499215246,57.70000496216141,58.72756537819633,2331900
2024-11-04,58.1893196105957,58.707995877182185,57.592354911218926,57.86637375892482,1857600
2024-11-05,58.69820785522461,58.88414615078791,57.79787034006423,57.993593289846245,1535300
2024-11-06,58.982017517089844,60.42060449387966,58.414410450566166,60.410816105462985,2072100
2024-11-07,58.65906524658203,59.50068741993046,58.28718863342785,59.363679853697214,2233200
2024-11-08,58.97222137451172,59.4908976302812,58.5122679751682,58.75692538894645,1368300
2024-11-11,59.021156311035156,59.53982883773472,58.903718063605304,59.06029866033588,1084800
2024-11-12,59.33431625366211,59.56918527721872,58.835213045546624,58.835213045546624,1576200
2024-11-13,61.1447868347168,61.30136744667706,59.34410793058558,59.34410793058558,2524800
2024-11-14,60.616329193115234,61.820043413532225,60.57718683786112,60.98820956685286,2060400
2024-11-15,59.61812210083008,60.60654023099644,59.57897974835735,60.26402131450881,2020600
2024-11-18,59.55940246582031,59.86277527506354,59.13859140799009,59.334318089125816,2524800
2024-11-19,58.62970733642578,59.33432194098611,58.570988208320365,59.04073376681137,2271600
2024-11-20,59.128807067871094,59.14838011064197,58.35569241089039,58.6003498457621,1769700
2024-11-21,59.53004837036133,59.833421197951125,58.32633051519298,58.786287683701595,1402200
2024-11-22,60.53803634643555,60.616324784426254,59.67684112948065,59.80406404103876,1164300
2024-11-25,61.12520980834961,61.52644783367463,60.8414063010481,61.095852112137734,2565400
2024-11-26,61.03713607788086,61.17414364470997,60.528248163104,61.105639861295415,1169400
2024-11-27,61.2622184753418,61.9961907593108,60.89034187268429,61.51666429102966,1667400
2024-11-29,60.83162307739258,61.565595365359755,60.55760795116785,61.174141985173485,820100
2024-12-02,61.68578338623047,61.81341321563439,60.18364418771075,60.76289964767782,2025600
2024-12-03,61.01816177368164,61.744683225895386,60.87089198852215,61.55814474388942,1797600
2024-12-04,59.94801712036133,60.93962202224549,59.86947222960041,60.890533338133174,2167200
2024-12-05,56.501930236816406,59.60438190134833,55.40232811077659,59.56510946054039,5253400
2024-12-06,56.0699462890625,57.12045976790902,56.03067384708804,56.96337374523738,2990900
2024-12-09,56.619747161865234,57.218638811306754,55.893225690090446,56.09940039868386,2726800
2024-12-10,56.04050064086914,57.68008596768869,55.863778375732984,57.68008596768869,2830000
2024-12-11,56.3644905090332,56.45285164402422,55.539787830859254,56.2859493586116,2493100
2024-12-12,56.93392562866211,57.493544861188056,56.14849171017345,56.22703660011291,2363800
2024-12-13,57.17937088012695,57.30700070417162,56.58047922265484,56.66884034826919,1737200
2024-12-16,56.77683639526367,57.86661859257787,56.64920282891603,57.199002046611206,2198500
2024-12-17,56.69829177856445,57.08118873419647,56.276122379989076,56.295758601460754,1813300
2024-12-18,54.597267150878906,56.88483274634491,54.50890602301468,56.34484974060863,2183300
2024-12-19,54.35182189941406,55.48087663376663,54.135827191439404,54.48927171531554,2357300
2024-12-20,54.78380584716797,55.421969966899034,54.057284344473324,54.23400660085342,6714100
2024-12-23,54.70526885986328,54.92125983223159,54.37146054413761,54.41072924669664,2122800
2024-12-24,55.13724899291992,55.156885214833814,54.57762977666631,54.57762977666631,696300
2024-12-26,55.16670608520508,55.47106193258583,54.64635926908876,54.64635926908876,1018400
2024-12-27,54.81325912475586,55.52014436728148,54.63653687781788,54.872164043584334,1414100
2024-12-30,53.988563537597656,54.63654394511175,53.87074619424836,54.46963791464696,1285700
2024-12-31,54.126007080078125,54.45981535705353,53.76274259806944,54.20454822130546,921800
2025-01-02,53.448570251464844,54.87216447625647,53.370029110665484,54.69544222792503,2020400
2025-01-03,53.04603958129883,53.61547879622515,52.87913730844376,53.44857277814359,2221800
2025-01-06,53.03622055053711,54.29290875838496,52.957675664933475,53.24239525740722,2685600
2025-01-07,52.71223068237305,53.900197781996994,52.584600855859435,53.271849907014065,2203100
2025-01-08,52.48641586303711,52.66313810461443,52.00534156280808,52.39805474224845,1947400
2025-01-10,51.06282424926758,52.15261021181576,51.013735567533026,51.75989701271302,3735700
2025-01-13,52.280242919921875,52.48641762694895,51.053007170627936,51.121732072970296,3116100
2025-01-14,53.38966369628906,53.40929991719382,52.36860268059898,52.46678003989656,2272400
2025-01-15,53.271846771240234,54.646352283094004,53.055855830116975,53.89037462609705,2822900
2025-01-16,53.26203536987305,53.42893764613441,52.11334442319928,52.447148975722,2161900
2025-01-17,53.301307678222656,53.88056314208269,53.28167145543782,53.694020898239934,2119800
2025-01-21,54.03764724731445,54.391091754353106,53.37984691583109,53.50748048675647,2113000
2025-01-22,53.340576171875,53.870739166880725,53.28166750788491,53.80201426483875,2695100
2025-01-23,54.17509078979492,54.23399944922906,53.21293849039324,53.497658059819265,2334000
2025-01-24,53.998374938964844,54.832893780840095,53.9394662725681,54.479453018138884,1456000
2025-01-27,55.50050735473633,55.667413361232306,54.0769169066903,54.46963009244478,2072500
2025-01-28,54.57762908935547,55.58887016121463,54.50890418613551,55.176520741894855,1854900
2025-01-29,54.322364807128906,55.166699853586,54.27327238115445,54.548175734751574,1995200
2025-01-30,55.01943588256836,55.9815882933132,54.77398872436121,55.92267962706198,3694400
2025-01-31,54.68562316894531,55.53977816167003,54.52853715022322,54.931070307275206,2366500
2025-02-03,54.665992736816406,54.823078772171705,53.46820937646566,53.586026711902015,3449700
2025-02-04,50.89592361450195,51.72062622785928,49.884682506480715,51.1315545377011,6592700
2025-02-05,50.25775909423828,51.73044205309313,50.13994550619329,51.57335602062434,3912200
2025-02-06,50.336299896240234,51.58317181626329,49.835585633556185,51.54389937502804,3024100
2025-02-07,49.550872802734375,50.51302519999191,49.52141659740847,50.25775806170798,2530300
2025-02-10,49.43305587768555,49.9828588571574,49.31524229109386,49.9828588571574,2928500
2025-02-11,49.442874908447266,49.83558810459353,49.0894304102572,49.0894304102572,2679100
2025-02-12,48.67708206176758,49.040342806119554,48.137095319212264,48.35309001623439,3584300
2025-02-13,48.431636810302734,49.089433420427724,48.10764475201917,49.02070851325725,3158300
2025-02-14,48.94215774536133,49.560685580852606,48.6181694712071,48.66725814968791,2816100
2025-02-18,48.94215774536133,49.21706108626084,48.44144723249531,48.92252527014988,2685500
2025-02-19,48.146915435791016,48.726170878764684,48.05855430905854,48.55926486372495,2775600
2025-02-20,49.5312385559082,49.65887213013936,48.323638955732974,48.41200008478124,3205400
2025-02-21,50.41484832763672,50.57193437007919,49.39379092437401,49.658874323225675,3493200
2025-02-24,49.855228424072266,50.70938727998191,49.776687276477794,50.49339256995051,2053400
2025-02-25,50.650474548339844,50.689746991600856,49.796319506157666,50.02213043706899,2415500
2025-02-26,51.04319381713867,51.17082364571507,50.43448215452581,50.787926669532894,2315100
2025-02-27,51.111915588378906,51.48499255780211,50.601385069707604,50.6308375290762,2330000
2025-02-28,51.73044204711914,51.90716430177943,51.09228167882493,51.16100658394544,3631400
2025-03-03,51.38550567626953,52.46959034289128,51.06028290793059,51.76000792542952,2940700
2025-03-04,50.291568756103516,51.897982880159844,50.25215043365478,51.53333802090665,3429000
2025-03-05,51.119415283203125,51.395366105981374,50.36055709968229,50.60693948032554,2418100
2025-03-06,51.4249267578125,51.454491438133374,50.35069951202851,50.77447747427793,2346400
2025-03-07,53.474830627441406,53.70150572763001,51.168691377559306,51.42493116059998,2330500
2025-03-10,53.18902587890625,54.499778098859736,52.991919236045796,53.21859055951154,2233400
2025-03-11,51.55304718017578,53.36642152901164,51.306664816255136,53.2875773679987,2739800
2025-03-12,50.528099060058594,51.247535160206496,50.11417470574937,51.12927267018819,2070400
2025-03-13,50.23244094848633,51.28695723645777,50.015623250568055,50.75477039220206,1854600
2025-03-14,51.13912582397461,51.188401547721334,50.3507029655368,50.64636106751388,1773200
2025-03-17,51.52348327636719,52.15422158201716,51.079997989861134,51.25738984876544,1545700
2025-03-18,51.148983001708984,51.671312438244065,50.69563657052156,51.39536537886654,3083000
2025-03-19,51.08985137939453,51.36579844688263,50.5379534849215,51.06028669630562,2590000
2025-03-20,50.823753356933594,51.35594016138755,50.69563347597324,50.873029077457886,3432800
2025-03-21,49.95648956298828,50.44925431852594,49.61155573791062,50.281716106201564,4067700
2025-03-24,50.045188903808594,50.53795367445498,49.24691238143942,50.11417567093934,2568900
2025-03-25,49.650978088378906,50.478823032526236,49.335608943893895,50.17330752902656,2474300
2025-03-26,50.56752014160156,50.61679586484175,49.57213323846496,49.72981780853158,1965300
2025-03-27,51.30666732788086,51.474205538990105,50.40983562968677,50.695636328608224,1743900
2025-03-28,50.71535110473633,51.43478724444631,50.43940402635359,51.22782693565926,1765800
2025-03-31,51.31652069091797,51.493916301424235,50.32113755151874,50.49853316202501,2322100
2025-04-01,51.64175033569336,51.72059074538382,51.0405767038789,51.31652377704085,1839200
2025-04-02,51.55304718017578,51.60232290106061,50.833611128667066,51.109558173219305,2026400
2025-04-03,49.76924133300781,50.41969067331675,49.32575229200244,49.60170311723734,2244100
2025-04-04,47.896732330322266,49.3750265844618,47.80803452469402,49.18777733235627,2745900
2025-04-07,46.487422943115234,48.25152158332817,45.47232879974531,46.428293581441054,3945800
2025-04-08,44.289695739746094,47.44339098871105,43.70823316646975,47.18715496500306,4049600
2025-04-09,46.0045166015625,46.44800562114308,42.880386183180704,44.003892952617065,7981400
2025-04-10,45.2949333190918,46.0045157370869,44.11229720893215,45.63987088761566,3882400
2025-04-11,47.39411163330078,47.77846751916623,44.88101227537583,45.13724827945396,3255200
2025-04-14,48.093841552734375,48.221961447598474,47.45324959740768,47.98543270011836,1813200
2025-04-15,46.91120147705078,48.143113320035276,46.85207211466535,47.739046385916225,1476500
2025-04-16,46.38887023925781,47.38425707466755,46.13263424014531,47.38425707466755,1117700
2025-04-17,46.69438552856445,47.12801712511193,46.25089653238155,46.37901641116693,5596400
2025-04-21,46.61554718017578,46.71410239133285,46.0340845925882,46.310035424331105,2360000
2025-04-22,47.67005920410156,48.00513937282541,46.78308494065365,47.17729447124276,2511200
2025-04-23,47.798179626464844,48.97095835047892,47.42367737260875,47.93615315170219,2346900
2025-04-24,49.7889518737793,49.95649008786393,47.620786174734114,48.20224874275764,2292400
2025-04-25,49.828372955322266,50.0846089715649,49.34546184534995,49.65097734427094,2094100
2025-04-28,49.77909469604492,50.21273009349286,49.108938077210155,49.75938741388528,1624700
2025-04-29,51.63188552856445,51.88812528217068,49.936773729157146,49.94663112864004,2962600
2025-04-30,51.18840026855469,51.90783634386948,50.606937720081554,51.45449368153358,2569000
2025-05-01,50.478824615478516,51.09970552343649,50.399980447136436,50.66607387604565,2345300
2025-05-02,50.912452697753906,51.28695495216075,50.390123277302486,51.26724391145548,2518100
2025-05-05,51.099700927734375,51.346083292399435,50.44925163539848,50.67592295975076,2623300
2025-05-06,50.93216323852539,53.20873766443329,50.863176476482415,52.51886628450697,4375700
2025-05-07,49.92692947387695,51.83885554783776,49.91707583203824,51.83885554783776,2965500
2025-05-08,51.03071594238281,51.395364561615274,50.143741654417624,50.43939975040602,2116200
2025-05-09,51.37565231323242,51.4742037564136,50.7153456135295,50.74491405408111,1711300
2025-05-12,52.45973587036133,53.30729185862683,51.76001081381535,52.913078547039284,3246400
2025-05-13,52.026100158691406,52.893363361034524,51.75014935840362,52.60756267999915,2542500
2025-05-14,52.1345100402832,52.62727477125186,51.76000779208798,52.62727477125186,3182900
2025-05-15,52.59770965576172,52.63713173901034,51.59246908990242,52.144366976892854,1796800
2025-05-16,52.99192428588867,53.011635328002725,52.35132857542102,52.36118597622649,1800700
2025-05-19,53.543819427490234,53.61280619158611,52.272485472871956,52.45973472406123,2246000
2025-05-20,53.543819427490234,53.69164659648282,52.99192155522656,53.2875796527084,3128200
2025-05-21,53.05105209350586,53.60294617938074,52.77510129107192,53.1594571750195,3962800
2025-05-22,52.548431396484375,52.98206301281029,51.543190879118434,52.98206301281029,4706100
2025-05-23,51.01100158691406,52.21334869323987,50.89273910810221,52.09508621442802,3813600
2025-05-27,52.587852478027344,52.6469818394269,51.24753181368836,51.405216376581386,2922600
2025-05-28,52.085235595703125,52.71597767030647,51.97683050238544,52.53858204924567,2469500
2025-05-29,52.77510070800781,52.80466914763622,52.10494038870959,52.29219338820249,2221100
2025-05-30,52.80467224121094,53.15945970206902,52.17393020530432,52.52872142565908,5447700
2025-06-02,51.587928771972656,52.666180902132986,51.13288378438042,52.339735831050454,2511500
2025-06-03,52.88380813598633,52.97283826848122,51.18234883236978,51.39997511012645,2394800
2025-06-04,52.66618347167969,53.269605750872806,52.58704389655641,52.883809756103425,2046600
2025-06-05,52.91348648071289,53.190467433377655,52.32984534932468,52.883807254654194,1702100
2025-06-06,53.15089797973633,53.63561842351031,52.82445667971099,53.25971300427227,1267400
2025-06-09,53.6455078125,53.97195287898383,52.50790479350119,52.91348565654988,2000700
2025-06-10,54.42699432373047,54.763329951156976,53.586153368373,53.85324375841014,2158300
2025-06-11,54.33796691894531,54.38742726619225,53.76421632484951,54.21926133083613,2927700
2025-06-12,54.55559539794922,54.793006567304104,53.88292412880621,54.03130516625739,1542600
2025-06-13,53.784000396728516,54.31818119543227,53.497128877646176,53.932385209784854,1636400
2025-06-16,55.39643096923828,55.52503088344851,54.05108847049788,54.47645422446969,2311100
2025-06-17,54.713871002197266,55.3074027016998,54.605055976785884,55.10955754400478,3511800
2025-06-18,55.228267669677734,55.95039929774701,54.32807200098607,54.62484162844083,3376300
2025-06-20,55.62395477294922,55.89104517617857,54.93149859127119,55.34697380971105,8579500
2025-06-23,56.0691032409668,56.266948395609475,55.18869626506848,55.436001764976204,3026900
2025-06-24,56.36587142944336,56.57360715234228,55.881154742679215,56.33619597576712,3033600
2025-06-25,56.13834762573242,56.29662299232423,55.38654057781693,55.821796892548804,1905000
2025-06-26,56.37576675415039,57.02865316158383,56.257057390193275,56.48457801073707,2236900
2025-06-27,55.8020133972168,56.593390249990605,55.643738026662035,56.593390249990605,2974400
2025-06-30,55.48546600341797,55.70309606615332,55.17880580352567,55.70309606615332,2973600
2025-07-01,57.25617218017578,57.70132284860355,55.168913092112,55.48546383997562,2827300
2025-07-02,58.106903076171875,58.24539355510571,57.0385414839694,57.49358270720414,1521000
2025-07-03,58.097007751464844,58.39377359748542,57.968407834542354,58.364098144958106,877000
2025-07-07,57.780460357666016,58.39377697809313,57.622184979053124,58.02776587259757,1856600
2025-07-08,58.12668228149414,58.50258769306506,57.63207128811539,57.83981077325709,2251000
2025-07-09,57.31552505493164,57.79035119303099,56.71210276543516,57.00886863004941,1736700
2025-07-10,57.77056884765625,58.18604029459093,57.28584838598316,57.39466341453728,1609700
2025-07-11,57.68153762817383,57.84970356108069,57.157247388961004,57.47379813503014,1691300
2025-07-14,57.57271957397461,57.760670390324464,57.17702927540587,57.523259230049106,1161300
2025-07-15,56.979183197021484,57.869484467492754,56.86047761881942,57.72109966455344,1359400
2025-07-16,57.6617546081543,57.71121495628773,56.73188345948196,56.998973867701714,1678900
2025-07-17,57.444122314453125,57.77056739188936,56.87037550596562,57.57272223346581,1802500
2025-07-18,57.22649002075195,57.68153499937266,57.078108987934606,57.53315019297293,2130600
2025-07-21,57.384765625,57.513365539508584,56.80112450356244,57.31552038801439,1781500
2025-07-22,59.05655288696289,59.155473575406404,57.305629531719674,57.46390489737871,1766600
2025-07-23,58.977413177490234,59.64019386395371,58.769677468102046,59.34342802574453,2372000
2025-07-24,58.314640045166016,59.412677113950245,58.28496081791333,58.997201894656094,2117400
2025-07-25,58.37398910522461,58.60151348810376,57.51336701378377,58.38388343852326,1593200
2025-07-28,58.047550201416016,58.423455637054964,57.69142965960887,58.06733509524782,1948700
2025-07-29,58.14646911621094,58.26517847556619,57.721103345810974,58.10690310334172,1429700
2025-07-30,57.46390914916992,58.186040794269175,57.21660363618048,57.74089011617165,2321000
2025-07-31,56.642852783203125,57.157248700766914,56.3263020298689,56.385656711212555,3128100
2025-08-01,56.524147033691406,56.751667651155806,55.37664961271559,56.46479612609882,4335600
2025-08-04,56.98908233642578,57.01875779008364,55.90093582811864,56.346086500899624,2445700
2025-08-05,53.71475601196289,58.532266289682575,53.467450501987386,58.166255191521955,5604800
2025-08-06,51.98361587524414,54.29839552978607,51.85501595733001,53.6751846068295,4772600
2025-08-07,53.457557678222656,53.71475373732947,52.20124528791765,52.30016597828586,3077500
2025-08-08,53.47734069824219,53.79389142463383,53.071759844204,53.58615194440368,1729400
2025-08-11,53.08165740966797,53.90271355895469,52.834351886183946,53.5366986672187,2380000
2025-08-12,52.923377990722656,53.34874376057208,52.30016706245309,53.34874376057208,1401300
2025-08-13,54.29839324951172,54.34785359322237,52.725530168586225,53.022296004432434,1982500
2025-08-14,53.06187057495117,53.981847390562876,52.31006347142318,53.87303236043506,2036200
2025-08-15,53.26960372924805,53.32895840833795,52.666181472955294,53.05197745308341,1398800
2025-08-18,52.28038024902344,53.63561708159567,52.28038024902344,53.417987037968686,2579900
2025-08-19,52.567256927490234,53.051977372027594,52.3001665323675,52.567256927490234,3650400
2025-08-20,52.55736541748047,52.98273117532749,52.30016558671685,52.67607099975007,2867800
2025-08-21,52.14188766479492,52.53757795108575,51.86490672854068,52.33973280794034,2560200
2025-08-22,53.15089797973633,53.68507876914051,52.23092121140107,52.42876636750437,2529300
2025-08-25,52.438655853271484,53.2300364614775,52.25070503429288,52.92337628711855,1573000
2025-08-26,52.09243392944336,52.70575055475892,51.934158549568934,52.45844503785621,2593200
2025-08-27,51.7462043762207,52.16167580648871,51.38018951784273,51.815449614598705,1994900
2025-08-28,51.5087890625,52.003400060813675,50.90536304078412,52.003400060813675,2186700
2025-08-29,52.07264709472656,52.11221688161624,51.3208400117355,51.42965503889083,1787800
2025-09-02,50.70231246948242,51.37754919147751,50.27532443092746,51.33782849301326,2450300
2025-09-03,49.79869079589844,50.54343689680634,48.77590357482889,50.54343689680634,3467200
2025-09-04,50.066795349121094,50.096587768557804,49.33198132790688,49.987357735897035,2065000
2025-09-05,50.583152770996094,50.881054235619885,49.96749706752424,50.28525509434678,1549300
2025-09-08,50.60301208496094,50.68245348402707,49.97742811319993,50.47392549344007,2329100
2025-09-09,50.05686569213867,50.7221741509798,50.04693741124898,50.61294412132122,1540800
2025-09-10,49.71924591064453,49.967494593556864,49.34190685198498,49.80861558801194,1772700
2025-09-11,50.76189041137695,50.8711204396344,49.64973735525212,49.73910703401055,1688000
2025-09-12,50.83140182495117,51.03993360925447,49.927776719551886,50.15616506619406,1995100
2025-09-15,49.560367584228516,50.92076932459698,49.42134892596851,50.910841043853125,2200900
2025-09-16,49.381629943847656,49.878127333737105,49.1035926176614,49.6497389889449,1939600
2025-09-17,48.69646453857422,50.29518672791748,48.61702313856922,49.540508579767824,2770500
2025-09-18,48.855342864990234,49.034082224518656,48.2794040869599,48.62695452514267,1922700
2025-09-19,48.3687744140625,49.0142225307728,48.32905371408584,49.0142225307728,5401800
2025-09-22,48.348915100097656,48.83548421530196,48.259545417222355,48.29926611805016,1809900
2025-09-23,48.18010711669922,48.765974187646556,47.85241702150307,48.5077934239209,3014700
2025-09-24,48.37870788574219,48.65674521769142,48.01129708226692,48.100666765818396,2359700
2025-09-25,48.13045883178711,48.36877546085586,47.38571273699184,48.36877546085586,2970100
2025-09-26,49.13338088989258,49.23268263992957,48.160246467376744,48.160246467376744,2172600
2025-09-29,49.25253677368164,49.39155921687925,48.54751142906363,49.27239712270987,1549000
2025-09-30,50.066795349121094,50.1660971006193,48.93478189786307,49.0241515802242,2459800
2025-10-01,50.11644744873047,50.40441305428851,49.4809313995377,50.24553404199032,2044900
2025-10-02,50.12637710571289,50.45406720830852,49.9178491065927,50.08665640455441,1871200
2025-10-03,49.897987365722656,50.47392615254978,49.57029727225734,49.7490366345158,1730400
2025-10-06,49.28233337402344,49.88806081288535,49.13338263765673,49.74903835788828,2290400
2025-10-07,48.19996643066406,49.40148917793826,47.71339733285604,49.40148917793826,2676600
2025-10-08,48.35884475708008,48.58723309348582,47.87227566614657,48.24961472923943,2411400
2025-10-09,47.43536376953125,48.70639594743937,47.345994082773665,48.36877755168569,3323500
2025-10-10,46.76012420654297,47.71339828347333,46.73033557538091,47.663749302211755,2409800
2025-10-13,46.71047592163086,47.37578061399804,46.68068350205021,46.869354936821125,2595200
2025-10-14,47.2466926574707,47.47508099847968,46.31327515563685,46.561523846469356,3437000
2025-10-15,47.21689987182617,48.24961532677804,47.0183001631086,47.266548852011965,3216500
2025-10-16,47.723331451416016,48.09073846678118,47.20697370086183,47.236762332709816,4448200
2025-10-17,47.99143981933594,48.16024711470612,47.5743800395237,47.80276838571692,2315200
2025-10-20,48.3687744140625,48.61702310695501,47.90206944724721,48.060948459179436,2599800
2025-10-21,48.994361877441406,49.530579959883156,48.89506391608897,49.37170094893461,2534600
2025-10-22,49.4014892578125,49.74903590825559,48.984433277280786,49.18302919869147,2691800
2025-10-23,49.35184097290039,50.315043326833226,49.06387157963283,49.51071998505242,2458800
2025-10-24,49.480934143066406,49.76889976459104,49.262474068553196,49.64974144575414,2150400
2025-10-27,49.50078582763672,49.99728319316156,49.31211819240802,49.75896657897523,3032300
2025-10-28,48.746116638183594,49.530583467535145,48.69646765399134,49.41142135990411,1914500
2025-10-29,47.445289611816406,48.59716341081654,47.23676161609493,48.42835611560615,2538700
2025-10-30,46.95872497558594,47.67367865537458,46.92893255577944,47.29634335892138,2524200
2025-10-31,46.670753479003906,46.78991178895577,46.00544881146708,46.53173481939766,3309800
2025-11-03,46.77998352050781,47.03816049013431,46.04516573499884,46.36292375360424,4134300
2025-11-04,47.49494171142578,47.94178632796112,44.51595739865986,46.11467579794571,4952200
2025-11-05,48.547515869140625,48.706394887923025,46.73033732856534,47.544592773321966,3657400
2025-11-06,48.04108810424805,49.123452556667,47.91199772332438,48.66667208293121,2746600
2025-11-07,48.63688659667969,48.78583733722043,48.03115914084354,48.78583733722043,3501800
2025-11-10,46.08488845825195,48.22975707202289,45.73734179388091,47.067954975718635,4715700
2025-11-11,46.919002532958984,47.2963416033807,46.23383751043418,46.23383751043418,3347700
2025-11-12,46.14447021484375,47.33606096116367,46.084889162337916,47.01830292374841,3547800
2025-11-13,47.60416793823242,47.9318580307536,46.23383788216504,46.412577243908515,3626500
2025-11-14,47.26654815673828,47.842486924749956,46.83956011506737,47.47507993121022,4141600
2025-11-17,47.187110900878906,48.19003393010423,47.01829982389582,48.03115492187127,3054800
2025-11-18,47.19704055786133,47.574379633907704,46.968652213615336,47.385711989871744,2377400
2025-11-19,47.23676300048828,47.27648370216348,46.81970699682243,47.107672614031166,2638900
2025-11-20,47.574378967285156,47.74319004682514,47.01830053605999,47.10767021629306,3315100
2025-11-21,49.52064895629883,49.987357718239274,47.75311944797466,47.87227776175592,4251600
2025-11-24,48.487937927246094,49.48093272775845,48.27940614027784,49.13338227479439,6498000
2025-11-25,49.034080505371094,49.322046096315724,48.82554873458285,48.895061850161774,2287500
2025-11-26,49.28233337402344,49.411419971701704,48.607096601650284,48.815624602184016,1501700
2025-11-28,49.18302917480469,49.67952655403906,48.90499185458525,49.38162888409331,1054500
2025-12-01,48.88392639160156,49.54195993764736,48.83407611452719,49.053421897653244,2250200
2025-12-02,48.26577377319336,49.12321221638426,48.11621914116433,49.12321221638426,1951600
2025-12-03,48.63467025756836,49.053420944184836,48.30565539260681,48.4651785581435,1624200
2025-12-04,48.70446014404297,48.80416449700517,48.32559501278312,48.495086707820604,2447600
2025-12-05,48.88392639160156,49.312645620439376,48.28571546004442,48.59479326323727,2783700
2025-12-08,47.56785583496094,48.764281414267316,47.36845093785453,48.764281414267316,2184000
2025-12-09,46.73036193847656,47.39836782515508,46.710421066884265,47.39836782515508,1721800
2025-12-10,47.627681732177734,48.15610151314702,46.51101955597888,46.64062951521098,2770800
2025-12-11,49.06338882446289,49.222911987874454,47.3883937069754,47.607739482915875,4011600
2025-12-12,50.758323669433594,50.88793742532718,49.18303294164527,49.292702023812936,3602700
2025-12-15,51.42633056640625,51.48614937547736,50.47916012168074,50.84805672317073,3597800
2025-12-16,51.60578918457031,51.97468957786651,51.40638808945378,51.57587978096925,3656700
2025-12-17,51.91486740112305,52.23391371997391,51.25683389307663,51.8151668527317,3509100
2025-12-18,52.293739318847656,52.812190567435415,51.6656151787639,51.9846615158437,3701500
2025-12-19,51.8749885559082,52.393439803811965,51.69552451612105,52.054452595695366,5537300
2025-12-22,52.16412353515625,52.24388701800253,51.42633033548916,51.575881160827635,2374400
2025-12-23,52.07439041137695,52.343586455261004,51.665612078812,51.92483958921833,1493300
2025-12-24,52.11427307128906,52.34358737864326,52.00460018443876,52.04448192571745,1208400
2025-12-26,52.50311279296875,52.57290394153462,52.10430296973606,52.17409792163428,965100
2025-12-29,53.00162124633789,53.161144409173666,52.3136783197334,52.39343799948518,1702200
2025-12-30,53.08138656616211,53.320669417029414,52.71248614913214,52.89195018894879,1361600
2025-12-31,52.81218719482422,53.10132030454763,52.75236458419243,52.88197833889526,1361500
2026-01-02,53.19105529785156,53.40043254512318,52.06442459284543,52.90192217193495,2243800
2026-01-05,53.749385833740234,54.12825476501773,52.552960231985914,52.66263311761878,2801800
2026-01-06,54.13822555541992,55.41441469204667,54.09834381292139,54.646708263945385,4932200
2026-01-07,53.37051773071289,54.696557109096695,52.82215709737076,54.17810588017964,2827000
2026-01-08,54.666648864746094,55.06545487776147,52.63272564737113,52.971712850266954,2040100
2026-01-09,55.45429229736328,55.55399665300935,54.427362155868565,55.08539568980351,1711100
2026-01-12,55.30474090576172,55.593874025860586,55.06545425797993,55.44432319891267,1730700
2026-01-13,55.33464813232422,55.33464813232422,54.646705227446226,55.20503437807227,1521000
2026-01-14,55.86307144165039,56.07244868981871,54.905932433829626,55.414415146525386,1703200
2026-01-15,55.723487854003906,56.182116475875254,55.2349498273725,56.0724473906443,1405200
2026-01-16,55.912925720214844,56.04253567985942,55.09536520271855,55.474234154241366,2401000
2026-01-20,55.20503616333008,55.803250876916145,55.105335612731835,55.32468138804662,1869500
2026-01-21,55.753395080566406,55.763367417318314,54.77631526214432,55.54402164876141,1970100
2026-01-22,56.12229919433594,56.680628382829994,55.63375735107129,55.63375735107129,1568500
2026-01-23,57.189109802246094,57.328692096208044,56.10235705211512,56.212029941180155,1736600
2026-01-26,57.039554595947266,57.42839206901543,56.64074858912474,57.358600922738184,1814000
2026-01-27,56.84014892578125,57.199076989422785,56.531074940237175,56.83018039216106,1268500
2026-01-28,56.092384338378906,56.89997249516462,55.723487734908396,56.70056758941518,1584000
2026-01-29,56.40146255493164,56.860091179258134,55.84312957531748,56.521103977944584,1882800
2026-01-30,56.70056915283203,56.780332638664035,55.75339867690485,56.19209024231619,2164600
2026-02-02,56.52110290527344,56.97973532422816,55.82319144816619,56.3416388724938,3617300
2026-02-03,61.58597183227539,62.58299257658291,58.02660807936413,59.28285254372539,5886300
2026-02-04,64.61691284179688,64.85620330033012,62.07451067153262,62.373619941366826,4619800
2026-02-05,65.99280548095703,66.77048044422794,64.38760147454825,65.07554061539157,3976100
2026-02-06,66.27196502685547,66.53119253043202,65.61392773469899,66.38163790888154,3375000
2026-02-09,66.45143127441406,66.48134067839192,65.14532898295457,65.82330336422181,2279100
2026-02-10,67.5581283569336,67.57806542506225,66.08253429547841,66.61095407753169,2216300
2026-02-11,67.13937377929688,68.08654805756612,66.72062688911367,67.36869189915797,2161500
2026-02-12,66.52122497558594,67.94696493774644,66.43148915353962,67.46839163571677,1900400
2026-02-13,67.08952331542969,67.49829784391552,65.62390168029437,66.55113122864543,1853000
2026-02-17,66.35173034667969,67.61794328338526,66.09250283591146,67.25901522437209,1680200
2026-02-18,66.11244201660156,66.82032582043614,65.96289499278505,66.39160660327835,2262600
2026-02-19,65.8332748413086,66.38163926262195,65.09548166172132,66.05262060983394,1467500
2026-02-20,66.331787109375,66.45143233385825,65.60396624542899,66.05262252557849,2157200
2026-02-23,66.93997192382812,66.93997192382812,65.7734594827779,66.08253347827038,1740700
2026-02-24,66.32181549072266,67.49830025422605,66.14235145538605,67.05961630636452,2212500
2026-02-25,65.8332748413086,66.48133981013414,65.02569051779638,66.23208463802156,1595800
2026-02-26,66.43148803710938,66.50127918345491,65.294885021388,66.12241404710261,1705200
2026-02-27,66.93000030517578,67.05961787112722,66.0027707020782,66.55113515803122,2660500
2026-03-02,66.41999816894531,66.81999969482422,65.75,66.56999969482422,2113300
2026-03-03,65.19999694824219,65.51000213623047,64.30000305175781,65.12999725341797,1654900
2026-03-04,64.77999877929688,65.5199966430664,64.13999938964844,65.2699966430664,1656000
2026-03-05,63.220001220703125,64.83999633789062,62.91999816894531,64.3499984741211,2021000
2026-03-06,62.529998779296875,63.47999954223633,61.75,63.47999954223633,2024900
2026-03-09,62.38999938964844,62.689998626708984,60.75,61.790000915527344,1835800
2026-03-10,62.02000045776367,62.97999954223633,61.25,61.77000045776367,1477300
2026-03-11,61.5099983215332,62.0099983215332,61.06999969482422,61.75,1373400
2026-03-12,61.689998626708984,62.310001373291016,60.849998474121094,61.459999084472656,2347000
2026-03-13,62.189998626708984,62.40999984741211,61.439998626708984,62.33000183105469,2025100
2026-03-16,62.099998474121094,62.9900016784668,61.97999954223633,62.540000915527344,1788900
2026-03-17,61.7599983215332,62.540000915527344,61.150001525878906,62.5,1568400
2026-03-18,59.900001525878906,61.43000030517578,59.65999984741211,61.150001525878906,1899600
2026-03-19,58.9900016784668,59.72999954223633,58.77000045776367,59.63999938964844,2085300
2026-03-20,57.060001373291016,59.08000183105469,56.630001068115234,59.029998779296875,4389000
2026-03-23,58.2599983215332,59.189998626708984,57.66999816894531,58.47999954223633,2156900
2026-03-24,59.119998931884766,59.61000061035156,57.400001525878906,57.720001220703125,1370000
2026-03-25,60.75,61.099998474121094,59.060001373291016,59.540000915527344,2571500
2026-03-26,59.63999938964844,61.220001220703125,59.560001373291016,60.2599983215332,2118700
2026-03-27,59.27000045776367,61.13999938964844,59.040000915527344,59.54999923706055,2596500
2026-03-30,58.029998779296875,59.130001068115234,57.47999954223633,59.02000045776367,3683700
2026-03-31,59.11000061035156,59.5099983215332,58.09000015258789,58.529998779296875,2973500
2026-04-01,60.369998931884766,60.939998626708984,59.0,59.16999816894531,3112400
2026-04-02,59.970001220703125,60.529998779296875,59.22999954223633,59.939998626708984,1523100
2026-04-06,59.72999954223633,59.939998626708984,59.189998626708984,59.58000183105469,1168200
2026-04-07,59.2599983215332,59.93000030517578,58.93000030517578,59.61000061035156,1543700
2026-04-08,62.099998474121094,62.20000076293945,60.099998474121094,60.380001068115234,1887400
2026-04-09,62.869998931884766,63.06999969482422,61.29999923706055,61.540000915527344,1882500
2026-04-10,62.290000915527344,63.630001068115234,62.099998474121094,63.22999954223633,1748200
2026-04-13,63.599998474121094,63.81999969482422,61.599998474121094,61.599998474121094,2514400
2026-04-14,63.5099983215332,63.77000045776367,62.7400016784668,63.439998626708984,1887500
2026-04-15,62.7599983215332,63.06999969482422,62.41999816894531,63.06999969482422,2288400
2026-04-16,63.369998931884766,63.70000076293945,62.540000915527344,63.439998626708984,3236600
2026-04-17,64.4800033569336,65.36000061035156,63.68000030517578,63.70000076293945,2469300
2026-04-20,64.02999877929688,64.83999633789062,63.849998474121094,64.29000091552734,2269600
2026-04-21,63.36000061035156,65.06999969482422,63.13999938964844,64.56999969482422,2547600
2026-04-22,62.66999816894531,63.70000076293945,62.18000030517578,63.560001373291016,2803000
2026-04-23,63.119998931884766,64.0,62.939998626708984,63.43000030517578,1598500
2026-04-24,61.31999969482422,62.970001220703125,61.040000915527344,62.970001220703125,2828200
2026-04-27,61.06999969482422,62.09000015258789,61.060001373291016,61.45000076293945,2774900
2026-04-28,61.43000030517578,62.349998474121094,60.86000061035156,61.54999923706055,3818100
2026-04-29,60.290000915527344,61.97999954223633,59.869998931884766,61.06999969482422,2064500
2026-04-30,61.08000183105469,61.33000183105469,59.810001373291016,59.810001373291016,3685100
2026-05-01,61.33000183105469,61.619998931884766,60.75,61.2400016784668,1635300
