Date,close,high,low,open,volume
2010-01-04,2.0012130737304688,2.164023632719267,1.933375246471447,2.1029695720123724,52100
2010-01-05,1.9808621406555176,2.0079972118856837,1.9130243008423198,2.001213444078142,9300
2010-01-06,1.8519703149795532,1.9537269896768905,1.8451865474489157,1.9537269896768905,35900
2010-01-07,1.8180515766143799,1.865537951922183,1.7637812716676773,1.865537951922183,30900
2010-01-08,2.028347969055176,2.13688838648267,1.9605103092490785,2.001212905132737,508000
2010-01-11,2.211509943008423,2.24542877491667,2.001213023439544,2.0690506872560377,177400
2010-01-12,2.2725636959075928,2.3404015171473307,2.170807206654593,2.1979422704553926,183500
2010-01-13,2.2929155826568604,2.3404019531547795,2.2725641192771264,2.279347886491115,399200
2010-01-14,2.2454283237457275,2.3404011957437936,2.238644558727131,2.3064823706508113,184500
2010-01-15,2.2725636959075928,2.2725636959075928,2.191158504505193,2.2250773342561927,152600
2010-01-19,2.238645315170288,2.272564151724519,2.2250777805485953,2.272564151724519,126300
2010-01-20,2.2589964866638184,2.2589964866638184,2.204726351310715,2.2386451859064045,35800
2010-01-21,2.1708076000213623,2.2386452718160617,2.0690509305915454,2.0690509305915454,95300
2010-01-22,2.2522125244140625,2.265780057075649,2.1368884967905775,2.170807328444544,557000
2010-01-25,2.2725636959075928,2.306482687396331,2.2250773342561927,2.306482687396331,281200
2010-01-26,2.2589964866638184,2.2725640205020943,2.136888682119336,2.2725640205020943,82900
2010-01-27,2.1843748092651367,2.252212470963102,2.1368884460765614,2.252212470963102,66400
2010-01-28,2.157240390777588,2.19794299998865,2.1029700834250464,2.191159231786806,147000
2010-01-29,2.116537570953369,2.170807877052693,2.096186266817793,2.170807877052693,36400
2010-02-01,2.0690510272979736,2.1708077014838474,2.0419159573118137,2.157240166490767,34200
2010-02-02,2.089402198791504,2.096185965862732,2.0554833634353624,2.069050897577819,74400
2010-02-03,2.055483102798462,2.0894019338536687,2.035131804165338,2.0826181676426274,18400
2010-02-04,1.9876456260681152,2.041915760818013,1.9808618592243779,2.028348227130538,40600
2010-02-05,1.9401590824127197,1.9944293785084468,1.9198077820284816,1.9672943113294625,173000
2010-02-08,2.0351314544677734,2.055482749603925,1.9537262739231664,1.9537262739231664,73400
2010-02-09,2.1708076000213623,2.2047264359187118,1.980861957258436,2.0486996290531354,441400
2010-02-10,2.360753059387207,2.360753059387207,2.1368885981180297,2.1979424979902356,824100
2010-02-11,2.5235636234283447,2.8084819848682634,2.3946718951586585,2.4353744951161107,1113100
2010-02-12,2.598184585571289,2.6185358818598434,2.3743201646594687,2.503211869558037,304000
2010-02-16,2.6795907020568848,2.77456360708462,2.6117528665405674,2.6863744694347393,365300
2010-02-17,2.7135095596313477,2.781347233927022,2.6117528864500628,2.699942024772213,222500
2010-02-18,2.5642662048339844,2.7677793648866333,2.5099960719500123,2.7135092320026613,647800
2010-02-19,2.5914013385772705,2.7067255356885505,2.50321237035046,2.5642662714305597,267600
2010-02-22,2.645672082901001,2.6863746905178694,2.5778342418017686,2.6185368494186365,116600
2010-02-23,2.645672082901001,2.6728071546455796,2.611753081482492,2.6321045470287117,81500
2010-02-24,2.6253201961517334,2.6795904926716188,2.577833828217373,2.64567165843279,181900
2010-02-25,2.638888120651245,2.6660231903977425,2.5439152148007307,2.6117528891669743,207900
2010-02-26,2.632103681564331,2.6524549786810367,2.53034703424307,2.598184691298756,122900
2010-03-01,2.6253201961517334,2.7067255600626816,2.5914013619129044,2.6795904926716188,392500
2010-03-02,3.154453992843628,3.1815890545195575,2.7202926825532994,2.7202926825532994,1160600
2010-03-03,3.222292423248291,3.296914022570347,3.1205357557137656,3.1544547527171174,741000
2010-03-04,3.3851020336151123,3.6428854442703966,3.256210651762923,3.3036968481899027,1194000
2010-03-05,3.466507911682129,3.547913105776599,3.3647512573262977,3.439372846983972,477800
2010-03-08,3.683588743209839,3.7785618012231748,3.4393731401125835,3.486859345643737,596900
2010-03-09,3.7310750484466553,3.812480244596827,3.629318391521193,3.6903724503715694,624000
2010-03-10,3.7649948596954346,3.8599676091660116,3.6632381806677485,3.8328325378887036,243800
2010-03-11,3.683588743209839,3.927804669782609,3.6496700711840884,3.7378592007069655,508700
2010-03-12,3.6903722286224365,3.7175072923753207,3.5207779184291748,3.656453237193594,359200
2010-03-15,3.7649948596954346,3.792129930972742,3.5818329668358255,3.690373251945056,272800
2010-03-16,3.9006693363189697,3.948155862081856,3.7649940105328548,3.7649940105328548,809200
2010-03-17,3.9685068130493164,4.029560868526768,3.907453081047342,3.927804217222841,347600
2010-03-18,3.887101173400879,3.9956414164286853,3.846398582265451,3.9956414164286853,221400
2010-03-19,3.4597246646881104,3.927805108068789,3.41902205963008,3.8735349679914144,959400
2010-03-22,3.8328325748443604,3.8464001106138306,3.459724855970578,3.4732923917400482,367600
2010-03-23,3.8328325748443604,3.9006702536917115,3.7310758948355502,3.8056975033054203,243700
2010-03-24,3.9820756912231445,4.151670059573114,3.832832789404429,3.832832789404429,684900
2010-03-25,3.7446420192718506,4.063479151424377,3.710723030894255,4.0227765594565295,311600
2010-03-26,3.6428873538970947,3.8667518929054854,3.59540113257751,3.7649955195203058,381200
2010-03-29,3.602184772491455,3.785346699110491,3.5750496962127554,3.6768063939956916,191300
2010-03-30,3.6428873538970947,3.676806360675903,3.568266056544713,3.5818335945611115,251600
2010-03-31,3.5750482082366943,3.663237331174957,3.561480675744307,3.6157508057138563,213700
2010-04-01,3.663238763809204,3.670022370970613,3.554698137946108,3.615752219776873,167700
2010-04-05,3.8056962490081787,3.853182446812841,3.663237008643268,3.697155675150104,325400
2010-04-06,3.927805185317993,3.9888592558435816,3.7717783677891457,3.8124809736476855,604900
2010-04-07,3.934589385986328,4.015994603316247,3.89388645384579,3.89388645384579,388300
2010-04-08,3.9074525833129883,4.056695415666063,3.9006686564683126,4.049911488821387,746400
2010-04-09,3.873534917831421,4.01599419542754,3.805697243613161,4.01599419542754,237800
2010-04-12,3.853182077407837,3.982073774118059,3.839614547410731,3.880317137402049,201100
2010-04-13,3.853182077407837,3.880317137402049,3.7785608241614694,3.846398474146999,169000
2010-04-14,3.8463988304138184,3.907452882793549,3.7989123092878656,3.907452882793549,327100
2010-04-15,4.124532222747803,4.226288840267808,3.819262693663158,3.819262693663158,1560400
2010-04-16,3.887101173400879,4.192370768654304,3.866749716095445,4.124533116761925,784500
2010-04-19,3.615750789642334,3.8735342293273702,3.513994134663979,3.8531827689415037,1016900
2010-04-20,3.5479135513305664,3.7649944196527496,3.466508347013071,3.758210490888528,596500
2010-04-21,3.5818328857421875,3.629319097664593,3.500427350277742,3.5343463503442245,517400
2010-04-22,3.5953991413116455,3.6293178058294124,3.5139936348230303,3.5139936348230303,357000
2010-04-23,3.5953991413116455,3.6632367938226222,3.58183161080945,3.5953991413116455,623600
2010-04-26,3.7310750484466553,3.764994041913641,3.5682646561463116,3.636102319604788,398700
2010-04-27,3.6225357055664062,3.8531838198162043,3.6157517757624476,3.771778603022158,304800
2010-04-28,3.710724353790283,3.7989134962316466,3.6157516053402716,3.622535534824482,435500
2010-04-29,3.8463988304138184,3.8599663616675963,3.710723194400579,3.7310746530189762,315700
2010-04-30,3.7446420192718506,3.934587771930584,3.683587969582357,3.866749795175392,350800
2010-05-03,3.927805185317993,3.9549402558903535,3.6496705502135267,3.6971567619773777,360300
2010-05-04,3.344399929046631,3.83961536454415,3.2358596659706267,3.83961536454415,1125800
2010-05-05,3.317265033721924,3.439373159431962,3.052697967142701,3.1883733029588366,972900
2010-05-06,2.910238742828369,3.391886676813999,2.204726339929099,3.2697788728998822,773800
2010-05-07,2.9848597049713135,3.0798324211342485,2.7949139491699913,3.0255622976125713,567200
2010-05-10,3.0459136962890625,3.222291936502704,2.991643568061936,3.222291936502704,568900
2010-05-11,3.174804449081421,3.174804449081421,2.984859057930815,3.0323452439807754,409600
2010-05-12,3.106968402862549,3.2358601461288594,3.052698263271586,3.168022471640156,416000
2010-05-13,3.1883726119995117,3.242643058040413,3.0594812326442784,3.0662648362272376,399000
2010-05-14,3.0459136962890625,3.1612378805094465,3.0119950278848484,3.1341028163958833,300800
2010-05-17,3.0052106380462646,3.0730486113750834,2.910237928251521,3.039129624710674,407900
2010-05-18,3.03234601020813,3.1476701885707694,2.9848598121591348,3.03234601020813,660600
2010-05-19,3.0798327922821045,3.1612379873746863,2.957724999643231,3.0391301947358134,751900
2010-05-20,3.0187788009643555,3.0730492557013838,2.896671005625912,3.0459138665951206,621000
2010-05-21,3.052699327468872,3.079834406723876,2.910239999642272,2.9373750788972757,345700
2010-05-24,3.073050022125244,3.093401164686178,2.9848608750929864,3.0526985560887314,283300
2010-05-25,3.011996030807495,3.134103859977517,2.95094195448469,2.964509491059137,416300
2010-05-26,3.1815896034240723,3.188373208275672,2.9712926774163626,3.0662654096673103,302900
2010-05-27,3.1883726119995117,3.391885895095415,3.14767002007542,3.2697781193231408,234200
2010-05-28,3.337616443634033,3.337616443634033,3.018778924239243,3.1883732530948303,466300
2010-06-01,3.56148099899292,3.6835888025072046,3.412238128031017,3.4393731954786357,541300
2010-06-02,3.6361031532287598,3.6768057606354483,3.4597248643242073,3.5750490803809423,567500
2010-06-03,3.56148099899292,3.636102596211632,3.452940729202445,3.636102596211632,334900
2010-06-04,3.4190220832824707,3.4936436881428587,3.3783194779428642,3.4936436881428587,368400
2010-06-07,3.2019410133361816,3.4597244890959153,3.1748059446746866,3.4597244890959153,390800
2010-06-08,3.2019410133361816,3.3172652168853007,3.052698135697961,3.2019410133361816,298700
2010-06-09,3.229076385498047,3.344400264858235,3.093400719554333,3.2901301278709623,308300
2010-06-10,3.052699327468872,3.344401591197993,3.03913178784137,3.344401591197993,1013700
2010-06-11,3.1815896034240723,3.2562111976447135,3.0662654096673103,3.215508274633086,362700
2010-06-14,3.1137521266937256,3.378319201488946,3.1137521266937256,3.2629950007261375,241700
2010-06-15,3.4529409408569336,3.5072110790787607,3.2290764589541254,3.2765626681604547,343700
2010-06-16,3.3579673767089844,3.4936430255861652,3.2833461094758007,3.4936430255861652,224400
2010-06-17,3.256211280822754,3.4258056116265325,3.2290762137721902,3.4258056116265325,98500
2010-06-18,3.3308329582214355,3.3918870282419684,3.22229267682987,3.269779211676457,155800
2010-06-21,3.3851020336151123,3.5004262080385526,3.3240483062839314,3.419021022613343,204100
2010-06-22,3.256211280822754,3.4732918172272607,3.256211280822754,3.439373145151814,196400
2010-06-23,3.161237955093384,3.3647512642221327,3.1069678255858473,3.242643472830176,290800
2010-06-24,2.937373638153076,3.188373159887637,2.917022500431626,3.188373159887637,376500
2010-06-25,2.998427629470825,3.106967890762821,2.95094110341783,2.95094110341783,637900
2010-06-28,2.944157361984253,3.0459136904782507,2.9034547658915577,3.0459136904782507,412900
2010-06-29,2.7745628356933594,2.903454541775556,2.727076315512933,2.903454541775556,423000
2010-06-30,2.699941396713257,2.842400641333151,2.699941396713257,2.801698046223963,470300
2010-07-01,2.889887809753418,2.889887809753418,2.530347654072739,2.713509534727847,382200
2010-07-02,2.815265655517578,3.0459137008264547,2.7135090032023923,2.9102383800565272,183600
2010-07-06,2.6931581497192383,2.971292926692288,2.6524555467683824,2.889887720790576,170600
2010-07-07,2.76777982711792,2.8356175045520726,2.577834168564512,2.6863746141969367,130800
2010-07-08,2.699941396713257,2.8695357047392767,2.6592388016040687,2.8152655779270255,164000
2010-07-09,2.760995388031006,2.7881304508171443,2.6795900379348594,2.754211460596739,209500
2010-07-12,2.937373638153076,2.950941171125877,2.713509182364117,2.7813468472281193,242300
2010-07-13,2.8763198852539062,3.0323466928438942,2.781347144300381,3.0323466928438942,385500
2010-07-14,2.8424010276794434,2.8966711618682273,2.8084820320736954,2.8966711618682273,190300
2010-07-15,2.8424010276794434,2.8763196998096756,2.7542118978849115,2.8763196998096756,131900
2010-07-16,2.788130044937134,2.869535221445049,2.7474274566831762,2.855967692027063,138800
2010-07-19,2.849184274673462,2.8627518065156985,2.6795901266455058,2.788130543121135,210200
2010-07-20,3.0866167545318604,3.0866167545318604,2.781346784333652,2.8424008430683925,189300
2010-07-21,3.0187788009643555,3.1137518541475315,2.9170224665867353,3.0662653275559433,96100
2010-07-22,3.2494277954101562,3.44615722009027,2.991644299803263,3.066265906105376,317200
2010-07-23,3.4190220832824707,3.459724688622077,3.174806127769279,3.2426441268108426,185000
2010-07-26,3.4393727779388428,3.5275615746997255,3.357967262003095,3.5275615746997255,120100
2010-07-27,3.4325883388519287,3.4597233989633724,3.317264171640578,3.452939795673228,185300
2010-07-28,3.4122378826141357,3.4461565527463818,3.310481225266405,3.4461565527463818,113500
2010-07-29,3.4258062839508057,3.513995107434688,3.4054548179310924,3.4122387477628564,197400
2010-07-30,3.6428873538970947,3.6632388226595043,3.351185124806711,3.425806745634715,245400
2010-08-02,3.7310750484466553,3.771777646521741,3.622534786913093,3.6700209895962788,231500
2010-08-03,3.7446420192718506,3.7582095499277997,3.5953991820564113,3.6903718966480548,274400
2010-08-04,3.378319501876831,3.5275623891793777,3.249427755650491,3.4665086424752043,876000
2010-08-05,3.4258062839508057,3.45972496268289,3.35796827953548,3.45972496268289,338300
2010-08-06,3.4122378826141357,3.4258054153621336,3.3579674281466483,3.3647513562583957,257600
2010-08-09,3.5072102546691895,3.520777786035444,3.364751013585784,3.385102148897434,633800
2010-08-10,3.6496691703796387,3.7649933384492287,3.4325883643971493,3.5072099419966665,613000
2010-08-11,3.3851020336151123,3.5614802588451866,3.3851020336151123,3.547912727940985,286100
2010-08-12,3.4122378826141357,3.4258054153621336,3.2494271661626666,3.351183823510398,327400
2010-08-13,3.486860513687134,3.554698203938708,3.357968740471332,3.4258067541985286,221500
2010-08-16,3.3308329582214355,3.4868597744595884,3.2969142820243484,3.4868597744595884,343200
2010-08-17,3.391885757446289,3.391885757446289,3.3036966501185816,3.344399240390885,137500
2010-08-18,3.4800758361816406,3.520778437815426,3.3240490348477016,3.364751636481487,349300
2010-08-19,3.371534585952759,3.5750478780158987,3.3579670547135803,3.4393725656241125,294100
2010-08-20,3.5004265308380127,3.5072104586534345,3.2697784841968724,3.3715348136243404,373600
2010-08-23,3.4325883388519287,3.554696109353425,3.3579667618077433,3.527561049241981,166700
2010-08-24,3.4325883388519287,3.4597233989633724,3.317264171640578,3.3783182186290417,310000
2010-08-25,3.466507911682129,3.4936429763802854,3.3851023941121716,3.4122377822858154,112700
2010-08-26,3.4258062839508057,3.493643964890553,3.3918872817431427,3.45972496268289,118000
2010-08-27,3.5072102546691895,3.5411289213470942,3.405453607684548,3.425805066471662,70300
2010-08-30,3.5072102546691895,3.5275613899808396,3.4732912645158214,3.520777786035444,118100
2010-08-31,3.378319501876831,3.500427318760733,3.330832966906425,3.473292248342088,126300
2010-09-01,3.473292350769043,3.4800762803115393,3.3647520658936245,3.4122386022644027,100200
2010-09-02,3.4461569786071777,3.486859581881018,3.4190219097579506,3.459724513031791,83800
2010-09-03,3.6428873538970947,3.683589967946291,3.4461578909215023,3.459725428937901,282300
2010-09-07,3.6496691703796387,3.6768042306930204,3.5953990497528747,3.6225341100662565,62200
2010-09-08,3.683588743209839,3.683588743209839,3.5750484751666143,3.6361025376786853,118300
2010-09-09,3.6293187141418457,3.751426842697144,3.6225351089307316,3.697156383630609,160500
2010-09-10,3.717507839202881,3.7310753730750417,3.5682649666091093,3.6700213089125553,87400
2010-09-13,3.7242913246154785,3.771777853378478,3.6971562577439117,3.724291324615479,125900
2010-09-14,3.6971561908721924,3.7310751855859032,3.6293185249202775,3.7175076523955206,72000
2010-09-15,3.7853457927703857,3.8803185370061404,3.5682652345172325,3.663237978752987,302100
2010-09-16,3.7242913246154785,3.8396155205573956,3.642886124000777,3.7989129202500447,113600
2010-09-17,3.778561592102051,3.8260477950051226,3.7310750657234824,3.7378589938384907,131700
2010-09-20,3.6564531326293945,3.798912374995842,3.6496695286229035,3.798912374995842,93600
2010-09-21,3.6768040657043457,3.710722727836329,3.6496690066085917,3.710722727836329,110400
2010-09-22,3.6293187141418457,3.690372778419495,3.6293187141418457,3.670021315835104,73400
2010-09-23,3.317265033721924,3.6157510959929384,2.883103635634773,3.5546970331379195,645800
2010-09-24,3.344399929046631,3.446156587418135,3.3104812585731294,3.3308323961621302,545700
2010-09-27,3.371534585952759,3.432588638266793,3.324048388353364,3.3783185133100786,208100
2010-09-28,3.303696870803833,3.507210159235367,3.2901293398067613,3.364750922028384,101100
2010-09-29,3.2969138622283936,3.344400067553009,3.188373271181744,3.310481395674785,91600
2010-09-30,3.317265033721924,3.371535168048378,3.276562432977083,3.30369750014031,73400
2010-10-01,3.4325883388519287,3.541128579297703,3.317264171640578,3.3240480984061547,267000
2010-10-04,3.344399929046631,3.473291653187136,3.32404879145763,3.4393729827136346,156700
2010-10-05,3.405454397201538,3.4325894662250134,3.3579678646726867,3.3715353991844244,328900
2010-10-06,3.4800758361816406,3.486859441382843,3.3783191703594158,3.4054542381152726,236000
2010-10-07,3.4597246646881104,3.507211198993588,3.371535525324602,3.4936436639742445,180400
2010-10-08,3.5072102546691895,3.513993858614585,3.3918860763182934,3.446156201783312,99700
2010-10-11,3.541130304336548,3.5614817710719326,3.500427694341368,3.5139952310064277,87500
2010-10-12,3.5072102546691895,3.513993858614585,3.425805066471662,3.513993858614585,71100
2010-10-13,3.5072102546691895,3.5886154428667174,3.48007519193668,3.5411289213470942,58700
2010-10-14,3.5343446731567383,3.547912202049886,3.4529394997978518,3.5343446731567383,211400
2010-10-15,3.5343446731567383,3.5546958047587576,3.4800745575841474,3.5546958047587576,41100
2010-10-18,3.520778179168701,3.520778179168701,3.4190215208218198,3.520778179168701,78300
2010-10-19,3.4936420917510986,3.568263662513758,3.452939505010213,3.4665070339238415,130800
2010-10-20,3.541130304336548,3.5682657011422574,3.486860157676308,3.507211624411693,58000
2010-10-21,3.5953991413116455,3.676804324324818,3.5546962263296162,3.5886152143228265,181200
2010-10-22,3.615750789642334,3.6293183220744156,3.5682645878677937,3.6293183220744156,165300
2010-10-25,3.6361031532287598,3.6632382248332185,3.5750490803809423,3.615751687787631,126100
2010-10-26,3.6225357055664062,3.6225357055664067,3.5818330971693833,3.6157517757624476,172200
2010-10-27,3.615750789642334,3.6361022500282005,3.581832120299875,3.581832120299875,101400
2010-10-28,3.6089670658111572,3.6632371937447044,3.5886156060983376,3.6632371937447044,191400
2010-10-29,3.5953991413116455,3.6632367938226222,3.5886152143228265,3.5953991413116455,298500
2010-11-01,3.6700217723846436,3.6971568435557427,3.5954004884019013,3.622535559573001,428900
2010-11-02,4.0973992347717285,4.3687502438807275,4.056696631926709,4.070264166208382,1743800
2010-11-03,4.151669025421143,4.158452953733594,3.927804566718361,3.961723561329604,982700
2010-11-04,4.334831714630127,4.395885787229679,4.083832141571741,4.1855888214124715,612100
2010-11-05,4.456939220428467,4.47729035939166,4.314479953784028,4.328047487584664,430700
2010-11-08,4.640100479125977,4.748640735277305,4.409452111328926,4.504424835461338,664200
2010-11-09,4.585831165313721,4.7282901150697105,4.579047236361964,4.68758751178578,356700
2010-11-10,4.572263717651367,4.640101719353476,4.477290968134207,4.579047647211804,323900
2010-11-11,4.572263717651367,4.6875879323742735,4.490858503779515,4.5179935750701326,463900
2010-11-12,4.341615200042725,4.5858311419791775,4.307696202407607,4.55191214434406,279900
2010-11-15,4.246641635894775,4.490857206990128,4.239857708293279,4.348397962113436,359300
2010-11-16,4.300912380218506,4.3280474475688955,4.165236719991039,4.226290783267175,212100
2010-11-17,4.192371368408203,4.30091195043909,4.165236303769353,4.30091195043909,196400
2010-11-18,4.321263790130615,4.355182788184604,4.239858582971688,4.253426117498176,315800
2010-11-19,4.151669025421143,4.314479746689397,4.104182821136011,4.29412828522755,273900
2010-11-22,4.287346363067627,4.423021747810804,4.151670654848817,4.151670654848817,106800
2010-11-23,4.314480781555176,4.3416158543625505,4.239859169597103,4.25342670600079,136000
2010-11-24,4.6604509353637695,4.891099269504624,4.3687488777844905,4.3687488777844905,758800
2010-11-26,4.674018859863281,4.782559432812054,4.60618120394246,4.60618120394246,137600
2010-11-29,4.721506118774414,4.782560180384375,4.6740195904693875,4.6740195904693875,283300
2010-11-30,4.6808037757873535,4.748641446035614,4.551912040577895,4.687587381074416,165300
2010-12-01,4.7757768630981445,4.891101072684624,4.721506722934049,4.741857863757809,557300
2010-12-02,4.884317398071289,4.999641613670221,4.748642040587585,4.809696113193036,751200
2010-12-03,4.802911758422852,4.938587427371987,4.7825606183395815,4.931803498360537,1414000
2010-12-06,4.7689924240112305,4.884316289971181,4.6943708325867375,4.884316289971181,308200
2010-12-07,4.701155185699463,4.816479393496764,4.646885046377332,4.809695787819271,180800
2010-12-08,4.599398136138916,4.74185706843822,4.5722627471325525,4.707938398262384,131000
2010-12-09,4.599398136138916,4.646884339080185,4.585830603373482,4.619749273549318,316500
2010-12-10,4.606181621551514,4.646884218794216,4.558695096363951,4.612965549496375,576800
2010-12-13,4.612965106964111,4.7079378247528,4.51120846188136,4.585830044738772,624600
2010-12-14,4.6604509353637695,4.707937452238484,4.585829681886202,4.640099802042772,509600
2010-12-15,4.47050666809082,4.816478935078562,4.45015520604424,4.633317070561401,353700
2010-12-16,4.6604509353637695,4.674018465402912,4.44337045473749,4.44337045473749,233400
2010-12-17,4.511209964752197,4.680804321897201,4.511209964752197,4.680804321897201,87600
2010-12-20,4.687586307525635,4.71472136941048,4.504424478065203,4.5383434671589855,164400
2010-12-21,4.884317398071289,4.93180393492837,4.687587967982134,4.721506969090845,413800
2010-12-22,5.189586639404297,5.277775769941977,5.0539109793135175,5.114965042528144,916400
2010-12-23,5.176018238067627,5.284558489164831,5.155666779249169,5.250639498959223,204000
2010-12-27,5.33882999420166,5.460938131712726,5.257424784844649,5.257424784844649,272900
2010-12-28,5.332046031951904,5.420234841120585,5.318478497966297,5.420234841120585,189700
2010-12-29,5.393099308013916,5.399883236159393,5.311694111121182,5.399883236159393,186500
2010-12-30,5.3591814041137695,5.460938076519359,5.338829940242434,5.413451543136605,122800
2010-12-31,5.257421970367432,5.359178589327683,5.257421970367432,5.359178589327683,114700
2011-01-03,5.325260639190674,5.40666582072425,5.264206914778211,5.264206914778211,231500
2011-01-04,5.230288982391357,5.365964312314083,5.162451317429995,5.318478108578881,211200
2011-01-05,5.209939002990723,5.223506539841912,5.053912167464245,5.2031553963029245,251400
2011-01-06,5.196369171142578,5.291342210631282,5.0946128514375335,5.189585567450786,160600
2011-01-07,5.5016398429870605,5.555909976936423,5.196370177784141,5.237072778246163,666300
2011-01-10,5.630531311035156,5.779774487357557,5.52877433524449,5.5491261185731995,562300
2011-01-11,5.684802055358887,5.93580158771977,5.671234198336175,5.759423328130707,398400
2011-01-12,5.732287883758545,5.874747138365725,5.691585609271344,5.739071811823408,215600
2011-01-13,5.71872091293335,5.874747383222375,5.644098995011628,5.745855979372789,211400
2011-01-14,5.766207218170166,5.800126213549607,5.684802017430122,5.739072151256818,125700
2011-01-18,5.813692569732666,5.82726042467228,5.7255034534779705,5.7255034534779705,436600
2011-01-19,5.684802055358887,5.874747525019631,5.66445091677585,5.786558395225098,243800
2011-01-20,5.196369171142578,5.705152063569607,5.114963985988362,5.650881940133464,740600
2011-01-21,5.488071441650391,5.521990429743524,5.094612732452174,5.216720507331655,443000
2011-01-24,5.678018569946289,5.678018569946289,5.433802947038767,5.467721945291472,231300
2011-01-25,5.745856761932373,5.745856761932373,5.501640483765251,5.6644515515270335,263600
2011-01-26,5.847611427307129,5.9290166142429666,5.705152188431684,5.759422313055575,185900
2011-01-27,5.854396820068359,5.929018098367334,5.76620768374171,5.861180749082197,226200
2011-01-28,5.732287883758545,5.901882203674188,5.671233825076755,5.834044863878524,136900
2011-01-31,5.8001251220703125,5.9222325767264365,5.576260700424696,5.7322871440773175,200200
2011-02-01,5.8001251220703125,5.867962453112403,5.711936009459781,5.820476256687849,205800
2011-02-02,5.732287883758545,5.861179929186988,5.698368890385218,5.745855739888271,116200
2011-02-03,5.71872091293335,5.7933421839040555,5.637315713615029,5.711936984585735,170100
2011-02-04,5.7119364738464355,5.786557738144797,5.664450273561203,5.705152546105415,195600
2011-02-07,6.6413140296936035,6.722719231596619,6.091828108159454,6.295341436392511,1762000
2011-02-08,6.519204616546631,6.688798915439684,6.424232223215103,6.668447780718772,693800
2011-02-09,7.156881809234619,7.258638162015942,6.749855104207099,6.8516121039395355,1308900
2011-02-10,7.333258152008057,7.367176495998411,6.933015482192826,7.238285106762613,769600
2011-02-11,7.726716995239258,7.801338258724717,7.217934065322428,7.217934065322428,1086300
2011-02-14,8.106607437133789,8.262634530058767,7.767418836023999,7.80133782552516,1313000
2011-02-15,8.445796966552734,8.968147780211781,8.276202647357094,8.927444858946394,2394900
2011-02-16,8.852823257446289,8.988498578294504,8.479715639900476,8.520418559630421,1020900
2011-02-17,9.43622875213623,9.456579891311248,8.90031067621972,8.954580811987134,963000
2011-02-18,9.25306510925293,9.82968533287843,9.083470811665858,9.605820911819569,1544700
2011-02-22,8.730713844299316,9.076686346124326,8.50006550974931,9.002065092514387,1080900
2011-02-23,8.466150283813477,8.703582650608562,8.371177854656363,8.472934213596456,791600
2011-02-24,8.825687408447266,8.886741459137436,8.13374236322654,8.405093627743863,806600
2011-02-25,9.239500999450684,9.463365511236294,9.10382563578534,9.192014783905606,614500
2011-02-28,9.409092903137207,9.734714337660611,9.246282509351003,9.497282028175816,662800
2011-03-01,9.402310371398926,9.632958786993528,9.32768909156877,9.605823717332463,786400
2011-03-02,9.266633987426758,9.348039187311866,8.907094192863115,9.06312066423848,575700
2011-03-03,9.524418830871582,9.978931748298772,9.33447333681206,9.368392336774754,906800
2011-03-04,9.531201362609863,9.680444552390194,9.37517424444156,9.510850224396961,651400
2011-03-07,9.280200958251953,9.5922545181625,9.09025486303617,9.531200462339639,493500
2011-03-08,9.470146179199219,9.687226686291162,9.117389708223868,9.409092124841875,534800
2011-03-09,9.069906234741211,9.449797883268836,9.049555092823113,9.449797883268836,417900
2011-03-10,8.554338455200195,8.90031107128783,8.425447038769098,8.90031107128783,1153900
2011-03-11,8.690011978149414,8.730714246739776,8.154094030736434,8.384741728967235,526000
2011-03-14,8.452579498291016,8.500065692797143,8.20836395189408,8.391525449954061,384700
2011-03-15,8.41187858581543,8.439013652984473,7.679231125300261,8.154095771185046,697500
2011-03-16,8.384742736816406,8.737499224072431,8.310121470797311,8.405094520508772,383400
2011-03-17,8.439013481140137,8.628959594406576,8.398311204690913,8.398311204690913,278400
2011-03-18,8.49328327178955,8.764633906339942,8.466147561383567,8.581471742805219,468600
2011-03-21,9.076688766479492,9.151310039987656,8.574689696804127,8.662878827468885,324800
2011-03-22,9.049554824829102,9.259851461307708,9.008851895247146,9.130960037041897,337900
2011-03-23,9.08347225189209,9.300552780198366,8.907093999167737,9.015634263320875,206300
2011-03-24,9.361607551574707,9.44979668463521,8.988499879995983,9.151310288591809,401100
2011-03-25,9.415877342224121,9.531201539151695,9.361607208017148,9.429444552300348,339600
2011-03-28,9.056339263916016,9.49050042015093,8.920663255641452,9.470149277690206,446000
2011-03-29,9.293767929077148,9.293767929077148,8.80533614193844,9.035984503835913,367500
2011-03-30,9.124173164367676,9.42944277343036,9.076686967632632,9.422659493147432,464200
2011-03-31,9.192012786865234,9.239498992093544,9.07668859106703,9.110607586351977,218900
2011-04-01,9.239500999450684,9.293771144916821,9.192014783905606,9.293771144916821,215100
2011-04-04,9.822904586791992,10.134958221286826,9.158095035492757,9.286986458741202,1520400
2011-04-05,10.094254493713379,10.30455109842246,9.89752509884794,9.91109230869158,810000
2011-04-06,10.080683708190918,10.358818869116037,9.721144017952264,10.223142928391264,719000
2011-04-07,10.087471008300781,10.175660140485784,9.748282336951256,10.128173933521186,294400
2011-04-08,9.917876243591309,10.17565970029969,9.822903186819477,10.162091843496134,309400
2011-04-11,9.35482120513916,10.134954696588665,9.266632094870374,10.019631172184285,452800
2011-04-12,8.97492790222168,9.239495179944484,8.832469345314122,9.239495179944484,538900
2011-04-13,9.300551414489746,9.490496848865831,9.069903063557616,9.069903063557616,403800
2011-04-14,9.30733871459961,9.348040998954724,9.042771278486791,9.212365639519103,275500
2011-04-15,9.280200958251953,9.490497542807411,9.19201183839126,9.327687158580419,332900
2011-04-18,9.144527435302734,9.273419509146516,8.913879652808053,9.035987150140265,322200
2011-04-19,8.730713844299316,9.34803694738853,8.662876517458699,9.19201051339933,755000
2011-04-20,8.812119483947754,9.05633568476444,8.744282153571596,8.91387644993834,549800
2011-04-21,8.947795867919922,9.07668791095469,8.805336615958376,8.825688399775009,298900
2011-04-25,8.85960865020752,9.415877881142613,8.825689652649048,9.225932400546666,344800
2011-04-26,9.00885009765625,9.097039221694308,8.81890464039404,8.961363895078444,210400
2011-04-27,8.676445960998535,9.029202480540176,8.635743036839488,8.995283484899476,338600
2011-04-28,8.547555923461914,8.791771566693262,8.418663848765352,8.683231280812663,306500
2011-04-29,8.255851745605469,8.581472537209308,8.221932751408985,8.547554189963828,476000
2011-05-02,8.208366394042969,8.47971708188279,8.106609400889733,8.269419813593625,577900
2011-05-03,8.093040466308594,8.208364645816415,7.9030943783245755,8.160877800344943,521500
2011-05-04,7.8352556228637695,8.364389578939134,7.753850448617622,8.154093040540959,642000
2011-05-05,8.045554161071777,8.16087834832327,7.896311628000063,8.025203024189448,407100
2011-05-06,8.574692726135254,8.805340556723023,8.36439539456988,8.493287495289348,620200
2011-05-09,8.506853103637695,8.554339317591488,8.262637457223866,8.493285891201387,295000
2011-05-10,8.771418571472168,8.798553637208816,8.527202332891338,8.554337398627986,224600
2011-05-11,8.581473350524902,8.812121756579666,8.432230797037404,8.757851619502201,255000
2011-05-12,8.310121536254883,8.547553838928271,8.221932413746224,8.547553838928271,279100
2011-05-13,8.310121536254883,8.47971585332131,8.215148485795332,8.303337608303991,373200
2011-05-16,8.296554565429688,8.506851825685002,8.15409594496934,8.174447084042097,276300
2011-05-17,8.384742736816406,8.533985915805568,8.215148421085848,8.221932348983303,1334700
2011-05-18,8.310121536254883,8.411877867714349,8.154095075090241,8.377959521861845,449500
2011-05-19,9.015634536743164,9.103823665779903,8.30333822294722,8.364392285122733,906400
2011-05-20,9.035985946655273,9.151310146018378,8.83247326255666,9.002067597272868,349100
2011-05-23,8.527201652526855,8.954579388992888,8.479715453014279,8.832471926396128,358700
2011-05-24,8.520418167114258,8.75106587845533,8.500066384711364,8.574688292953443,259100
2011-05-25,8.690011978149414,8.818903357953417,8.439011851721645,8.506849828640107,208700
2011-05-26,8.812119483947754,8.87995746127481,8.513633807000682,8.662876968949666,268300
2011-05-27,9.110608100891113,9.151310379970969,8.730716496756443,8.818905630697547,269300
2011-05-31,9.314119338989258,9.327687194535955,8.981714641506754,9.158092881908027,1317000
2011-06-01,8.744282722473145,9.320902979464348,8.717147659167098,9.300551843722548,608800
2011-06-02,8.608609199523926,8.832474343953018,8.405096490508408,8.717150130470293,314300
2011-06-03,8.432229995727539,8.533986331340177,8.160878689175497,8.418662139271985,178000
2011-06-06,7.977717399597168,8.418662396668273,7.882744342357551,8.418662396668273,376700
2011-06-07,8.120174407958984,8.27620083695198,8.045552509787688,8.242281851142376,288600
2011-06-08,7.5978240966796875,8.126958102706164,7.496067781003745,8.093039762114769,451200
2011-06-09,7.991284370422363,8.208365545196411,7.767419914367098,7.869176896997403,411400
2011-06-10,7.828473091125488,8.018418531535639,7.5774735974172,7.937013342788432,458900
2011-06-13,7.455365180969238,7.977715929076449,7.2043656976927135,7.821688838582396,538600
2011-06-14,7.869178771972656,8.065908208924416,7.61139526028567,7.61139526028567,280700
2011-06-15,7.529989719390869,7.835259432998363,7.475719576836254,7.774205360886638,151900
2011-06-16,7.421448707580566,7.6249620634490105,7.211152069179036,7.496070638004634,289800
2011-06-17,7.116178512573242,7.719934609572765,7.048341163204887,7.536772407680937,354900
2011-06-20,7.5774736404418945,7.624959839076325,7.055122867659422,7.136528703819781,236000
2011-06-21,7.7538533210754395,7.991285005513546,7.631745190995179,7.631745190995179,209900
2011-06-22,7.794552326202393,7.903092553154609,7.6792281733279655,7.6792281733279655,118700
2011-06-23,7.87595796585083,7.903093024206227,7.502851075201823,7.665661425334207,206000
2011-06-24,7.496070384979248,7.9030964360260905,7.441800244839668,7.875961365956301,283100
2011-06-27,7.5978240966796875,7.686013205509247,7.414662599072817,7.468932720360103,187400
2011-06-28,7.455365180969238,7.706364664245763,7.407878984578002,7.6453112604359905,318200
2011-06-29,7.2450714111328125,7.557125065652234,7.238287481328854,7.50285492112287,412800
2011-06-30,6.838044166564941,7.116178798123362,6.525990535485739,7.116178798123362,1819100
2011-07-01,7.231501579284668,7.30612349287435,6.885529017053359,6.885529017053359,480000
2011-07-05,7.6317458152771,7.692799885311494,7.129746690251584,7.238286971667792,498600
2011-07-06,7.373961925506592,7.611394263504984,7.292556718837419,7.57747526565506,317900
2011-07-07,7.428232192993164,7.638529465773911,7.414664981786937,7.46215119143536,260900
2011-07-08,7.061906337738037,7.455365050239901,6.9669339466209,7.333257597810597,399600
2011-07-11,6.885530948638916,7.000855168401047,6.838044733543153,6.980504025781601,261900
2011-07-12,6.8041253089904785,6.966936380696542,6.729504026048908,6.797342026505695,277700
2011-07-13,7.000853061676025,7.129745102365181,6.838042675811692,6.899096732248558,304100
2011-07-14,6.899096965789795,7.061907357165421,6.851610763376317,7.0415562199812145,201600
2011-07-15,6.905881881713867,7.000854300126525,6.858395025556459,6.865178954571957,208900
2011-07-18,6.587042808532715,6.953366480145257,6.566691673151721,6.899096354495319,349100
2011-07-19,6.756639003753662,6.905882214531764,6.546341722795833,6.668449863155289,359400
2011-07-20,6.688799858093262,6.804124049349266,6.64809758291526,6.715934923862263,185500
2011-07-21,6.648096561431885,6.770204015155018,6.559907449495182,6.715933891955648,297000
2011-07-22,6.580259323120117,6.648097308215045,6.519205265924876,6.614178315667581,322700
2011-07-25,6.417448043823242,6.614177396930842,6.356393995108662,6.485286019495193,378300
2011-07-26,6.254639148712158,6.410665623700623,6.146098879685219,6.376746627891946,305300
2011-07-27,6.220720291137695,6.315693352122235,6.051125955276692,6.207152433732311,572400
2011-07-28,6.241071701049805,6.471720111339108,6.227504490006886,6.234287772052807,391400
2011-07-29,6.268205165863037,6.322475290047494,6.071475803956651,6.159664917494122,309500
2011-08-01,6.349608898162842,6.444581917213527,6.180014637183539,6.34282561940625,443900
2011-08-02,6.247854709625244,6.431016236903648,6.180016723551179,6.342827760738738,428300
2011-08-03,6.098613739013672,6.322478268471484,5.8001279153869945,5.847614134680708,662400
2011-08-04,5.684802055358887,5.962936654814162,5.481288728675431,5.820477390830846,725600
2011-08-05,5.542341232299805,5.881529799040548,5.196368738956044,5.766205634592627,607600
2011-08-08,4.897883415222168,5.386315197675492,4.830045757513503,5.33204507150856,927700
2011-08-09,5.488071441650391,5.494855368659195,4.904666981386427,5.067477347892401,810400
2011-08-10,5.616963863372803,5.786558188388475,5.264208003754727,5.291343069879194,537900
2011-08-11,5.908665180206299,6.0036382169669364,5.555908741053262,5.705151899691153,397500
2011-08-12,5.901882648468018,6.023990775034244,5.759423383124433,6.003639636256885,347600
2011-08-15,6.0036396980285645,6.051125904648002,5.91545056648458,6.010422979723453,204100
2011-08-16,5.834044456481934,5.956151918367651,5.759422546881333,5.874746728126858,271100
2011-08-17,5.813692569732666,5.929016748915658,5.698368390549674,5.854395487600576,257400
2011-08-18,5.555910587310791,5.732288865498714,5.433803095985466,5.576262374990928,405800
2011-08-19,5.515207767486572,5.6508831040213945,5.359180968733767,5.433802565565679,454700
2011-08-22,5.508423328399658,5.759422839464124,5.460937126751266,5.684801573023654,292600
2011-08-23,5.834044456481934,5.895097863949321,5.501639120976686,5.542342039572554,396300
2011-08-24,5.935802459716797,5.9425863892247435,5.766208103724888,5.840829387458922,191100
2011-08-25,5.745856761932373,6.0036402516915,5.71872169179726,5.996856322419946,401700
2011-08-26,5.908665180206299,5.935800241144926,5.657665704786277,5.657665704786277,262500
2011-08-29,6.342828750610352,6.437801169594406,5.949369922659342,5.990072203095056,404800
2011-08-30,6.336043834686279,6.478503087924765,6.112179386304514,6.30890876963852,897300
2011-08-31,6.464935302734375,6.6006106294591955,6.376746178625494,6.403881243970458,422900
2011-09-01,5.8408284187316895,6.464935597027066,5.78655828557131,6.464935597027066,303600
2011-09-02,5.786559581756592,5.840829727073445,5.596614073147605,5.664452078269254,236100
2011-09-06,5.766207218170166,5.779775075102353,5.555909964378449,5.623747955137333,286300
2011-09-07,5.854396820068359,5.956153167471605,5.800126681859818,5.854396820068359,116000
2011-09-08,5.8408284187316895,5.95615261343525,5.752639290608319,5.820477280534302,118400
2011-09-09,5.75942325592041,5.867963522937125,5.6983691939857515,5.732288189166231,312600
2011-09-12,5.739071369171143,5.827260486359404,5.637315043850576,5.644098324441259,235000
2011-09-13,5.874747276306152,5.922233479973204,5.671233958238643,5.745855874802299,126500
2011-09-14,5.874747276306152,5.969720330591258,5.732288018353996,5.915450198700055,103800
2011-09-15,5.929018020629883,6.037558295623856,5.895099022956498,5.969720947228158,95500
2011-09-16,5.908665180206299,5.956151375111175,5.813692143445662,5.922232387200171,130200
2011-09-19,5.94258451461792,6.003638567027496,5.711936159715488,5.752638430021257,93800
2011-09-20,5.6576666831970215,5.983287470771903,5.637315545711341,5.9425851958005405,64900
2011-09-21,5.427019119262695,5.671234746727123,5.427019119262695,5.650883606176194,167200
2011-09-22,5.1421003341674805,5.264208465923515,4.999641062769128,5.264208465923515,340500
2011-09-23,5.074263095855713,5.264208915085584,5.019992954211624,5.128533237499802,145800
2011-09-26,5.216721057891846,5.223504662141131,4.945370094935383,5.169234534244934,272700
2011-09-27,5.318478584289551,5.427018857936103,5.230289450213962,5.318478584289551,208300
2011-09-28,4.8775315284729,5.33204425033598,4.789342425295649,5.33204425033598,154700
2011-09-29,4.802911758422852,5.060695238298223,4.714722622127244,5.0064251001087845,234500
2011-09-30,4.612965106964111,4.802910542541488,4.606181179670048,4.680802762527461,148000
2011-10-03,4.565478801727295,4.667235451610836,4.44337101595233,4.592613865232843,350300
2011-10-04,4.701155185699463,4.721506649683035,4.246642607138844,4.517993303749498,253900
2011-10-05,5.060695171356201,5.148884306485257,4.646884887922237,4.694371419947622,217900
2011-10-06,4.999639987945557,5.1081805621141285,4.9521537900050525,5.033558978024884,357900
2011-10-07,4.945370674133301,5.040343409074778,4.830046477109464,5.040343409074778,112900
2011-10-10,4.884317398071289,4.986074077921851,4.660452896485394,4.823263648941406,276500
2011-10-11,4.8775315284729,5.040341881899749,4.796126351759476,4.796126351759476,179200
2011-10-12,5.0064239501953125,5.128531733074905,4.938586293039982,4.952153824471049,270000
2011-10-13,4.687586307525635,4.694370234734572,4.416235688677182,4.51120840527414,422700
2011-10-14,4.931802272796631,4.972504866324025,4.741856512860004,4.755424367511261,107900
2011-10-17,4.585831165313721,4.796128110685132,4.511209564222079,4.735074044021467,298200
2011-10-18,4.653669357299805,4.707939501074053,4.43658845872724,4.490858602501488,340200
2011-10-19,4.450155735015869,4.6468851564566584,4.24664270773689,4.626534015466538,458300
2011-10-20,4.490856647491455,4.538343164359346,4.334829890326021,4.463721587417069,91700
2011-10-21,4.5451273918151855,4.640100438593461,4.456938596200324,4.606181447104723,115300
2011-10-24,4.7147216796875,4.728289211522805,4.48407363848731,4.558694901843752,148500
2011-10-25,4.667234897613525,4.694369957898162,4.5654782598084225,4.674018500946968,168900
2011-10-26,4.640100479125977,4.707938139220556,4.484073699170703,4.680803075182725,145000
2011-10-27,4.721506118774414,4.850397846909049,4.660452057164453,4.850397846909049,408900
2011-10-28,4.843613624572754,4.897883754498983,4.680803234794069,4.680803234794069,659900
2011-10-31,4.667234897613525,4.809694125845583,4.653667367471208,4.789342668894389,264100
2011-11-01,4.646883964538574,4.687586559554221,4.484073584475985,4.517992251917956,167100
2011-11-02,4.592613697052002,4.694370343209229,4.558694707174439,4.694370343209229,220300
2011-11-03,4.612965106964111,4.69437029364013,4.524775992994029,4.640100169189451,245500
2011-11-04,4.504425048828125,4.5858305682731375,4.314479591565915,4.477289983504952,351300
2011-11-07,4.348397254943848,4.48407287362991,4.273776004315703,4.48407287362991,198200
2011-11-08,4.246641635894775,4.368749421442452,4.172020049655681,4.355181889714932,287900
2011-11-09,3.9685068130493164,4.185587647599328,3.887101621396366,4.151668656006193,251900
2011-11-10,3.7989120483398438,4.056695447929891,3.758209457374379,4.002425326642605,619800
2011-11-11,3.914236545562744,3.94137160847848,3.805696293899801,3.8667500237224735,496600
2011-11-14,3.914236545562744,3.9888581303187505,3.8599664197312724,3.900669014104876,326000
2011-11-15,3.9210212230682373,3.9685074305165173,3.87353469214443,3.87353469214443,285500
2011-11-16,4.036345481872559,4.144886088021156,3.9006701285312597,3.9006701285312597,351300
2011-11-17,3.9549403190612793,4.043129461567842,3.8735351060439416,4.009210461072837,169200
2011-11-18,3.961724281311035,4.022778029841127,3.8667512085298887,3.975291816926118,317500
2011-11-21,3.934589385986328,4.002427067094594,3.866751381402484,3.8871028474727534,236300
2011-11-22,3.9752912521362305,4.015993853198654,3.8599670540549385,3.9210211173863327,163500
2011-11-23,3.819265604019165,3.9481573746325362,3.744643984511294,3.9278059062301653,443900
2011-11-25,3.6768040657043457,3.85318194982675,3.663236536156469,3.7717767725394866,63500
2011-11-28,3.710724353790283,3.8192649612087157,3.6089679993316235,3.7582108897530704,199000
2011-11-29,3.6225357055664062,3.737859924429094,3.5954006333017245,3.737859924429094,432100
2011-11-30,4.022777080535889,4.124533735373998,3.76499396468163,3.76499396468163,760900
2011-12-01,3.893885850906372,4.0634801891543955,3.8599671773420847,4.022777586791934,308200
2011-12-02,3.9210212230682373,3.975291359280859,3.866750763380088,3.8938858314863993,262800
2011-12-05,4.063479423522949,4.1177498732562485,3.9820742341362036,4.0092092972651185,141900
2011-12-06,4.090615272521973,4.1109664104313755,3.9481560132541347,4.056696278038961,215000
2011-12-07,4.104183197021484,4.110966802479712,3.961723924167811,4.036345201585994,157700
2011-12-08,3.988858699798584,4.049912438337754,3.921021032824223,4.049912438337754,262400
2011-12-09,4.009209632873535,4.043128626361751,3.9481558974604405,4.00242602826119,160200
2011-12-12,4.049912929534912,4.063480464575334,3.9345890434290975,3.954940184251955,190400
2011-12-13,3.934589385986328,4.090616214273128,3.907454313543022,4.070264748202859,307200
2011-12-14,3.961724281311035,4.022778029841127,3.887102673690296,3.887102673690296,180700
2011-12-15,4.036345481872559,4.063480552540819,3.9345891286043635,4.029561875943273,208400
2011-12-16,4.307695388793945,4.334830452386704,4.002425761637667,4.070263420619566,257400
2011-12-19,4.32804536819458,4.524774673705664,4.280558861408146,4.423018058292085,292700
2011-12-20,4.321263790130615,4.429804389818057,4.294128721077639,4.423020460817043,121300
2011-12-21,4.334831714630127,4.3551831799885,4.266994035894829,4.300913037000262,106300
2011-12-22,4.42980432510376,4.450155464858416,4.287345052919033,4.348398795658534,296000
2011-12-23,4.32804536819458,4.4501531126056575,4.307693915721719,4.436585585448872,123500
2011-12-27,4.341615200042725,4.361966339843367,4.3009125969659046,4.307696202407607,68400
2011-12-28,4.158453464508057,4.355182881075924,4.151669535362349,4.321263882298481,149400
2011-12-29,4.0973992347717285,4.158453300777025,3.988858960518342,4.158453300777025,147600
2011-12-30,4.138102054595947,4.1720210538164215,4.063480450396233,4.077048308864863,189200
2012-01-03,4.4026689529418945,4.477290553823691,4.199155937094543,4.212723471484367,303500
2012-01-04,4.477290630340576,4.511209628632578,4.273777611015188,4.3687503533670355,250700
2012-01-05,4.572263717651367,4.707939397580019,4.389101824701918,4.450155896843589,296800
2012-01-06,4.538344383239746,4.599398446542352,4.531560454661449,4.579046984282977,317300
2012-01-09,4.389100074768066,4.565478291310663,4.368748941151882,4.565478291310663,86000
2012-01-10,4.226289749145508,4.450154161747085,4.172019627723967,4.450154161747085,389400
2012-01-11,4.300912380218506,4.334831052668734,4.192371787341429,4.21272324959198,366700
2012-01-12,4.47050666809082,4.5383443357868956,4.328047404191304,4.328047404191304,183200
2012-01-13,4.450155735015869,4.470507199481544,4.395885594408141,4.450155735015869,67300
2012-01-17,4.612965106964111,4.626532638076782,4.409451816798608,4.4772894723619565,224200
2012-01-18,4.741858005523682,4.76899339989254,4.579047580163901,4.579047580163901,315600
2012-01-19,4.8300461769104,4.931802834046747,4.7418570524938675,4.775776046031148,267800
2012-01-20,5.365964412689209,5.399883407542126,4.748641164779975,4.8232627593710875,567800
2012-01-23,5.264207363128662,5.325261092741047,4.9521538171970425,5.006423942841591,471800
2012-01-24,5.250640392303467,5.29134331686558,5.074262454261557,5.237072858607935,306500
2012-01-25,5.243857383728027,5.4609382710268966,5.189587242772198,5.23028984848907,218800
2012-01-26,5.019991397857666,5.359180001449732,5.013207470517604,5.29134234542641,203500
2012-01-27,5.460938453674316,5.549127597414904,5.019993058446948,5.019993058446948,219600
2012-01-30,5.393099308013916,5.427018301790305,5.264207908004835,5.427018301790305,160100
2012-01-31,5.549125671386719,5.58982794086215,5.393098579861811,5.413450038074981,143100
2012-02-01,5.793342113494873,5.827261107869694,5.596612722462123,5.603396650727289,249100
2012-02-02,5.779775619506836,5.79334283076591,5.637316343055581,5.786558901660829,113700
2012-02-03,5.745856761932373,5.86118097174438,5.73907283266082,5.820478043066159,74400
2012-02-06,5.888314723968506,5.922233068832532,5.637315219659147,5.739071548153144,173400
2012-02-07,5.725506782531738,5.8679661074749525,5.576264173125558,5.8679661074749525,152200
2012-02-08,5.691587448120117,5.806911674678001,5.630533369712861,5.752640879576176,141500
2012-02-09,5.596612453460693,5.7662067702322295,5.583044597582502,5.718720568560512,65600
2012-02-10,5.521990776062012,5.623747099772298,5.37953121122159,5.508422921193478,442400
2012-02-13,5.494856357574463,5.630531687413745,5.4270183691793195,5.549126489510176,348300
2012-02-14,5.3591814041137695,5.6712347034950765,5.34561386935806,5.488073146030777,494300
2012-02-15,5.155667304992676,5.393099290217408,5.148883700345082,5.365964224676039,256500
2012-02-16,5.467721939086914,5.596613355959629,5.087830323599663,5.1353168564044545,318800
2012-02-17,5.399882793426514,5.637315083443318,5.386315261723451,5.515206974640282,254900
2012-02-21,5.332046031951904,5.508423973764793,5.30491096398069,5.386316167894331,187000
2012-02-22,5.386316299438477,5.454153971023237,5.291343559219813,5.325262233274426,204100
2012-02-23,5.481288433074951,5.494856289365962,5.277775440842267,5.393099308036372,189800
2012-02-24,5.75942325592041,5.786558322674589,5.4677214500507425,5.4677214500507425,260700
2012-02-27,5.71872091293335,5.969720439235922,5.6712340614510675,5.725504194329948,317100
2012-02-28,5.847611427307129,5.867962562303359,5.718720043063115,5.725503323427914,147400
2012-02-29,5.847611427307129,5.9290166142429666,5.779774095002723,5.86117928193856,316700
2012-03-01,5.684802055358887,5.929017659208414,5.671234198336175,5.840828529413883,190600
2012-03-02,5.549125671386719,5.745855032387057,5.488071620222664,5.678017053993461,101900
2012-03-05,5.4745049476623535,5.542342940701592,5.427018740705516,5.508423944181973,160500
2012-03-06,5.162450313568115,5.4405851710383715,5.148882783214111,5.393098329586196,253700
2012-03-07,5.257421970367432,5.3456110616980075,5.176016804589381,5.182800406666531,158200
2012-03-08,5.33882999420166,5.372748993171522,5.209938250981952,5.284559854630319,117400
2012-03-09,5.318478584289551,5.427018857936103,5.284559587037238,5.338829723860513,173200
2012-03-12,5.162450313568115,5.311693147462168,5.067477277614643,5.2913420136688805,237000
2012-03-13,5.399882793426514,5.420233929243372,5.182801962702038,5.189585890291305,230100
2012-03-14,5.318478584289551,5.413451323730284,5.2574245186256,5.413451323730284,51900
2012-03-15,5.33882999420166,5.379532598880166,5.230289715058978,5.3184788536001815,87600
2012-03-16,5.264207363128662,5.379531218385596,5.196369382597512,5.345612551595486,181000
2012-03-19,5.379532337188721,5.386316266042902,5.196370463307719,5.277775992180245,98400
2012-03-20,5.230288982391357,5.386315773540243,5.1963699881729255,5.352396779321811,142200
2012-03-21,5.250640392303467,5.318478384256643,5.169235190130277,5.237072858607935,123800
2012-03-22,4.992856025695801,5.203152908059187,4.979288495332854,5.182801450777048,139900
2012-03-23,5.1421003341674805,5.148884263031941,4.931803391502182,4.992857457380199,164900
2012-03-26,5.257421970367432,5.318476006438657,5.155665351407181,5.169232879036856,100500
2012-03-27,5.230288982391357,5.3320456415711535,5.209937521165198,5.257424048375903,116300
2012-03-28,5.311694622039795,5.359181153199249,4.999641013793156,5.196370420277924,303800
2012-03-29,5.481288433074951,5.494856289365962,5.257423979881249,5.318478039288803,164100
2012-03-30,5.420233249664307,5.52877348968023,5.399882116399037,5.51520628315367,142900
2012-04-02,5.454153537750244,5.488072532585897,5.352396876718793,5.352396876718793,205800
2012-04-03,5.420233249664307,5.494855149888401,5.413449646401028,5.433801103141729,96300
2012-04-04,5.243857383728027,5.345614059757983,5.176019707533242,5.345614059757983,100600
2012-04-05,5.176018238067627,5.24385589500338,5.155666779249169,5.203153300841928,84700
2012-04-09,5.1013970375061035,5.1285321023219215,4.952154181019105,5.0810455771564955,69900
2012-04-10,5.128532409667969,5.169235009330948,5.047127210342011,5.074262276783997,202800
2012-04-11,4.911452293395996,5.2031547867360475,4.8775336169795045,5.2031547867360475,140600
2012-04-12,4.979289531707764,5.0199921312683236,4.87074894273743,4.897884009111137,97500
2012-04-13,4.972505569458008,4.979289497742913,4.863965304703559,4.972505569458008,53800
2012-04-16,4.911452293395996,5.013208969596582,4.870749687610873,4.986073899073167,44400
2012-04-17,4.891101360321045,4.95893903951557,4.87753382448214,4.95893903951557,99500
2012-04-18,4.8775315284729,4.93180164628185,4.850396469568426,4.891099057925138,104100
2012-04-19,4.884317398071289,5.019993079030561,4.884317398071289,4.891101327683258,122200
2012-04-20,4.836830139160156,4.918235336053824,4.802911145383379,4.911451407908269,138400
2012-04-23,4.687586307525635,4.8096944094828915,4.667235172849727,4.782559347598046,75300
2012-04-24,4.565478801727295,4.701154119255034,4.545127342360398,4.674019055749486,105800
2012-04-25,4.694370746612549,4.694370746612549,4.551911494445513,4.6197491565546995,102000
2012-04-26,4.762209415435791,4.768993344818552,4.646885203733303,4.674020274313235,30600
2012-04-27,4.741858005523682,4.7893445413247315,4.714722934630385,4.7893445413247315,36800
2012-04-30,4.653669357299805,4.74864210890474,4.538345140041741,4.7215070370176155,392000
2012-05-01,4.674018859863281,4.7486404431139135,4.47728949595517,4.565478610389967,249000
2012-05-02,4.551912784576416,4.633318002179803,4.504426245903316,4.633318002179803,155000
2012-05-03,4.484074115753174,4.545127853772612,4.443371515915046,4.545127853772612,137500
2012-05-04,4.531561374664307,4.579047913926607,4.239859179561674,4.463723692486437,845000
2012-05-07,4.626532554626465,4.741856405266294,4.497640849643236,4.504424453339484,157000
2012-05-08,4.524777412414551,4.585831483311926,4.436588270779577,4.585831483311926,88900
2012-05-09,4.334831714630127,4.4501559302179166,4.280561571641888,4.4501559302179166,188000
2012-05-10,4.416236877441406,4.51799322516266,4.341615275433686,4.341615275433686,88000
2012-05-11,4.382317543029785,4.463722744352041,4.375533614515173,4.375533614515173,85900
2012-05-14,4.32804536819458,4.355180422508153,4.16523471883778,4.321261442878505,180600
2012-05-15,4.42980432510376,4.47729053351498,4.287345052919033,4.287345052919033,196000
2012-05-16,4.443371295928955,4.517992563533358,4.32126317898449,4.456938828536619,317700
2012-05-17,4.368749618530273,4.456938740475372,4.280560496585176,4.456938740475372,275900
2012-05-18,4.348397254943848,4.4026673730281045,4.2534245482963975,4.348397254943848,192000
2012-05-21,4.42980432510376,4.463722999186698,4.334831261330253,4.355182724560442,158200
2012-05-22,4.368749618530273,4.429803675796186,4.307695561264362,4.429803675796186,136000
2012-05-23,4.551912784576416,4.579047857110878,4.117751300549436,4.124534906945262,496000
2012-05-24,4.355181694030762,4.592613650331954,4.226289986672867,4.592613650331954,287200
2012-05-25,4.307695388793945,4.334830452386704,4.266992793404807,4.334830452386704,44000
2012-05-29,4.47050666809082,4.497641735169251,4.34161493773052,4.34161493773052,179700
2012-05-30,4.382317543029785,4.436587677244622,4.30091234170753,4.395885076583495,97000
2012-05-31,4.389100074768066,4.389100074768066,4.158452060757164,4.375532544532131,285800
2012-06-01,4.165236473083496,4.484073980763753,4.083831275857877,4.2873445923974245,244000
2012-06-04,3.9685068130493164,4.17880371989051,3.9210206129895004,4.17880371989051,320900
2012-06-05,3.9752912521362305,4.029561386886128,3.9142371888048357,3.97529125213623,247000
2012-06-06,4.138102054595947,4.233074799547506,4.022777845416994,4.022777845416994,93100
2012-06-07,4.063479423522949,4.287344179549703,4.036344360394034,4.178803603558573,58300
2012-06-08,4.009209632873535,4.043128626361751,3.941371969372599,4.029561093661564,59700
2012-06-11,3.9549403190612793,4.056696997070732,3.9278052480555,4.036345532078617,74800
2012-06-12,3.9549403190612793,4.0024268550591735,3.9074541065389465,3.9820753900670582,67700
2012-06-13,3.9549403190612793,4.009210461072837,3.9345891775447255,3.954940319061279,143200
2012-06-14,3.9956421852111816,4.083831311377044,3.9345884484987015,3.9481559814876417,87000
2012-06-15,4.043128490447998,4.070263554936201,3.826047651066893,3.995641965855901,51100
2012-06-18,3.9685068130493164,4.049912004702266,3.9617232088159757,3.9888582727002926,38600
2012-06-19,4.158453464508057,4.192372139809955,3.94815651312432,4.002426652387794,74000
2012-06-20,4.131319046020508,4.1788052636226585,4.083832504942761,4.158454119929051,16800
2012-06-21,3.934589385986328,4.131318822938087,3.89388645384579,4.131318822938087,51800
2012-06-22,3.9752912521362305,4.015993853198654,3.893885726535865,3.9617237184487557,28200
2012-06-25,3.887101173400879,3.927803764536306,3.866749716095445,3.907452630706312,40400
2012-06-26,3.914236545562744,3.921020473029411,3.839614960806738,3.900669014104876,22400
2012-06-27,3.8463988304138184,3.954939080444041,3.812479840541643,3.8938850280643105,106000
2012-06-28,3.873534917831421,3.887102452675073,3.764994639082205,3.8192647784568132,108400
2012-06-29,3.873534917831421,4.002426660583888,3.8396159189845176,3.975291590896584,51200
2012-07-02,3.8463988304138184,3.9820741429515967,3.8328312991600404,3.887101424175152,83800
2012-07-03,4.070262908935547,4.172019546354022,3.8735335608816968,3.8735335608816968,80200
2012-07-05,4.070262908935547,4.124533029298618,4.022776391880143,4.063478982152446,58100
2012-07-06,4.029561519622803,4.090615584965362,3.9956425225490406,4.043129053757202,37000
2012-07-09,3.9685068130493164,4.029560868526768,3.8938852256297065,4.029560868526768,37600
2012-07-10,3.914236545562744,4.090614777990493,3.8938850866382095,4.015993193234486,85100
2012-07-11,3.9006693363189697,3.9617233946604675,3.887101803740358,3.927804401476193,18300
2012-07-12,3.887101173400879,3.9413712949147817,3.8396146553384933,3.8938847768523965,39700
2012-07-13,3.9210212230682373,4.036345100782294,3.8328320899849637,3.8803182974332437,61200
2012-07-16,3.710724353790283,3.9006701741658687,3.6971568182974246,3.9006701741658687,98500
2012-07-17,3.6971561908721924,3.7039401192051375,3.5139943310642683,3.7039401192051375,163000
2012-07-18,3.8056962490081787,3.8124798529193606,3.6564530812566236,3.6768045399410947,63800
2012-07-19,3.948155403137207,4.07026318215056,3.7921286348824172,3.8328312278868686,123500
2012-07-20,3.887101173400879,3.94815522184174,3.8396146553384933,3.921020161084788,70900
2012-07-23,3.6971561908721924,3.8463993794419125,3.6768050528243714,3.8124803847282016,31000
2012-07-24,3.6225357055664062,3.690373386228112,3.527562629164442,3.6700219202918114,37500
2012-07-25,3.5479135513305664,3.6564538237538944,3.4936434151189024,3.6564538237538944,22000
2012-07-26,3.5139942169189453,3.5886158087798665,3.4868591514196092,3.581832204142781,149200
2012-07-27,3.56148099899292,3.622535062487822,3.480075796650064,3.5139944692218275,22100
2012-07-30,3.4936420917510986,3.6293173808873838,3.48007456283747,3.5614797363192414,113100
2012-07-31,3.5546958446502686,3.595398755261893,3.452939538547433,3.486858199423242,57700
2012-08-01,3.4936420917510986,3.595398720341015,3.4665070339238415,3.5886147941464985,265400
2012-08-02,3.486860513687134,3.554698203938708,3.459725437586504,3.459725437586504,37800
2012-08-03,3.5953991413116455,3.6361017328182315,3.425804848296482,3.527561165325226,133100
2012-08-06,3.737858295440674,3.7853444894712176,3.581831536178668,3.615750199989708,51400
2012-08-07,3.9210212230682373,3.9210212230682373,3.737859351612876,3.737859351612876,58700
2012-08-08,3.8667502403259277,3.9074531604550495,3.8056965070832125,3.880317772543807,58300
2012-08-09,3.9685068130493164,3.995641876933633,3.839615097861073,3.8463990255698906,53000
2012-08-10,3.934589385986328,3.954940528581018,3.832832702586141,3.954940528581018,92800
2012-08-13,4.009209632873535,4.056696159061938,3.941371969372599,3.941371969372599,65900
2012-08-14,3.9956421852111816,4.049912317166942,3.92780452026648,4.009209718200122,45200
2012-08-15,4.192371368408203,4.266992957902784,3.900669261802819,4.009209520358221,124400
2012-08-16,4.233075141906738,4.28734560974385,4.0838322449125135,4.199156463418566,66900
2012-08-17,4.260209083557129,4.294127750468887,4.158452435870923,4.226290093169904,52500
2012-08-20,4.043128490447998,4.246641797585002,3.9820744336117997,4.226290337481108,78700
2012-08-21,4.104183197021484,4.192372008831659,4.029561596127766,4.07026419930374,52800
2012-08-22,4.260209083557129,4.294127750468887,3.975290599425938,4.104182310031737,85800
2012-08-23,4.199156284332275,4.246642820361195,4.172021213308768,4.2330749613738785,44600
2012-08-24,4.233075141906738,4.253426607780102,4.124534853183666,4.131318782966646,111100
2012-08-27,4.226289749145508,4.26020873677169,4.185587158079352,4.239857279500893,119000
2012-08-28,4.280560493469238,4.28734442137184,4.192371371588336,4.212722831820654,126500
2012-08-29,4.192371368408203,4.260209353480815,4.151668771449928,4.253425425583359,218400
2012-08-30,4.158453464508057,4.2262911385874,4.1313183948763195,4.178804604994086,158300
2012-08-31,4.124532222747803,4.1855862579548795,4.083829640434875,4.1855862579548795,60700
2012-09-04,4.205939292907715,4.233074360076757,4.104182952761565,4.151669158569631,102800
2012-09-05,4.1855878829956055,4.233074085726032,4.151668889494876,4.233074085726032,60900
2012-09-06,4.212722301483154,4.266992423969983,4.158452178996326,4.205938374434577,155800
2012-09-07,4.389100074768066,4.484073109895051,4.2195057850811555,4.2195057850811555,271800
2012-09-10,4.334831714630127,4.409453322976738,4.287345501253202,4.3076966431360075,73400
2012-09-11,4.266993522644043,4.361966261449765,4.246642383209153,4.361966261449765,45700
2012-09-12,4.253426551818848,4.307696695466365,4.165237406653845,4.273778017424452,65900
2012-09-13,4.341615200042725,4.355182734401664,4.1245343268241506,4.246642459530145,73700
2012-09-14,4.42980432510376,4.436587930530134,4.280561124017125,4.355182724560442,85000
2012-09-17,4.199156284332275,4.3891017814968265,4.172021213308768,4.3891017814968265,52500
2012-09-18,4.273777961730957,4.3280481046712564,4.083832137964341,4.199156353450261,341100
2012-09-19,4.253426551818848,4.300913089248211,4.1855888722594505,4.294129159554486,227900
2012-09-20,4.280560493469238,4.300911953701557,4.178803839258618,4.239857896480088,22500
2012-09-21,4.579046726226807,4.592614259143274,4.2873446067850205,4.314479672617954,208800
2012-09-24,4.6808037757873535,4.71472244917372,4.321263638258282,4.531560577765653,145000
2012-09-25,4.870748519897461,5.0606942914993205,4.626532943734972,4.687586676037855,151700
2012-09-26,4.86396598815918,5.053911478169478,4.728290314676274,4.86396598815918,118200
2012-09-27,4.911452293395996,5.013208969596582,4.88431722287258,4.88431722287258,84200
2012-09-28,5.060695171356201,5.0946141690136955,4.89788443546598,4.911451969833871,189600
2012-10-01,4.965722560882568,5.060695303946082,4.863965888719603,5.060695303946082,85100
2012-10-02,5.108179569244385,5.223503401452749,5.047125528358769,5.081044188369911,126600
2012-10-03,5.128532409667969,5.155667476109955,5.033559677121018,5.155667476109955,63700
2012-10-04,5.121748924255371,5.176019058405145,5.060694861599118,5.108181390717928,57700
2012-10-05,5.114964962005615,5.257424224946729,5.074262361661799,5.108181357019403,77800
2012-10-08,4.986073017120361,5.101397208183738,4.9046678199493305,5.101397208183738,67400
2012-10-09,5.033559799194336,5.040343404231594,4.81647893891832,5.006424732094273,48400
2012-10-10,4.958938121795654,5.019992183509616,4.8639653884993335,5.019992183509616,40100
2012-10-11,4.979289531707764,5.04034326931085,4.945370537002876,4.972505603376583,17000
2012-10-12,4.999639987945557,5.087829103371439,4.938586258668414,4.9521537900050525,20800
2012-10-15,4.958938121795654,4.999640721779792,4.850397855171288,4.999640721779792,55900
2012-10-16,5.155667304992676,5.25742396251056,4.918235319767944,5.006424444515143,81000
2012-10-17,5.189586639404297,5.216721706727349,5.006424773235935,5.2031541730658235,36300
2012-10-18,5.0539093017578125,5.291341547236368,4.972504126809662,5.169233461338732,125600
2012-10-19,5.074263095855713,5.087830631266735,4.9657228125675354,5.060695560444691,29800
2012-10-22,5.026776313781738,5.087830381876429,4.999641244289774,5.033560242892501,54800
2012-10-23,4.782558917999268,5.006423320178094,4.69436981305748,4.9453692746837135,530300
2012-10-24,4.735073089599609,4.748640621292856,4.660451503549019,4.7079380262131165,34200
2012-10-25,4.8164777755737305,4.843612836119745,4.6468834854234204,4.741856197334472,52600
2012-10-26,4.979289531707764,4.979289531707764,4.707938544495191,4.816478809990017,100900
2012-10-31,4.741858005523682,5.006425431946666,4.714722934630385,5.006425431946666,27900
2012-11-01,4.843613624572754,4.884316222017425,4.72150583223874,4.72150583223874,244600
2012-11-02,4.823264122009277,4.877534270325599,4.714723501901035,4.850399196167438,52500
2012-11-05,4.836830139160156,4.8707488094614355,4.7757760797521565,4.8503976719757675,46000
2012-11-06,4.850398063659668,4.918235733215816,4.775776465410144,4.843614134966291,18600
2012-11-07,4.843613624572754,4.843613624572754,4.707938299757182,4.830046092091196,64800
2012-11-08,4.802911758422852,4.83683075652902,4.768993083792222,4.816479292970211,36100
2012-11-09,4.755426406860352,4.911452920555757,4.748642476625457,4.830047698590606,35100
2012-11-12,4.721506118774414,4.809695246994244,4.6197494572496485,4.768992647079441,56500
2012-11-13,4.633316993713379,4.660452060341748,4.551911793828272,4.626533388794042,46500
2012-11-14,4.572263717651367,4.667236790644093,4.504426039424824,4.667236790644093,60800
2012-11-15,4.450155735015869,4.5383448752412034,4.361966594790535,4.5383448752412034,58500
2012-11-16,4.4026689529418945,4.56547968909531,4.368750278705104,4.423020416264397,52200
2012-11-19,4.287346363067627,4.416238140311462,4.19237327027177,4.395886670862168,1162800
2012-11-20,4.382317543029785,4.416236538651816,4.212723211870662,4.2737772746001115,130800
2012-11-21,4.579046726226807,4.612965720255724,4.334830810254904,4.382317337200288,107500
2012-11-23,4.626532554626465,4.728288874398347,4.389100279224204,4.59939749289057,37900
2012-11-26,4.497641563415527,4.6197493606054705,4.477290102146119,4.58583068979046,63900
2012-11-27,4.640100479125977,4.674019147435527,4.484073699170703,4.5247762952274515,22900
2012-11-28,4.640100479125977,4.646884083397695,4.416236039076123,4.612965415088144,60900
2012-11-29,4.667234897613525,4.680802427755844,4.545126802857228,4.640099837328889,37300
2012-11-30,4.7079386711120605,4.728289809701917,4.524776806425772,4.6604521419432015,93000
2012-12-03,4.721506118774414,4.748641185384283,4.572262928944623,4.714722190384192,126000
2012-12-04,4.585831165313721,4.741857649497687,4.531560704126276,4.741857649497687,57800
2012-12-05,4.456939220428467,4.606182092235462,4.4162366190265585,4.606182092235462,44700
2012-12-06,4.4637227058410645,4.4840741677338025,4.3823175052211365,4.4637227058410645,33200
2012-12-07,4.4026689529418945,4.463723019433868,4.328047675535633,4.463723019433868,225100
2012-12-10,4.477290630340576,4.477290630340576,4.341615284123651,4.41623688628073,46700
2012-12-11,4.477290630340576,4.504425699583961,4.361966424318418,4.504425699583961,30300
2012-12-12,4.443371295928955,4.524776491574936,4.395884770064386,4.524776491574936,27700
2012-12-13,4.389100074768066,4.46372165280343,4.321262423588389,4.45693804942318,23100
2012-12-14,4.5451273918151855,4.579046383303924,4.260209221906786,4.3687494771099855,34900
2012-12-17,4.7079386711120605,4.721506204663804,4.531560411463885,4.531560411463885,60400
2012-12-18,4.7689924240112305,4.802911093949277,4.653668234575786,4.701154437184149,104700
2012-12-19,4.8164777755737305,4.830045305846738,4.748640124208694,4.775775184754709,23100
2012-12-20,5.081045627593994,5.087829555603035,4.762208451105421,4.830046113818363,113100
2012-12-21,5.033559799194336,5.087829933394461,4.918235602281312,5.026775870681562,93100
2012-12-24,4.91823673248291,5.087831102568527,4.850399049143781,5.053912099161169,20000
2012-12-26,4.986073017120361,4.99285694528903,4.802911161747793,4.891100287087492,18100
2012-12-27,4.857182025909424,4.965722628653167,4.762209281549753,4.965722628653167,35500
2012-12-28,4.8300461769104,4.877532703167494,4.687586921614615,4.823262572288242,69500
2012-12-31,4.857182025909424,4.884317095726472,4.748641746641228,4.802911886275326,29800
2013-01-02,5.026776313781738,5.094614310987192,4.9521550344166085,4.97250617479781,183700
2013-01-03,4.986073017120361,5.033559543874546,4.91823535281117,5.033559543874546,69200
2013-01-04,4.992856025695801,5.053909750591339,4.938585904244016,5.026774689865446,93800
2013-01-07,4.911452293395996,5.013208969596582,4.857182152349165,4.945371293288043,36500
2013-01-08,4.687586307525635,4.884315667928489,4.687586307525635,4.877532064195004,59400
2013-01-09,4.735073089599609,4.762208152986102,4.619748908469279,4.721505557906363,73300
2013-01-10,4.646883964538574,4.728289154569868,4.524776179491632,4.728289154569868,361700
2013-01-11,4.6604509353637695,4.707937452238484,4.55191069505063,4.674018465402912,37600
2013-01-14,4.511209964752197,4.640101714999468,4.477290963932971,4.640101714999468,50400
2013-01-15,4.538344383239746,4.5654794506019005,4.456939181153285,4.477290319937141,87000
2013-01-16,4.477290630340576,4.558695838070731,4.409452957232113,4.524777163254271,147700
2013-01-17,4.551912784576416,4.6265343957839775,4.497642639507491,4.497642639507491,59500
2013-01-18,4.646883964538574,4.660451496210457,4.51120864781975,4.579046306179162,142900
2013-01-22,4.5451273918151855,4.674019106606723,4.443371064299924,4.674019106606723,108100
2013-01-23,4.653669357299805,4.653669357299805,4.5451287462757355,4.57226381816286,260400
2013-01-24,4.8164777755737305,4.843612836119745,4.619748424877406,4.66723494257065,175500
2013-01-25,4.755426406860352,4.809696554837118,4.653669717666115,4.687588398413795,106300
2013-01-28,4.701155185699463,4.796128252988738,4.606182441885734,4.762209254174634,57700
2013-01-29,4.802911758422852,4.911452034801728,4.667236412949255,4.687587553032525,140400
2013-01-30,4.7079386711120605,4.816478939526005,4.6604521419432015,4.816478939526005,59200
2013-01-31,4.741858005523682,4.8232635416791325,4.667236722304896,4.707939328644841,39900
2013-02-01,4.7282891273498535,4.789343181259581,4.5926138114120905,4.782559577200427,172400
2013-02-04,4.735073089599609,4.816478279759088,4.721505557906363,4.721505557906363,41700
2013-02-05,4.735073089599609,4.789343216372595,4.72828916201525,4.755424548877214,35300
2013-02-06,4.762209415435791,4.823263485978416,4.728290415473098,4.748641880145825,60400
2013-02-07,4.667234897613525,4.755424005276311,4.633315910520013,4.741856151658558,32700
2013-02-08,4.891101360321045,4.972506575354475,4.667236857241326,4.667236857241326,79800
2013-02-11,4.802911758422852,4.945371032907897,4.7825606183395815,4.918235963813178,45900
2013-02-12,4.86396598815918,4.897884663923244,4.775776848916624,4.809695848156237,19300
2013-02-13,4.8775315284729,4.9250180432934405,4.7622073663911735,4.8775315284729,56000
2013-02-14,4.8300461769104,4.925019229424588,4.674019388894802,4.809695039568429,68700
2013-02-15,4.8300461769104,4.857181242350027,4.748640980591522,4.823262572288242,45200
2013-02-19,4.850398063659668,4.877533131482127,4.7554253262810615,4.850398063659668,57600
2013-02-20,4.850398063659668,4.88431673669998,4.782560394103521,4.850398063659668,358500
2013-02-21,4.938586235046387,4.972504901488013,4.836829588770583,4.877532182585812,158900
2013-02-22,4.8300461769104,5.0199919584632795,4.7893435787509615,4.958937899486373,126600
2013-02-25,4.809694766998291,4.830045903186944,4.694370583677667,4.816478371236016,97900
2013-02-26,4.809694766998291,4.830045903186944,4.721505647579523,4.796127235047364,74800
2013-02-27,4.796128273010254,4.918236086994789,4.735074204280212,4.796128273010254,90500
2013-02-28,4.931802272796631,4.952153731298058,4.755424367511261,4.775775502537228,56600
2013-03-01,4.802911758422852,4.945371032907897,4.775776689328132,4.891100894718458,65600
2013-03-04,4.843613624572754,4.863965085032834,4.714721904260216,4.789343494646525,41600
2013-03-05,4.857182025909424,4.884317095726472,4.796128280558838,4.843614491000899,19600
2013-03-06,4.8164777755737305,4.8368292327209605,4.6808024728436575,4.8368292327209605,76700
2013-03-07,4.884317398071289,4.918236399179999,4.796128577444666,4.830047255077807,29600
2013-03-08,4.952155113220215,4.979290183143979,4.802911905163962,4.8843171149352544,40600
2013-03-11,4.884317398071289,4.94537147067674,4.809696113193036,4.93180393492837,27000
2013-03-12,4.755426406860352,4.850399165819693,4.7079398656428815,4.850399165819693,48800
2013-03-13,4.796128273010254,4.823263342784595,4.714722740211683,4.735074204280212,27200
2013-03-14,4.782558917999268,4.816477580570814,4.714720945905324,4.816477580570814,24500
2013-03-15,4.6604509353637695,4.762207572395054,4.646883405324627,4.762207572395054,43700
2013-03-18,4.7147216796875,4.748640671013501,4.626532884495753,4.633316488675668,15500
2013-03-19,4.667234897613525,4.70793748804048,4.57904578995074,4.680802427755844,48400
2013-03-20,4.7689924240112305,4.775776028608642,4.606181708491928,4.653668234575786,41200
2013-03-21,4.8164777755737305,4.830045305846738,4.707937533389672,4.741856197334472,72100
2013-03-22,4.7689924240112305,4.8911002180440875,4.7486409632680076,4.850397620033135,23700
2013-03-25,4.789343357086182,4.8436134854536546,4.694370632443105,4.755424688594252,23500
2013-03-26,4.721506118774414,4.775776251994153,4.6468845238595184,4.775776251994153,67000
2013-03-27,4.674018859863281,4.701153922231609,4.585830068903943,4.701153922231609,23300
2013-03-28,4.687586307525635,4.71472136941048,4.5451270708924705,4.667235172849727,60600
2013-04-01,4.572263717651367,4.714723003664891,4.443372290758718,4.680804326289402,98900
2013-04-02,4.653669357299805,4.6604529635338,4.517993674388611,4.612966749469119,34000
2013-04-03,4.592613697052002,4.633316290819801,4.531559644662574,4.626532686929565,35500
2013-04-04,4.484074115753174,4.5993983103656255,4.470506582473798,4.572262920331364,26900
2013-04-05,4.456939220428467,4.517992960793568,4.423020224189116,4.423020224189116,54400
2013-04-08,4.436585903167725,4.5315586000665435,4.409450846910919,4.477288487552933,170900
2013-04-09,4.619750499725342,4.619750499725342,4.409453524306267,4.4637236697724045,259600
2013-04-10,4.667234897613525,4.667234897613525,4.599397246901935,4.640099837328889,39200
2013-04-11,4.6808037757873535,4.71472244917372,4.558695645864957,4.667236241737702,80000
2013-04-12,4.646883964538574,4.687586559554221,4.565478774507279,4.565478774507279,66600
2013-04-15,4.443371295928955,4.6808032783008136,4.328047107026069,4.599398082654832,247400
2013-04-16,4.551912784576416,4.5586963909722416,4.382318419498235,4.450156100834391,176600
2013-04-17,4.5451273918151855,4.5451273918151855,4.307695421820448,4.361965549422047,142500
2013-04-18,4.484074115753174,4.5993983103656255,4.436587587537603,4.572262920331364,91600
2013-04-19,4.375533580780029,4.477290243386068,4.341614908895025,4.443371571501063,42900
2013-04-22,4.32804536819458,4.382315476821725,4.287342786724221,4.382315476821725,17900
2013-04-23,4.307695388793945,4.3551819118190105,4.239857729812047,4.3551819118190105,287700
2013-04-24,4.42980432510376,4.470506928088606,4.321263727001971,4.334831261330253,73400
2013-04-25,4.355181694030762,4.450154411856147,4.280560111144516,4.450154411856147,54700
2013-04-26,4.307695388793945,4.334830452386704,4.158452539033769,4.334830452386704,40000
2013-04-29,4.273777961730957,4.3416156404063315,4.233075031050165,4.287345497466032,88200
2013-04-30,4.266993522644043,4.3212636591044555,4.144885715608115,4.266993522644043,127300
2013-05-01,4.192371368408203,4.239857893263934,3.98207445571937,4.239857893263934,228900
2013-05-02,4.158453464508057,4.314480276628319,4.138102000546481,4.2195072094416926,303300
2013-05-03,4.212722301483154,4.395884126613924,4.131317117752911,4.192370843812871,348000
2013-05-06,4.273777961730957,4.3416156404063315,4.260210425995882,4.314480568936181,206100
2013-05-07,4.287346363067627,4.300913901541945,4.083832962477229,4.260211286118992,143200
2013-05-08,4.280560493469238,4.300911953701557,4.192371371588336,4.294128025798955,41700
2013-05-09,4.321263790130615,4.3483988591835905,4.233074653970675,4.260210046499189,30600
2013-05-10,4.355181694030762,4.375532828969901,4.2873440384412005,4.314479100677025,38600
2013-05-13,4.294127941131592,4.355181997149257,4.205938820989515,4.355181997149257,92100
2013-05-14,4.375533580780029,4.395885042691442,4.219506784377574,4.321263446983612,91200
2013-05-15,4.423019886016846,4.443371346899542,4.287344558383858,4.3551822222003524,59200
2013-05-16,4.409453868865967,4.456940411597281,4.328048644305664,4.395886331439249,44200
2013-05-17,4.42980432510376,4.436587930530134,4.348398795658534,4.42980432510376,24700
2013-05-20,4.531561374664307,4.572263983971029,4.429805013135294,4.429805013135294,46300
2013-05-21,4.300912380218506,4.558695520047208,4.294128451643149,4.558695520047208,34300
2013-05-22,4.341615200042725,4.375533874202307,4.246642459530145,4.3009125969659046,119800
2013-05-23,4.287346363067627,4.3076975090412875,4.17202212429811,4.29412997056697,98000
2013-05-24,4.341615200042725,4.382317803119544,4.199155927536088,4.294128668048668,68200
2013-05-28,4.551912784576416,4.619750465912572,4.3076968082906735,4.395885955765467,144700
2013-05-29,4.511209964752197,4.558696177728437,4.450155892667816,4.558696177728437,63500
2013-05-30,4.5451273918151855,4.565478851403523,4.4840736600011235,4.504424796113986,122200
2013-05-31,4.667234897613525,4.687586031089285,4.450154091861001,4.51120813923915,266400
2013-06-03,4.748640060424805,4.796126577480209,4.585829699335591,4.701153543369401,312800
2013-06-04,4.6808037757873535,4.72150637793631,4.606182176776503,4.606182176776503,98100
2013-06-05,4.606181621551514,4.796127398826277,4.5722626287781845,4.667235679153311,100400
2013-06-06,4.599398136138916,4.626533201669783,4.538344076956717,4.592614208018451,56500
2013-06-07,4.5451273918151855,4.579046383303924,4.531559859914785,4.579046383303924,70100
2013-06-10,4.653669357299805,4.674020499477362,4.456939924380369,4.531561210332174,142000
2013-06-11,4.592613697052002,4.619748759563867,4.484073447004539,4.612965155673631,87000
2013-06-12,4.551912784576416,4.721507149654596,4.490858709636085,4.490858709636085,245300
2013-06-13,4.5451273918151855,4.579046383303924,4.511208723801923,4.5247762557023234,79200
2013-06-14,4.490856647491455,4.538343164359346,4.450154057379876,4.538343164359346,71200
2013-06-17,4.592613697052002,4.612965155673631,4.497640978260471,4.497640978260471,146000
2013-06-18,4.640100479125977,4.741856807530107,4.558694963537001,4.558694963537001,115600
2013-06-19,4.748640060424805,4.782559047389441,4.5993972294263585,4.633315892915562,103700
2013-06-20,4.653669357299805,4.768993574557869,4.619750355703114,4.707939501074053,120500
2013-06-21,4.490856647491455,4.701153524805661,4.490856647491455,4.667234861450394,561600
2013-06-24,4.504425048828125,4.5993981009347245,4.328047124227501,4.40945232019702,122300
2013-06-25,4.443371295928955,4.511208958967273,4.389100842022808,4.49764142635961,99300
2013-06-26,4.348397254943848,4.456937814587781,4.328046122399961,4.450153888089539,56800
2013-06-27,4.368749618530273,4.402668287641513,4.246641827473937,4.3416145538510875,330000
2013-06-28,4.423019886016846,4.4298038141362435,4.266993097501162,4.348398294080955,106600
2013-07-01,4.477290630340576,4.511209628632578,4.341615284123651,4.409452957232113,210400
2013-07-02,4.484074115753174,4.531560320493236,4.443371515915046,4.477290187375732,105000
2013-07-03,4.4637227058410645,4.4840741677338025,4.429804033987184,4.4637227058410645,15300
2013-07-05,4.490856647491455,4.51120810428496,4.463721587417069,4.497640574247767,65900
2013-07-08,4.626532554626465,4.660451220058608,4.477289391603589,4.477289391603589,43100
2013-07-09,4.667234897613525,4.70793748804048,4.640099837328889,4.667234897613525,142100
2013-07-10,4.667234897613525,4.694369957898162,4.619748380377695,4.687586031089285,32300
2013-07-11,4.667234897613525,4.694369957898162,4.626532307186571,4.674018500946968,43500
2013-07-12,4.653669357299805,4.674020499477362,4.606182819759551,4.646885427590238,33700
2013-07-15,4.674018859863281,4.694370318377257,4.599397600088107,4.646883797494953,24900
2013-07-16,4.5451273918151855,4.592613915204323,4.219506302730109,4.382317009010386,179300
2013-07-17,4.5451273918151855,4.606181447104723,4.497641191901524,4.5247762557023234,137200
2013-07-18,4.592613697052002,4.599397624417699,4.490857050894775,4.53834357202827,89500
2013-07-19,4.599398136138916,4.61296566890435,4.497641478660417,4.565479142487584,38000
2013-07-22,4.646883964538574,4.667235423784133,4.558694846933603,4.579046306179162,70900
2013-07-23,4.7282891273498535,4.748640586478253,4.619748874599643,4.626532802134266,44900
2013-07-24,4.721506118774414,4.775776251994153,4.714722190384192,4.714722190384192,22600
2013-07-25,4.626532554626465,4.735072801570046,4.606181096586818,4.714721343530399,23200
2013-07-26,4.653669357299805,4.680804429186929,4.538345140041741,4.606182819759551,25000
2013-07-29,4.721506118774414,4.748641185384283,4.53834425742004,4.6197494572496485,53600
2013-07-30,4.701155185699463,4.728290255360529,4.490858234088432,4.558695908241097,47400
2013-07-31,4.694370746612549,4.721505811456224,4.633316688976537,4.694370746612549,42500
2013-08-01,4.7079386711120605,4.782560267384405,4.674019675494945,4.735073738215546,68700
2013-08-02,4.646883964538574,4.789343208831075,4.579046306179162,4.65366789211225,27500
2013-08-05,4.7079386711120605,4.735073738215546,4.545127945015628,4.619749541287972,21700
2013-08-06,4.633316993713379,4.6943710553649645,4.585830788851489,4.660452060341748,28500
2013-08-07,4.640100479125977,4.667235543163809,4.612965415088144,4.619749019359863,8500
2013-08-08,4.6808037757873535,4.6808037757873535,4.579047108677199,4.646884778925459,17300
2013-08-09,4.7079386711120605,4.7079386711120605,4.612965936249859,4.646884608391459,25200
2013-08-12,4.701155185699463,4.707939114852502,4.612966371038773,4.674020116038397,46000
2013-08-13,4.646883964538574,4.7215055504716625,4.606181369522927,4.701154091226104,75800
2013-08-14,4.701155185699463,4.707939114852502,4.640101440699839,4.674020116038397,7900
2013-08-15,4.701155185699463,4.721506649683035,4.5247772329025375,4.660452581207865,41800
2013-08-16,4.674018859863281,4.721505380745586,4.653667724824764,4.701153922231609,12100
2013-08-19,4.606181621551514,4.687586816036918,4.565479024308812,4.653668146739077,30100
2013-08-20,4.6604509353637695,4.694369922199342,4.565478225089772,4.612964741964487,59500
2013-08-21,4.653669357299805,4.701155571364486,4.57226381816286,4.680804429186929,30300
2013-08-22,4.667234897613525,4.70793748804048,4.497640609096831,4.653667367471208,37700
2013-08-23,4.6604509353637695,4.6604509353637695,4.538343165011487,4.6604509353637695,15800
2013-08-26,4.674018859863281,4.721505380745586,4.579046141574131,4.646883797494953,16100
2013-08-27,4.619750499725342,4.674020645191479,4.490858742505473,4.490858742505473,24900
2013-08-28,4.612965106964111,4.66723523141479,4.551911055219369,4.599397575851442,20400
2013-08-29,4.6604509353637695,4.6875859954420545,4.579045755128915,4.592613285168057,11800
2013-08-30,4.646883964538574,4.660451496210457,4.572262378605486,4.646883964538574,8000
2013-09-03,4.6808037757873535,4.6808037757873535,4.5993985714894405,4.619749710826155,121200
2013-09-04,4.606181621551514,4.674019283622683,4.599398017082141,4.660451751208449,22700
2013-09-05,4.640100479125977,4.660451615416611,4.558694963537001,4.619749019359863,30200
2013-09-06,4.640100479125977,4.653668011144893,4.517992367480254,4.653668011144893,20100
2013-09-09,4.667234897613525,4.667234897613525,4.57904578995074,4.633315910520013,88200
2013-09-10,4.674018859863281,4.687586391047446,4.612965131272271,4.6672352560089285,14900
2013-09-11,4.721506118774414,4.741857256994061,4.606181923944714,4.6536684522497405,25700
2013-09-12,4.701155185699463,4.728290255360529,4.626533905869306,4.721506649683035,38100
2013-09-13,5.20315408706665,5.318478283021272,4.633317035749939,4.707938631392726,200900
2013-09-16,4.843613624572754,5.270991382955038,4.809694955106606,5.270991382955038,157900
2013-09-17,4.857182025909424,4.877533490009984,4.7689932107417885,4.857182025909424,205200
2013-09-18,4.850398063659668,5.0335599331990295,4.836830529748439,4.836830529748439,45200
2013-09-19,4.802911758422852,4.911452034801728,4.7825606183395815,4.84361436206493,23700
2013-09-20,4.931802272796631,4.931802272796631,4.748640440185632,4.789343033713026,144600
2013-09-23,4.836830139160156,4.945370401685047,4.830046211014602,4.891100270422601,19000
2013-09-24,4.8300461769104,4.863965170447681,4.7893435787509615,4.7893435787509615,23500
2013-09-25,4.8164777755737305,4.843612836119745,4.782559111628931,4.782559111628931,12200
2013-09-26,4.8164777755737305,4.8164777755737305,4.768991581355923,4.809694172174946,30900
2013-09-27,4.8164777755737305,4.857180366392752,4.768991581355923,4.789342715027716,23900
2013-09-30,4.809694766998291,4.816478371236016,4.748640711481378,4.762208243432306,14800
2013-10-01,5.033559799194336,5.087829933394461,4.775776338268226,4.809695333881062,94300
2013-10-02,5.0539093017578125,5.081044360073863,4.938585465652305,5.026774243441762,42700
2013-10-03,5.0064239501953125,5.0539101484663105,4.9589374284488486,5.0539101484663105,12100
2013-10-04,5.067477703094482,5.10139669356515,5.01320757712179,5.01999150460611,27300
2013-10-07,5.067477703094482,5.0878291620719756,4.97250498264227,5.01320757712179,33700
2013-10-08,4.958938121795654,5.060694783493753,4.918235521811517,5.047127250165707,13000
2013-10-09,5.040341854095459,5.087828368654046,4.8436125163855355,5.006423192389682,41700
2013-10-10,5.0539093017578125,5.087828286390581,5.00642311144243,5.087828286390581,9400
2013-10-11,5.074263095855713,5.11496570208878,4.979290347978557,5.067479166412422,22900
2013-10-14,5.074263095855713,5.087830631266735,5.0539116310014,5.074263095855713,14200
2013-10-15,5.060695171356201,5.087830240091982,5.060695171356201,5.074262705724092,9000
2013-10-16,5.108179569244385,5.108179569244385,4.99285541356062,5.08782811445738,37400
2013-10-17,5.155667304992676,5.2235049688460995,4.972505450850683,5.087829641139252,45000
2013-10-18,5.284560203552246,5.3591818121276305,5.1421009160335895,5.189587453031664,39700
2013-10-21,5.311694622039795,5.325262156160277,5.155667817916475,5.264208414355869,19800
2013-10-22,5.318478584289551,5.359181186907008,5.270992052831419,5.325262189654695,14600
2013-10-23,5.291344165802002,5.393100523106387,5.209938627092694,5.291344165802002,16400
2013-10-24,5.304909706115723,5.325260840530844,5.087828890343249,5.087828890343249,10000
2013-10-25,5.379532337188721,5.386316266042902,5.243856994860399,5.3252622002573915,22700
2013-10-28,5.298125267028809,5.359179311325337,5.277774134580244,5.352395384858871,21400
2013-10-29,5.284560203552246,5.311695275129555,5.1081822382997375,5.277776597395703,22300
2013-10-30,5.304909706115723,5.345612298421415,5.176018002076639,5.223504198028889,36900
2013-10-31,5.427019119262695,5.5084243284175045,5.332046375248751,5.332046375248751,105400
2013-11-01,5.603396892547607,5.616964102712438,5.304910828984429,5.352397034987889,85200
2013-11-04,5.623748302459717,5.698369579342272,5.501640170332746,5.501640170332746,51300
2013-11-05,6.112178802490234,6.227502979665592,5.528773989261742,5.596611968876982,166400
2013-11-06,6.166451454162598,6.52599134076596,6.098613446750106,6.098613446750106,296500
2013-11-07,6.268205165863037,6.274989093123822,6.023989607032979,6.125745928141108,99800
2013-11-08,6.980501174926758,7.041555224801626,6.268205004638131,6.274988931724426,243800
2013-11-11,7.12296199798584,7.150097065433459,6.770205474215757,7.000853870996036,256500
2013-11-12,6.810908794403076,7.156881409665694,6.804124865409437,7.082259484637829,102700
2013-11-13,6.61417818069458,6.776988565258832,6.207151572332992,6.736286292593249,105900
2013-11-14,6.458152770996094,6.661665461222833,6.342828568160373,6.5802602557419245,50300
2013-11-15,6.661665916442871,6.6955849161155125,6.302126072595533,6.424234212636598,37500
2013-11-18,6.688799858093262,6.783772911760265,6.6616647923242605,6.7091516426332625,56100
2013-11-19,6.478503227233887,6.7634217398375425,6.464935370942762,6.682016542943783,52500
2013-11-20,6.376745223999023,6.620961422494465,6.336042955550378,6.512421177363554,69200
2013-11-21,6.437800407409668,6.478503329977561,6.24107101672537,6.383530275286483,125600
2013-11-22,6.369962215423584,6.4717185378336515,6.322475370941422,6.322475370941422,40500
2013-11-25,6.336043834686279,6.403881173830189,6.105395458304828,6.403881173830189,45300
2013-11-26,6.329260349273682,6.437800617054632,6.274990215383206,6.295341353854377,45300
2013-11-27,6.648096561431885,6.702366684631255,6.3428269566977,6.369962018297386,544100
2013-11-29,6.444584846496582,6.709152246781454,6.3496117842774105,6.709152246781454,34100
2013-12-02,6.702367305755615,6.729502369869972,6.383529817198709,6.383529817198709,59500
2013-12-03,6.6684465408325195,6.783770694393269,6.654879335858143,6.702365523694644,69400
2013-12-04,6.512422561645508,6.648097896898324,6.512422561645508,6.648097896898324,24500
2013-12-05,6.5734758377075195,6.587043694420201,6.247855040015352,6.485287356879153,61000
2013-12-06,6.587042808532715,6.587042808532715,6.444583566963897,6.553123818263772,40300
2013-12-09,6.539559364318848,6.600612796173144,6.376748271853782,6.539559364318848,102000
2013-12-10,6.661665916442871,6.729503915788154,6.45815321230924,6.546341705726555,41000
2013-12-11,6.437800407409668,6.682016648915009,6.36996306573119,6.654881582853416,53300
2013-12-12,6.546341896057129,6.7227201819220594,6.4106665403730005,6.4106665403730005,63800
2013-12-13,6.5734758377075195,6.634529899012555,6.478503428522812,6.634529899012555,41300
2013-12-16,6.695582866668701,6.8109070420855105,6.492069577877217,6.559907556458016,61400
2013-12-17,6.6684465408325195,6.804121825330228,6.634527557970396,6.634527557970396,98200
2013-12-18,6.7769904136657715,6.783774343277321,6.55312591209371,6.55312591209371,52300
2013-12-19,6.6413140296936035,6.756638227460634,6.593827823654603,6.749854298897624,20100
2013-12-20,6.783771514892578,6.817690501857214,6.471717999329485,6.634528360418699,156700
2013-12-23,6.7769904136657715,6.804125485160835,6.7159363410640935,6.7702064840542215,28000
2013-12-24,6.756639003753662,6.763422933096101,6.675233792497728,6.7362878626774565,35600
2013-12-26,6.722719669342041,6.7702058784730745,6.593828253007347,6.722719669342041,34900
2013-12-27,6.817691802978516,6.844826868338639,6.587043423941976,6.702367613460246,33600
2013-12-30,6.722719669342041,6.783773736482557,6.668449531206267,6.783773736482557,34400
2013-12-31,6.763422012329102,6.78377315063472,6.559908688419856,6.661665026898968,54500
2014-01-02,6.661665916442871,6.702368845440263,6.64809870474448,6.661665916442871,145200
2014-01-03,6.61417818069458,6.682016164405165,6.5666919802677475,6.682016164405165,21800
2014-01-06,6.593827724456787,6.62096279134957,6.397098327746345,6.614178862888618,26000
2014-01-07,6.6684465408325195,6.715932728669021,6.390312045874522,6.390312045874522,19400
2014-01-08,6.61417818069458,6.6752322366439145,6.519205132889954,6.519205132889954,27000
2014-01-09,6.5259904861450195,6.614179625451842,6.485288204588701,6.614179625451842,21900
2014-01-10,6.648096561431885,6.749852880692979,6.329259102422408,6.539556315033144,50100
2014-01-13,6.593827724456787,6.695584063566971,6.505638595317482,6.6752329251351386,17700
2014-01-14,6.695582866668701,6.722717928710837,6.587042618500153,6.6209616077905515,32600
2014-01-15,6.702367305755615,6.709151233521944,6.573475265999203,6.654881105293232,22700
2014-01-16,6.715934753417969,6.715934753417969,6.539557153871264,6.688799688337631,22900
2014-01-17,6.682017803192139,6.71593615641506,6.620963732269091,6.709152873941147,18500
2014-01-21,6.715934753417969,6.736286537441459,6.607394493096617,6.641313486184785,36000
2014-01-22,6.715934753417969,6.743069818498307,6.648097414192615,6.743069818498307,28900
2014-01-23,6.61417818069458,6.709151228499207,6.525989060651204,6.6752322366439145,15600
2014-01-24,6.288557052612305,6.620961730528244,6.247854135319104,6.620961730528244,43600
2014-01-27,6.193582534790039,6.302122759114164,6.1460963483859254,6.302122759114164,29700
2014-01-28,6.417448043823242,6.464934238623078,6.105394520243854,6.173232495915806,36200
2014-01-29,6.512422561645508,6.5734759772960025,6.247855172689242,6.342828230841729,17300
2014-01-30,6.553125858306885,6.553125858306885,6.437801643661639,6.553125858306885,37600
2014-01-31,6.336043834686279,6.532773218020284,6.322475978686908,6.444584094877319,75500
2014-02-03,6.308907985687256,6.56669139508404,6.152880895837483,6.281772924011326,59100
2014-02-04,6.444584846496582,6.444584846496583,6.220720372005943,6.315693434225116,28700
2014-02-05,6.437800407409668,6.444584335662818,6.36996306573119,6.4310164791565185,18000
2014-02-06,6.390314102172852,6.5734756334454385,6.383530174027312,6.444584233435173,25600
2014-02-07,6.403882026672363,6.573476367544472,6.363179747155655,6.444584953140139,15200
2014-02-10,6.3563947677612305,6.376745904156248,6.241070583271193,6.376745904156248,48400
2014-02-11,6.437800407409668,6.458152192169117,6.356395209224891,6.36996306573119,16600
2014-02-12,6.444584846496582,6.512422840503286,6.3699635706500555,6.512422840503286,25200
2014-02-13,6.654882907867432,6.682017979331726,6.363180404412911,6.4513695484096525,34600
2014-02-14,6.485286235809326,6.573474701393119,6.146097640037834,6.51242129759301,232600
2014-02-18,6.369962215423584,6.458151330089406,6.227502975878938,6.458151330089406,78100
2014-02-19,6.227504253387451,6.247855392654108,5.901882790365683,6.152882331157956,167400
2014-02-20,6.146100044250488,6.26820754656725,6.105397112177463,6.26820754656725,19800
2014-02-21,6.06469202041626,6.146097855573004,5.942584561582997,6.118962792837731,21600
2014-02-24,6.037557601928711,6.057909386365032,5.990071398812621,6.037557601928711,48300
2014-02-25,5.949368953704834,6.023990220317707,5.93580109780196,6.023990220317707,26700
2014-02-26,5.983287334442139,5.996855190424112,5.915449995385217,5.915449995385217,48900
2014-02-27,5.956152439117432,5.990071433087722,5.908666235729626,5.915450163913884,24400
2014-02-28,5.922233581542969,5.9832876427054345,5.922233581542969,5.929017509883468,21300
2014-03-03,5.854396820068359,5.867964031144956,5.711937545533168,5.8476128910545215,48900
2014-03-04,6.010421276092529,6.078259249421348,5.854394843167451,5.854394843167451,37400
2014-03-05,6.030772686004639,6.030772686004639,5.942583584871856,5.990069775116115,23300
2014-03-06,6.078261852264404,6.098612994197504,5.956153706763528,6.023991709142045,12100
2014-03-07,6.010421276092529,6.023989129538637,5.7119356167376205,6.003637996320336,28300
2014-03-10,5.915450096130371,5.949369089711992,5.752639056328789,5.915450096130371,20600
2014-03-11,5.990070343017578,6.0375565377638685,5.772989856233529,5.8272599779295415,21000
2014-03-12,5.929018020629883,6.2342877057882,5.834045603485691,5.949369807404556,25900
2014-03-13,5.915450096130371,6.04434149539934,5.895098311810803,5.929017305392424,24400
2014-03-14,5.874747276306152,6.0579094566522125,5.806909934917652,6.0579094566522125,73700
2014-03-17,5.901882648468018,5.922233787245377,5.854396442337169,5.881531509690659,23400
2014-03-18,5.962935924530029,5.976503779891078,5.8340445333548265,5.881530733216593,59100
2014-03-19,5.94258451461792,6.098610962374906,5.874746534840408,5.976503504506676,12300
2014-03-20,5.888314723968506,5.990071052462503,5.827260668091723,5.929016996585721,21600
2014-03-21,5.739071369171143,5.942584666763213,5.616963261225712,5.942584666763213,335000
2014-03-24,5.393099308013916,5.6983689580994215,5.1963699204520575,5.630531617497641,86500
2014-03-25,5.460938453674316,5.698370166559466,5.298127701885882,5.698370166559466,259000
2014-03-26,5.257421970367432,5.420232301923534,5.114962768518155,5.332043534068332,375000
2014-03-27,4.850398063659668,5.101397602755177,4.782560394103521,5.047127467110259,667600
2014-03-28,5.114964962005615,5.277775686856394,5.019992227870044,5.094613823571464,1681100
2014-03-31,5.087829113006592,5.284558479498143,5.040342591500696,5.148883165874819,296900
2014-04-01,5.128532409667969,5.243856603784163,5.006424610679032,5.094613738353241,241200
2014-04-02,5.0539093017578125,5.17601738765545,5.026774243441762,5.12174727102335,110300
2014-04-03,5.108179569244385,5.148882155342996,4.99285541356062,5.114963171856453,218500
2014-04-04,5.20315408706665,5.345613349895829,5.040343362343799,5.121748886442981,504200
2014-04-07,5.087829113006592,5.257423416773478,5.006423924832597,5.006423924832597,156700
2014-04-08,5.108179569244385,5.169233286654602,5.047125528358769,5.0674766596703735,245900
2014-04-09,5.114964962005615,5.176019024259097,5.053910899752134,5.1285324954535545,131600
2014-04-10,5.108179569244385,5.148882155342996,4.9860714874731515,5.08782811445738,113600
2014-04-11,5.033559799194336,5.114965000494523,4.958938202931406,5.087829933394461,75100
2014-04-14,4.999639987945557,5.087829103371439,4.9521537900050525,5.0810451759653885,93300
2014-04-15,5.169236183166504,5.169236183166504,4.802912379538993,4.992858211241501,366000
2014-04-16,5.257421970367432,5.460935208287934,5.14888174933003,5.189584332219056,131800
2014-04-17,5.216721057891846,5.420234037502585,5.189585993943747,5.284558717762092,76300
2014-04-21,5.284560203552246,5.2981277393409005,5.0742632370903165,5.182803523399553,77500
2014-04-22,5.230288982391357,5.325261713337266,5.1963699881729255,5.318478108578881,41600
2014-04-23,5.216721057891846,5.291342645486855,5.148883398021599,5.230288589865895,44900
2014-04-24,5.176018238067627,5.284558489164831,5.067477663494959,5.24385589500338,75100
2014-04-25,5.135315895080566,5.216721087385094,5.033559242962167,5.081045443402068,76800
2014-04-28,5.162450313568115,5.3456121350849,5.067477277614643,5.114963795591379,40200
2014-04-29,5.318478584289551,5.318478584289551,5.12174917656741,5.176019313390686,375500
2014-04-30,5.616963863372803,5.650882857766138,5.223505081092522,5.345613202128129,188700
2014-05-01,5.630531311035156,5.691585367119364,5.365963950320577,5.637315238811393,218000
2014-05-02,6.08504581451416,6.675234109347138,5.745857094705473,5.745857094705473,541700
2014-05-05,6.288557052612305,6.3496104581257224,6.112178822593304,6.112178822593304,436200
2014-05-06,6.308907985687256,6.478502282899543,6.227502800659466,6.234286080865272,281000
2014-05-07,6.580259323120117,6.614178315667581,6.281773611994572,6.281773611994572,376600
2014-05-08,6.281773567199707,6.620962196353674,6.2478545748941166,6.539557002990838,205000
2014-05-09,6.485286235809326,6.51242129759301,6.281772948956251,6.302124083556286,99600
2014-05-12,6.973721027374268,7.021207895763804,6.566694885864823,6.6006132457771765,335200
2014-05-13,6.953367710113525,7.150097112131378,6.871962507239004,7.027988984344074,255000
2014-05-14,6.865176677703857,7.122960072238004,6.824474411012125,6.865176677703858,204900
2014-05-15,6.749853610992432,6.892312861541862,6.7091513376645775,6.804123740063551,146900
2014-05-16,6.743069171905518,6.783772089098514,6.682015766542405,6.763420953977477,75900
2014-05-19,6.749853610992432,6.905880717285127,6.688799554049679,6.729502474328505,144900
2014-05-20,6.485286235809326,6.783771915429842,6.4242321850583135,6.715933937495182,146700
2014-05-21,6.437800407409668,6.600610803779224,6.410665341348076,6.478503329977561,60700
2014-05-22,6.186801433563232,6.553125181374507,6.118964085865478,6.4174498390279355,198500
2014-05-23,6.234287261962891,6.336044247738859,6.139314851579883,6.207152195146171,106800
2014-05-27,6.1257476806640625,6.268206959142347,6.0511264002996645,6.254639747690228,93400
2014-05-28,6.051126480102539,6.200369689750667,6.017207480598268,6.105396620528929,92700
2014-05-29,6.057910442352295,6.159666794467617,6.037558654368343,6.085045512713121,32800
2014-05-30,5.99685525894165,6.044341461519151,5.94936905636415,6.037557533450654,34300
2014-06-02,5.935802459716797,5.983288672370171,5.644099960386353,5.983288672370171,168100
2014-06-03,5.806909561157227,5.956152090776568,5.786557777794711,5.935800954365015,201300
2014-06-04,5.766207218170166,5.840828490444116,5.705153155877376,5.800126213549607,100000
2014-06-05,6.105398654937744,6.139317665744329,5.691588534561106,5.7797777038776985,605400
2014-06-06,6.0036396980285645,6.159666175178739,5.983287912090769,6.159666175178739,42800
2014-06-09,5.922233581542969,6.112179693370866,5.861180167331518,6.030774494137916,29700
2014-06-10,5.922233581542969,5.969720432975451,5.840828382310018,5.840828382310018,43500
2014-06-11,5.786559581756592,5.834046444122212,5.6305330757084295,5.834046444122212,73800
2014-06-12,5.766207218170166,5.766207218170166,5.644099093584587,5.7526393612379785,94300
2014-06-13,5.779775619506836,5.834045758445306,5.6848025528889705,5.752639903086513,56200
2014-06-16,5.915450096130371,5.949369089711992,5.77977476875488,5.77977476875488,60900
2014-06-17,6.220720291137695,6.241071430294722,5.901882758572715,5.962936822994844,155700
2014-06-18,6.274990558624268,6.369963621603126,6.193585353335702,6.234287632504453,78200
2014-06-19,6.383532524108887,6.424235461015812,6.3089112278893,6.315695158532326,131400
2014-06-20,6.403882026672363,6.498855090463128,6.315693538735807,6.431017095333858,110000
2014-06-23,6.444584846496582,6.6073952557714,6.3496117842774105,6.458152704078346,66100
2014-06-24,6.3631792068481445,6.464935543950692,5.840828370779163,5.840828370779163,61600
2014-06-25,6.471719741821289,6.505638737918517,6.329260475773765,6.342828332993072,87300
2014-06-26,6.451369762420654,6.485288764613999,6.431017972933953,6.485288764613999,27600
2014-06-27,6.607393741607666,6.695582854826361,6.431015515170277,6.47850235887321,278600
2014-06-30,7.12296199798584,7.136529855185169,6.627746855329038,6.627746855329038,635400
2014-07-01,7.455365180969238,7.496068097126658,7.122960512328779,7.462149108153959,430400
2014-07-02,7.441800117492676,7.5299892554481405,7.394313260469832,7.482502398425296,262000
2014-07-03,7.6317458152771,7.6317458152771005,7.4214485348198656,7.448583605173917,91600
2014-07-07,7.611392498016357,7.733499956221334,7.529987310229397,7.631743633225366,134400
2014-07-08,7.604609966278076,7.638528962485412,7.509636906287743,7.631745033853736,140900
2014-07-09,7.523204326629639,7.740284854627643,7.509636470154262,7.706365860390204,118300
2014-07-10,7.557123184204102,7.631744452616213,7.285771882162707,7.482501268840996,212100
2014-07-11,7.4621500968933105,7.624960489193654,7.421447175342729,7.523204155743687,116900
2014-07-14,7.238285541534424,7.32647466449855,7.1568803465562265,7.319690736512621,265500
2014-07-15,7.2247209548950195,7.312910117766526,7.095829499591293,7.245072748062403,161900
2014-07-16,7.292555332183838,7.39431165943393,7.25863634078349,7.39431165943393,121500
2014-07-17,7.136531352996826,7.333260795019299,7.095828419807166,7.312909004948882,72400
2014-07-18,7.150096416473389,7.224717683443774,7.122961351488614,7.122961351488614,86200
2014-07-21,7.068689346313477,7.184013503642935,7.014419230740885,7.102608330284048,82100
2014-07-22,6.919449329376221,7.082259749608344,6.885530330090087,7.082259749608344,118000
2014-07-23,7.048338413238525,7.102608530339716,6.885527414984126,6.905879194110193,154800
2014-07-24,7.231501579284668,7.319690701830941,7.05512333419212,7.116177391874231,258900
2014-07-25,7.143314361572266,7.30612544112337,7.109395359709488,7.190801222960615,62300
2014-07-28,6.87196159362793,7.272204273096287,6.8244753933353985,7.122961097525672,217000
2014-07-29,6.844827175140381,6.919448446487677,6.722719052071151,6.919448446487677,223000
2014-07-30,6.7973408699035645,6.987286333130814,6.783773013340399,6.878746068429528,150700
2014-07-31,6.756639003753662,6.817693073933391,6.675233792497728,6.783774074172308,222400
2014-08-01,6.817691802978516,7.055123463141843,6.614178489302099,6.614178489302099,478800
2014-08-04,6.844827175140381,6.912664518105827,6.756638047029384,6.783773113605766,150900
2014-08-05,7.041556358337402,7.150096621387143,6.973718370455815,7.021205220753326,237400
2014-08-06,7.068689346313477,7.13652731425462,6.98728417295459,6.994068099138866,143800
2014-08-07,7.03477144241333,7.109392701044775,6.919447267377791,7.075474358817424,139800
2014-08-08,6.973721027374268,7.055126255676156,6.8380456468711195,7.021207895763804,80900
2014-08-11,6.933015823364258,7.055123291030475,6.871961766055661,7.02120494537101,72300
2014-08-12,6.817691802978516,6.912664208263451,6.76342167225827,6.892313070981106,112400
2014-08-13,6.817691802978516,6.878745861776539,6.749853816102713,6.804123946822959,149300
2014-08-14,6.987284183502197,7.0619054307894515,6.756635868495107,6.790554852516881,238200
2014-08-15,6.9940690994262695,7.089041491785792,6.953366183450116,6.98728517227176,227500
2014-08-18,7.000853061676025,7.007636989491448,6.8719616679378355,6.980501925180725,212700
2014-08-19,7.03477144241333,7.122960555496443,7.007636380460903,7.027987515187497,93500
2014-08-20,6.939798831939697,7.116177069030389,6.926231623598617,7.055123014118153,72900
2014-08-21,6.980501174926758,7.000852309234749,6.912663197965595,6.939798259359882,53100
2014-08-22,6.946584701538086,7.000854843975795,6.824477204528805,7.000854843975795,127900
2014-08-25,6.966934680938721,7.0686910098467814,6.783772512563057,6.926231761204919,59400
2014-08-26,6.831259727478027,6.980502926061316,6.749854522873794,6.953367857859905,74300
2014-08-27,7.03477144241333,7.06869043159159,6.756636895663234,6.858393216247105,245900
2014-08-28,6.783771514892578,6.987284789729529,6.763420381494143,6.987284789729529,91600
2014-08-29,6.810908794403076,6.8380438634265515,6.736287516326288,6.7837737253796,69100
2014-09-02,6.695582866668701,6.817690969333773,6.688798939420439,6.783771980043374,64500
2014-09-03,6.715934753417969,6.790556667602135,6.620962349112277,6.736286537441459,70000
2014-09-04,6.8244757652282715,6.851610830724267,6.695583718909049,6.695583718909049,62600
2014-09-05,6.838044166564941,6.851612025153696,6.70236881543292,6.851612025153696,82300
2014-09-08,6.865176677703857,6.885527811049724,6.810906557480971,6.851609471123568,209000
2014-09-09,6.844827175140381,6.878746170098613,6.797340970369466,6.83125931837668,67600
2014-09-10,6.8041253089904785,6.865179380011362,6.78377416763389,6.831260379782969,68100
2014-09-11,6.783771514892578,6.797339368458779,6.654880140768,6.783771514892578,73900
2014-09-12,6.770204067230225,6.831258118036859,6.756636859801476,6.770204067230225,69900
2014-09-15,6.688799858093262,6.763421774171264,6.634529726555259,6.743069989631264,63400
2014-09-16,6.7769904136657715,6.817693344383935,6.614179984695388,6.614179984695388,149800
2014-09-17,6.7973408699035645,6.919448344217006,6.749854018883496,6.844827073972625,87700
2014-09-18,6.899096965789795,6.926232031019065,6.79055670487271,6.810907842056917,311600
2014-09-19,6.960151672363281,6.9872867401191385,6.892313679498115,6.892313679498115,147300
2014-09-22,6.709150314331055,6.953365857901375,6.6752313270974595,6.946581931064482,632900
2014-09-23,6.729501724243164,6.790555774380695,6.675231601221115,6.756636785754189,66600
2014-09-24,6.553125858306885,6.7566392163250315,6.403882642833426,6.729504145052688,158200
2014-09-25,6.383532524108887,6.580261984098012,6.383532524108887,6.580261984098012,130600
2014-09-26,6.458152770996094,6.498855050261016,6.315693499666737,6.369963636654009,58700
2014-09-29,6.451369762420654,6.458153692249555,6.146100036582855,6.390315687862863,116400
2014-09-30,6.61417818069458,6.6413132447886225,6.4649350047018705,6.47171893246312,101700
2014-10-01,6.519204616546631,6.614177656829068,6.274989059042962,6.525988543770572,114400
2014-10-02,6.675232887268066,6.722719092323303,6.485287420096095,6.519205768306394,129700
2014-10-03,6.7769904136657715,6.790558272888871,6.593828842811874,6.68880126956903,75800
2014-10-06,6.905881881713867,6.919449092793784,6.519206338194498,6.7634226071438,508300
2014-10-07,6.858396053314209,6.926234059732826,6.770206903750477,6.871963913378402,151400
2014-10-08,6.749853610992432,6.919447926077422,6.620962216186266,6.824475523678449,74200
2014-10-09,6.749853610992432,6.790556531271256,6.688799554049679,6.749853610992432,147000
2014-10-10,6.736288547515869,6.783774763838362,6.600612534678161,6.600612534678161,136400
2014-10-13,6.6684465408325195,6.729500580594185,6.587041370133895,6.729500580594185,77100
2014-10-14,6.817691802978516,6.817691802978516,6.593827352019755,6.668448620022345,152300
2014-10-15,6.858396053314209,6.905882916587711,6.539559105219766,6.776990833782573,78900
2014-10-16,6.960151672363281,7.007637879198269,6.648098069695403,6.763422269395557,136500
2014-10-17,7.095827102661133,7.265421440060346,6.566692951121882,6.973718972709362,83100
2014-10-20,7.46893310546875,7.550338291597045,7.109392724713479,7.109392724713479,96200
2014-10-21,7.713151454925537,7.7877727408077835,7.468935808169068,7.468935808169068,156500
2014-10-22,7.523204326629639,7.774203848865083,7.516420398391951,7.753852711103021,159600
2014-10-23,7.611392498016357,7.835256926168227,6.654880732830925,7.312906162513247,398200
2014-10-24,7.394312381744385,7.597825703075637,6.783773064701642,7.58425849336076,63300
2014-10-27,7.2857747077941895,7.462153025482996,6.987288871433417,7.462153025482996,125500
2014-10-28,7.665665149688721,7.679232361982622,7.190801074281697,7.326476431976398,246900
2014-10-29,7.658878326416016,7.726716303108631,7.496067958694808,7.665662253475455,134000
2014-10-30,7.977717399597168,8.065906528401594,7.645312669685042,7.665663808039595,370100
2014-10-31,8.533987045288086,8.995283852152651,8.126960374883934,8.31012257065112,911500
2014-11-03,8.669663429260254,8.988501004529505,8.533988071789658,8.954582003424072,408900
2014-11-04,8.88674259185791,9.002066780760797,8.676445351225887,8.676445351225887,389100
2014-11-05,8.812119483947754,8.988497707437382,8.751065433743582,8.954578718773854,231700
2014-11-06,8.839255332946777,8.934228380275293,8.798553060485238,8.852823188401262,457000
2014-11-07,8.913878440856934,9.16487797790646,8.85960830565439,8.85960830565439,408500
2014-11-10,9.090254783630371,9.259849094123108,9.008849592227971,9.056336439092584,682000
2014-11-11,9.015634536743164,9.158093799502351,9.002067326788064,9.117390875735001,272900
2014-11-12,9.04277229309082,9.117393587415176,8.913880848903077,8.988502143227432,577300
2014-11-13,9.158093452453613,9.273417643981333,8.934228997594161,9.015634195092963,239100
2014-11-14,9.164877891540527,9.232715236428916,9.103823828275253,9.19201295888609,243100
2014-11-17,9.30733871459961,9.510852077228614,9.212365639519103,9.23271678169666,470500
2014-11-18,9.280200958251953,9.483713615060214,9.19201183839126,9.327687158580419,281700
2014-11-19,9.361607551574707,9.44301275587262,9.076689013056486,9.280202347276795,289300
2014-11-20,9.35482120513916,9.510848291599594,9.049551606178523,9.327686144052679,262100
2014-11-21,9.30733871459961,9.551554361583728,9.219149569228671,9.551554361583728,155000
2014-11-24,9.293767929077148,9.395524901829472,9.171660467505678,9.253065657536972,250900
2014-11-25,9.348037719726562,9.497280886227827,9.259848605291765,9.259848605291765,248300
2014-11-26,9.449797630310059,9.504067771939674,9.348040629541192,9.375175700356,228900
2014-11-28,9.015634536743164,9.524417525604406,8.913878197751325,9.327688129122766,136200
2014-12-01,8.947795867919922,9.0359849902724,8.669661291935707,8.913877522127487,447900
2014-12-02,8.947795867919922,9.259849436647547,8.818904471836131,8.818904471836131,339700
2014-12-03,9.409092903137207,9.436227968768241,8.941012859264124,9.063120331128278,411300
2014-12-04,9.144527435302734,9.483716149911016,9.130960223132991,9.381959794308985,251600
2014-12-05,9.246282577514648,9.293768780981278,9.124174457799317,9.15809345182591,297100
2014-12-08,8.188013076782227,8.974930571382384,7.7606353381043585,8.683228798215675,892700
2014-12-09,8.41187858581543,8.459365438574528,7.821690389675491,8.031987645448842,382100
2014-12-10,8.194798469543457,8.439014086613577,8.140528332416764,8.344041670117397,285100
2014-12-11,8.06590747833252,8.377961106640997,8.04555569063009,8.24906903899668,221500
2014-12-12,7.814905166625977,7.9912827359314464,7.753851118925638,7.930228688231107,324400
2014-12-15,8.093040466308594,8.140526664829132,7.801338053794585,7.801338053794585,234500
2014-12-16,8.059123039245605,8.188014451784628,7.889528700827855,8.093042036319368,351500
2014-12-17,8.147311210632324,8.194797412756676,8.011635885312046,8.059122087436398,178000
2014-12-18,8.405097007751465,8.425448150515185,8.174448566592089,8.235502641834413,315900
2014-12-19,8.696794509887695,8.723929568929822,8.242281785718912,8.384741007427797,487800
2014-12-22,8.574692726135254,8.67644910295482,8.181233786904407,8.628962880032525,286400
2014-12-23,8.723932266235352,8.757851262262953,8.2626361198935,8.588256929075984,187800
2014-12-24,8.710363388061523,8.920659958651434,8.690012253122385,8.737498450297348,84800
2014-12-26,8.690011978149414,8.784984369494186,8.398309583131285,8.676444123985364,251900
2014-12-29,8.628961563110352,8.744285784279485,8.38474526089281,8.676447778785464,332200
2014-12-30,8.581473350524902,8.676446413886001,8.432230797037404,8.581473350524902,140200
2014-12-31,8.337255477905273,8.608606089874577,8.276201428474458,8.581471028677647,156200
2015-01-02,8.513636589050293,8.547555588797726,8.154096744410163,8.344042237264237,356700
2015-01-05,8.472932815551758,8.554338018662099,8.316906337994697,8.316906337994697,181600
2015-01-06,8.405097007751465,8.554339583953631,8.20158363926077,8.513637298426191,214200
2015-01-07,8.174445152282715,8.49328260818079,8.16766122521127,8.439011838560125,106000
2015-01-08,8.466150283813477,8.486502073162416,8.194799562005795,8.269420848765119,118500
2015-01-09,8.608609199523926,8.723933413006652,8.344042419023303,8.500068915528683,118500
2015-01-12,8.533987045288086,8.68323024402975,8.269419644830283,8.527203116492771,121400
2015-01-13,8.56790542602539,8.812121022530853,8.391527171740384,8.62217555858216,146900
2015-01-14,8.778200149536133,8.879957111518802,8.418660436546126,8.466146630634181,154300
2015-01-15,8.595038414001465,8.873172937839021,8.574687280951386,8.818902818404906,301700
2015-01-16,8.561120986938477,8.737499230700282,8.51363478552221,8.615391116257344,135800
2015-01-20,8.296554565429688,8.622176025349036,8.05233895570346,8.622176025349036,239200
2015-01-21,8.215149879455566,8.41187929474877,8.093042390379463,8.126960741986048,137900
2015-01-22,8.601824760437012,8.635743109411722,8.215149242005163,8.235501027731233,204700
2015-01-23,8.26941967010498,8.635743415807926,8.215149533478696,8.635743415807926,96600
2015-01-26,8.391525268554688,8.411876401910117,8.242282114396195,8.316904014950874,124500
2015-01-27,8.418663024902344,8.500068231346356,8.18123133451174,8.269419822946116,134500
2015-01-28,8.350826263427734,8.493285546457813,8.276204333727954,8.425447546176397,102300
2015-01-29,8.445796966552734,8.479715959782059,8.208365307849428,8.24906758216383,175200
2015-01-30,8.601824760437012,8.615391970636688,8.269419376705942,8.344041297132792,225600
2015-02-02,8.472932815551758,8.703581214506583,8.316906337994697,8.703581214506583,265100
2015-02-03,8.97492790222168,9.144522161722021,8.405091733739171,8.66287508581378,340000
2015-02-04,8.812119483947754,9.063118964936425,8.764633287989353,8.968146573019624,193500
2015-02-05,9.090254783630371,9.158092766607847,8.757850090332832,8.859607064799047,248000
2015-02-06,9.090254783630371,9.259849094123108,8.98171452842717,9.137741630494984,246200
2015-02-09,9.13774299621582,9.219148199784986,8.974931942126439,9.15809413537035,216400
2015-02-10,9.225930213928223,9.327686535535518,9.049551985988058,9.232713494271373,294100
2015-02-11,9.171662330627441,9.327688814811408,9.164878401675685,9.192013470531638,219600
2015-02-12,9.348037719726562,9.558334938294296,9.205578480555108,9.219146335214731,426500
2015-02-13,9.25306510925293,10.073901535452391,8.968146637550579,9.504064592047687,414500
2015-02-17,9.422661781311035,9.721147535623034,8.907094831457425,9.225932372413087,476800
2015-02-18,9.348037719726562,9.483713031568204,9.273416459951388,9.429442906831547,590700
2015-02-19,9.62617301940918,9.836470254332648,9.232714260991951,9.300552245664287,414600
2015-02-20,9.78220272064209,9.829688934340473,9.504068074206751,9.660094574616373,472000
2015-02-23,9.490497589111328,9.802551150544376,9.361606196040507,9.802551150544376,987200
2015-02-24,9.314119338989258,9.687226956160888,9.219146937966235,9.551551635448739,417800
2015-02-25,9.565117835998535,9.599036175094657,9.348036713468424,9.348036713468424,565300
2015-02-26,9.551553726196289,9.755067075287199,9.429445587351523,9.585472725536626,510700
2015-02-27,9.680444717407227,9.795768267213543,9.53798545358645,9.626173936329332,370000
2015-03-02,9.49728012084961,9.775414649448066,9.327685832977295,9.70079339568656,614100
2015-03-03,9.314119338989258,9.619389619280295,9.307336058166872,9.49728150716388,778500
2015-03-04,9.35482120513916,9.415875254321465,9.16487577753379,9.314118290033994,570600
2015-03-05,9.361607551574707,9.476931752734513,9.266634489751615,9.375174762148832,270500
2015-03-06,9.700796127319336,9.76863347339996,9.307337320418155,9.307337320418155,880600
2015-03-09,9.843256950378418,10.141742743586795,9.694013730298655,9.700797660063905,609500
2015-03-10,9.341255187988281,9.958578391555367,9.320903404367783,9.802551285219735,522000
2015-03-11,9.531201362609863,9.565120357598714,9.334471968015755,9.422661096206358,428000
2015-03-12,9.49728012084961,9.69400946890346,9.456577207101873,9.605820361575752,262000
2015-03-13,9.456578254699707,9.565119154400854,9.334470793831189,9.388740920206294,204200
2015-03-16,9.470146179199219,9.592254287913908,9.368389853237606,9.422659980010591,394600
2015-03-17,9.544769287109375,9.714363627801161,9.422661801738014,9.470148010107373,477100
2015-03-18,9.565117835998535,9.727928192682981,9.483712010705462,9.544766056199842,891600
2015-03-19,9.510852813720703,9.558339031462575,9.402311870815973,9.504068883485807,307100
2015-03-20,9.72793197631836,9.816121115560916,9.524418627831777,9.612607767074332,574100
2015-03-23,9.415877342224121,9.795768281672926,9.395526203634263,9.721147008876098,299500
2015-03-24,9.700796127319336,9.734715123835173,9.361607456063073,9.402309734321237,309900
2015-03-25,9.694011688232422,9.802551953807571,9.49728229513971,9.748281821019996,416900
2015-03-26,9.73471450805664,9.84325477248066,9.599038530575609,9.714362723263882,280900
2015-03-27,9.761848449707031,9.917874900106309,9.74828059474139,9.74828059474139,248100
2015-03-30,10.019630432128906,10.039981564702899,9.73471198828964,9.788982106454181,731100
2015-03-31,10.419878005981445,10.514851087415366,9.924662749175226,10.019635830609149,687600
2015-04-01,10.643739700317383,10.69122655190426,10.202794707967497,10.447010306460369,654000
2015-04-02,10.460577964782715,10.82011775081569,10.447010108314942,10.650523426674532,465200
2015-04-06,10.331686973571777,10.575903239378768,10.257065696214681,10.453795106475273,438400
2015-04-07,9.978930473327637,10.345254202828437,9.91109248206966,10.284200140086465,299500
2015-04-08,10.053552627563477,10.196011904134059,9.93144513832518,9.938228420484856,170600
2015-04-09,10.094254493713379,10.257064893543186,9.972146370365513,10.060335498677746,191900
2015-04-10,9.972146034240723,10.141740356751454,9.958578824854383,10.114605291027775,198300
2015-04-13,10.257064819335938,10.304551023871658,9.978930226567828,10.019633149706314,339700
2015-04-14,10.250279426574707,10.35203639640784,10.168874238878756,10.297766271277204,281300
2015-04-15,10.32490062713623,10.352035687844241,10.189225323596183,10.318116700221509,375900
2015-04-16,10.101036071777344,10.352035541516225,10.039982024309612,10.324900481191774,148000
2015-04-17,10.121390342712402,10.128174271634116,9.87039079516866,10.094255273976621,216300
2015-04-20,9.653308868408203,10.155308572488666,9.537985320214485,10.121389577395915,301800
2015-04-21,9.694011688232422,9.775416887413783,9.510850151812111,9.646525483781048,255100
2015-04-22,9.565117835998535,9.694009206636009,9.517630996752434,9.673658073788165,167600
2015-04-23,9.856821060180664,9.883956123748813,9.504065233794744,9.544767505671492,414500
2015-04-24,9.788984298706055,9.81611936386525,9.605822123668261,9.81611936386525,255200
2015-04-27,9.612605094909668,9.83646952192852,9.558334969993032,9.822901667223901,266000
2015-04-28,9.775416374206543,9.775416374206543,9.449795594576116,9.646524977340578,386300
2015-04-29,9.911091804504395,9.972145863072447,9.551552028099298,9.727930275751227,329400
2015-04-30,9.700796127319336,9.96536287685055,9.632958134287664,9.897525530769927,224300
2015-05-01,9.673660278320312,10.006064994040539,8.818904740510305,9.5379849501642,605000
2015-05-04,9.653308868408203,9.782200920370451,9.592255453582478,9.666876725225713,342600
2015-05-05,9.619389533996582,9.7143619341776,9.476930286774103,9.673659661800293,277600
2015-05-06,9.456578254699707,9.666875479616442,9.429443191512155,9.666875479616442,306300
2015-05-07,9.395524024963379,9.47014528045674,9.259848073955988,9.381956171082289,405600
2015-05-08,9.551553726196289,9.761851004545488,9.476932445208433,9.673661865041057,243500
2015-05-11,9.476929664611816,9.558334850973116,9.409091685835277,9.504064726732251,187100
2015-05-12,9.673660278320312,9.687227487660426,9.158093384376086,9.314119850017867,195200
2015-05-13,9.721145629882812,9.761848548239644,9.544767395254775,9.748280693137055,147600
2015-05-14,9.856821060180664,9.917875114946733,9.673659542833404,9.748280805908074,157900
2015-05-15,9.612605094909668,9.94500977176179,9.544767115288414,9.870388511739147,139800
2015-05-18,9.890741348266602,9.911092486873446,9.504066479981402,9.537985475626831,173100
2015-05-19,9.82968807220459,9.911093280098186,9.592256377586041,9.788985791733335,198600
2015-05-20,9.741497039794922,9.836470087333591,9.551551591668542,9.836470087333591,150500
2015-05-21,9.775416374206543,9.877173353054285,9.639741049360532,9.72114624426814,184900
2015-05-22,9.700796127319336,9.81612032730255,9.673661059496878,9.721147266448419,86600
2015-05-26,9.456578254699707,9.666875479616442,9.368389784553365,9.626172561359644,156700
2015-05-27,9.599037170410156,9.646524014580123,9.327686547799978,9.463361859105067,194400
2015-05-28,9.592256546020508,9.61260768661349,9.436229409604724,9.57868868765779,140700
2015-05-29,9.619389533996582,9.755064853505859,9.42944343973264,9.599037750856976,204300
2015-06-01,9.822904586791992,9.829688516160624,9.497283740511007,9.646526951865347,176800
2015-06-02,9.802553176879883,9.890742315400873,9.673661757165263,9.80933710606252,175500
2015-06-03,9.822904586791992,9.972147798146334,9.707581022280811,9.816121304374473,322900
2015-06-04,9.632955551147461,9.904306803558482,9.51763138208918,9.79576591442355,122100
2015-06-05,9.6600923538208,9.74149755013968,9.52441702662267,9.646525144576485,85300
2015-06-08,9.483716011047363,9.632959224436057,9.381959656935281,9.632959224436057,147700
2015-06-09,9.551553726196289,9.592256654794912,9.388743305704002,9.517634726855954,139700
2015-06-10,9.49728012084961,9.69400946890346,9.436226073703438,9.632955421757288,84300
2015-06-11,9.646528244018555,9.660095457622035,9.307339493565944,9.517636156553891,112900
2015-06-12,9.666875839233398,9.741497104037414,9.571902791068409,9.639740775036396,106800
2015-06-15,9.483716011047363,9.632959224436057,9.381959656935281,9.632959224436057,167500
2015-06-16,9.422661781311035,9.50406698703249,9.368391644163399,9.456580131815008,98500
2015-06-17,9.192012786865234,9.490498522080511,9.097039729457588,9.409093321567255,182000
2015-06-18,9.158093452453613,9.341255632039166,9.11060724898373,9.219147512315464,79200
2015-06-19,9.517632484436035,9.666875658200128,9.103822601443495,9.178443864850067,280400
2015-06-22,9.605823516845703,9.626174656928972,9.463364242360656,9.517634380550096,196500
2015-06-23,9.612605094909668,9.660091292473993,9.504064845076398,9.646524084720296,427600
2015-06-24,9.646528244018555,9.883959981164661,9.599041379028373,9.707582322612216,133400
2015-06-25,9.578686714172363,9.700794826474658,9.565119505555977,9.687226970907309,120400
2015-06-26,9.551553726196289,9.721148075946864,9.422662305044337,9.626175007184145,163500
2015-06-29,9.320901870727539,9.537982998304683,9.300550737406542,9.388739844398684,151800
2015-06-30,9.280200958251953,9.449795270226142,9.117389927074003,9.368390078112647,140200
2015-07-01,9.239500999450684,9.510852373732538,9.137744638439468,9.348041290382959,256900
2015-07-02,9.517632484436035,9.639740594511288,9.253065775207588,9.253065775207588,314800
2015-07-06,9.293767929077148,9.490497300057179,9.083471349900707,9.476930091860767,139200
2015-07-07,9.1513090133667,9.286984334957008,8.683228992142388,9.286984334957008,297300
2015-07-08,8.805337905883789,9.158094446970269,8.771419555122533,9.110608238343655,272400
2015-07-09,8.825687408447266,8.927443728296947,8.54755286370396,8.913876520894078,316500
2015-07-10,8.730713844299316,8.87317307170074,8.588254616897894,8.656092590689378,385000
2015-07-13,8.954581260681152,9.06990546670331,8.818905914464226,8.818905914464226,156500
2015-07-14,8.94101333618164,8.995283470338501,8.80533735383846,8.94101333618164,130400
2015-07-15,9.056339263916016,9.137744480710063,8.79855575392596,8.947798327906133,277300
2015-07-16,9.110608100891113,9.28020243994299,8.988499969749423,9.151310379970969,190000
2015-07-17,8.778200149536133,9.21236176403694,8.77141686963132,9.137740509477013,146800
2015-07-20,8.825687408447266,8.84603854302702,8.635741329199869,8.68322817248717,196300
2015-07-21,8.805337905883789,8.927446038867735,8.764635626189854,8.825689692681827,146200
2015-07-22,8.778200149536133,8.907092171990675,8.69679496812052,8.805335210008003,193200
2015-07-23,8.391525268554688,8.886740924509786,8.181228714329912,8.77820003706215,314900
2015-07-24,8.059123039245605,8.391527787276141,8.025204042171843,8.350825508348473,309900
2015-07-27,7.794552326202393,8.038768483795664,7.563904020453539,7.733498286804074,524300
2015-07-28,8.181230545043945,8.208365611240152,7.394312331451931,7.862393032025259,369200
2015-07-29,8.276204109191895,8.323690966881,8.079474690054461,8.194798899233415,256800
2015-07-30,8.533987045288086,8.554338184722976,8.194798368934979,8.276203573625597,522500
2015-07-31,8.201582908630371,8.723933172707193,7.536772717044925,8.723933172707193,1095400
2015-08-03,8.608609199523926,8.852825485464345,8.20836706402925,8.296555559562043,267800
2015-08-04,8.418663024902344,8.866391983819952,8.310122749643659,8.574690155800006,200800
2015-08-05,8.181230545043945,8.635742742092654,8.126959765700521,8.486500201489022,323500
2015-08-06,8.03877067565918,8.51363462152765,7.896311427203542,8.140527004434222,245600
2015-08-07,8.221932411193848,8.27620254088218,7.821689719529175,8.004851892440525,310300
2015-08-10,8.337255477905273,8.391525600299135,8.154093976563717,8.221931306080597,173900
2015-08-11,8.310121536254883,8.439012932566937,8.18123013994283,8.289770399353186,261000
2015-08-12,8.126958847045898,8.282985945250363,7.97093239579237,8.262634809641412,200700
2015-08-13,7.8352556228637695,8.296551610258604,7.814904491039936,8.160876319848358,246800
2015-08-14,7.679231643676758,7.89631284263391,7.475718949646601,7.7877719196797965,514600
2015-08-17,7.92344856262207,7.937015774761589,7.496070705533606,7.6385299912297615,330800
2015-08-18,7.692797660827637,8.140526515677767,7.679229806098398,7.943797150760257,110700
2015-08-19,7.869178771972656,7.923448916859269,7.373962891193373,7.672449335020898,286100
2015-08-20,7.563908576965332,8.004854323273683,7.496071217730244,7.8420438847680645,142800
2015-08-21,7.2450714111328125,7.543557206044316,7.2043684792602125,7.496070991318911,348600
2015-08-24,6.939798831939697,7.190798979234653,6.79734023307908,6.8516103603453,464100
2015-08-25,6.7769904136657715,7.102611918557673,6.70915305840368,7.102611918557673,574400
2015-08-26,7.068689346313477,7.45536408150589,6.851608884023112,7.197580709060678,780400
2015-08-27,7.774202346801758,7.828472468315661,7.136528095537955,7.177230363197942,451700
2015-08-28,7.747069835662842,7.828475044724754,7.631745627754027,7.808123904197049,160000
2015-08-31,7.767421245574951,7.875961528088487,7.6046108218046475,7.706367174923309,160800
2015-09-01,7.367177486419678,7.658879941999116,7.258637218376453,7.56390688398578,455200
2015-09-02,7.706364154815674,7.713148081551942,7.326473314896706,7.489283674861978,217200
2015-09-03,7.726716995239258,7.774203195007191,7.584257748984507,7.713149139905019,160300
2015-09-04,7.8352556228637695,7.9098768708517,7.61139123194916,7.658877421855042,134100
2015-09-08,8.031989097595215,8.106610384063504,7.835259663314132,7.957367164175775,219900
2015-09-09,7.869178771972656,8.188015711443713,7.835259769680735,8.106610494113795,184800
2015-09-10,7.672447204589844,7.875959867929097,7.604609218842772,7.875959867929097,80200
2015-09-11,7.747069835662842,7.808123904197049,7.4418001399429,7.672448555760529,337200
2015-09-14,7.5706915855407715,7.780988861561836,7.421448378266181,7.679231864667349,277000
2015-09-15,7.496070384979248,7.618177876817749,7.414665174769879,7.550340525118827,204000
2015-09-16,7.4621500968933105,7.523204155743687,7.428231103426325,7.489285162276701,161500
2015-09-17,7.394312381744385,7.523204432266284,7.360394033981688,7.475718227837697,195600
2015-09-18,7.516419410705566,7.543554473139666,7.27898712919401,7.27898712919401,322700
2015-09-21,7.299338340759277,7.584256797525221,7.251851499997707,7.584256797525221,196100
2015-09-22,7.312906265258789,7.333258047704662,6.933015383582218,7.1568798148793595,178300
2015-09-23,7.177231788635254,7.312907119365871,7.136529512891572,7.312907119365871,81800
2015-09-24,6.920043468475342,7.201234422217039,6.9063265175317365,7.173801174390049,231500
2015-09-25,6.755446910858154,6.98177146708633,6.7280136511353605,6.98177146708633,150700
2015-09-28,6.5359787940979,6.8240282871822915,6.515404017180549,6.693720494625241,114100
2015-09-29,6.65256929397583,6.707435793608022,6.494828271048345,6.570269544527542,92800
2015-09-30,6.878895282745361,6.892612237703097,6.631995980049819,6.721154225093867,116000
2015-10-01,6.995489120483398,7.009206080023277,6.748589735311265,6.878897580636956,352300
2015-10-02,7.084644794464111,7.084644794464111,6.824028545427029,6.892612009827458,79100
2015-10-05,7.2149553298950195,7.578446226458755,7.105221624348072,7.1738051085573415,73500
2015-10-06,6.968053817749023,7.269820298772419,6.851462311998226,7.242387041775787,102700
2015-10-07,7.057210445404053,7.084643696099043,6.824027487466497,7.009202420202893,141300
2015-10-08,7.352119445800781,7.358977268922599,7.03663669008376,7.0640699447521795,145600
2015-10-09,7.201235771179199,7.496143731107753,7.166944041456754,7.393268541940416,115000
2015-10-12,7.42070198059082,7.454993711171331,7.009203175805771,7.324685919837822,205100
2015-10-13,7.331544399261475,7.544152624651884,7.317828098237161,7.386411565539982,54100
2015-10-14,7.269819259643555,7.468710507955257,7.2286690530002895,7.345260542085806,81400
2015-10-15,7.276677131652832,7.304110384914035,7.036636329132389,7.276677131652832,71400
2015-10-16,7.256103038787842,7.379553017123118,7.118936759559987,7.31782802795548,48600
2015-10-19,7.228670597076416,7.290395593195875,7.166945600956956,7.2423875535742885,67600
2015-10-20,7.1875176429748535,7.317826063811135,6.899468860940425,7.1875176429748535,51200
2015-10-21,7.2149553298950195,7.269821855638202,6.988630093628663,7.125797062047201,96600
2015-10-22,7.2972517013549805,7.393267749412897,7.160084797168919,7.283534749312265,136900
2015-10-23,7.3589768409729,7.427560300685778,7.214952752884476,7.304110334826735,61000
2015-10-26,7.276677131652832,7.4138440520192,7.20123584869961,7.379552321927608,48000
2015-10-27,6.974909782409668,7.214951185187112,6.87889309048665,7.214951185187112,105400
2015-10-28,7.283535480499268,7.338401986057578,7.002344475997842,7.01606077535725,79900
2015-10-29,7.19437837600708,7.503002681786195,7.160086641129303,7.228670110884858,164700
2015-10-30,7.406986236572266,8.010518516269604,7.3589775485331135,7.461852747993805,212300
2015-11-02,7.564727783203125,8.003660557056332,7.551011481489827,7.770477541386205,370600
2015-11-03,7.5578694343566895,7.811627211999282,7.516719223954461,7.5853026899380405,458800
2015-11-04,7.544151782989502,7.825342790251274,7.544151782989502,7.557868736543903,224900
2015-11-05,7.475566864013672,7.791049539514923,7.441275794942407,7.537291834838298,175700
2015-11-06,7.516717910766602,7.612734615557192,7.420701205976012,7.454992932976958,209500
2015-11-09,7.454996585845947,7.599021386572306,7.400130057384534,7.516721593880188,141700
2015-11-10,7.50985860824585,7.51671708370346,7.379550844852346,7.434417340392792,84800
2015-11-11,7.461851596832275,7.564726126361807,7.406985093875152,7.503001147019965,52500
2015-11-12,7.310967445373535,7.496142359557551,7.2766757219253595,7.413842615718063,110700
2015-11-13,7.304110527038574,7.509860257531288,7.2629609733762495,7.2698194503400915,96000
2015-11-16,7.331544399261475,7.358977655370519,6.920045557625804,7.304111143152429,131800
2015-11-17,7.1600871086120605,7.393270136132959,7.132653849730807,7.324687315960067,273600
2015-11-18,7.283535480499268,7.365835238836733,7.0229192520671235,7.201235722161802,119800
2015-11-19,7.40012788772583,7.5235778675997595,7.173803360663905,7.304111164039393,240500
2015-11-20,7.3589768409729,7.496143760398658,7.310968811610092,7.406985524396053,97900
2015-11-23,7.3178253173828125,7.496141741359604,7.16694213909013,7.269817300950664,115200
2015-11-24,6.981769561767578,7.413843775034288,6.974911085193426,7.324685541751285,252200
2015-11-25,7.1875176429748535,7.242384793999766,6.926902109422763,7.002343379234133,119900
2015-11-27,7.427560806274414,7.509860571095746,7.132652825119348,7.1875193350002355,77200
2015-11-30,7.304110527038574,7.461852226905121,7.283535750207412,7.441277450073958,276900
2015-12-01,7.201235771179199,7.33840203600864,7.08464428255909,7.33840203600864,127100
2015-12-02,7.091501712799072,7.228667957386432,7.050351512392742,7.214951659957819,78000
2015-12-03,6.974909782409668,7.406983914972946,6.947476535297406,7.132650789790123,139000
2015-12-04,7.057210445404053,7.105218470605212,6.906327239551466,6.968052217130264,113000
2015-12-07,6.851461887359619,7.530435446490306,6.728012565556111,7.002345118519904,96400
2015-12-08,6.597704887390137,6.9680542044266565,6.5496968484970335,6.769162916648904,116800
2015-12-09,6.748587608337402,6.8034541210832,6.549696336118778,6.5634126372750154,108300
2015-12-10,6.577127933502197,6.906326926941097,6.446819508054106,6.7211526566467805,153800
2015-12-11,6.350803852081299,6.542836610049157,6.268504098666503,6.494828584072267,119700
2015-12-14,6.20678186416626,6.3988147070336225,6.049040109836914,6.3576651391637675,176200
2015-12-15,6.138195037841797,6.330227776182371,6.076470065574411,6.24107020964085,136600
2015-12-16,6.289079666137695,6.3027959664053865,6.083329929639265,6.172488170590597,57200
2015-12-17,6.227355480194092,6.337088512681315,6.131338749737539,6.295938952528839,89500
2015-12-18,6.090188026428223,6.309654049487147,6.076471072956869,6.179346261810996,394200
2015-12-21,6.16563081741333,6.16563081741333,6.035322997843589,6.090189517037217,78100
2015-12-22,6.350803852081299,6.398811878058189,6.10390393777661,6.172487392652424,69700
2015-12-23,6.465390205383301,6.5001125000124995,6.319554316170585,6.402889015394234,92200
2015-12-24,6.486222267150879,7.291791508827104,6.430665813399772,6.465388762565507,46600
2015-12-28,6.333442687988281,6.548724476972023,6.263997440979375,6.50705679893846,78200
2015-12-29,6.395944118499756,6.583447021108387,6.298719974226758,6.361221162524735,72400
2015-12-30,6.354274749755859,6.416775921439544,6.333441246623005,6.382052974694705,38400
2015-12-31,6.2848334312438965,6.382056947914872,6.208442768390375,6.354278705682374,104500
2016-01-04,6.361220836639404,6.534834945334956,5.951491434152257,6.152883773747687,1553500
2016-01-05,6.0764946937561035,6.520947115493566,5.923714070301763,6.347332981386249,228900
2016-01-06,6.0278825759887695,6.541780222270998,5.729266071828814,5.951491937835113,182100
2016-01-07,5.944547653198242,6.11816177007303,5.812600553493638,5.923713482327854,104900
2016-01-08,5.812600135803223,5.951491286865347,5.750098952253954,5.937602502901759,85700
2016-01-11,5.548705577850342,5.840377271566004,5.50009384965944,5.833432549742981,108500
2016-01-12,5.472316265106201,5.611207406396165,5.257034830535456,5.611207406396165,187100
2016-01-13,5.632040977478027,5.993158611314308,5.486205442999859,5.757043337234465,224500
2016-01-14,5.694543361663818,5.77787806503037,5.576485699656533,5.611208658297267,95900
2016-01-15,5.576484203338623,5.791765959317115,5.437593068329194,5.555650698658502,101400
2016-01-19,5.236201763153076,5.604263507224012,5.180645298473889,5.604263507224012,102800
2016-01-20,5.145920753479004,5.229255755907578,4.9098058515019325,5.145920753479004,113200
2016-01-21,5.118144512176514,5.291758643507951,5.09731100185664,5.152867470899872,46700
2016-01-22,5.305648326873779,5.3681495267875405,5.076477702046936,5.180646258188968,81300
2016-01-25,4.97925329208374,5.263980358786338,4.888973865178102,5.263980358786338,93700
2016-01-26,5.138977527618408,5.187589264646223,4.888973125965993,5.00703076927804,58500
2016-01-27,4.826472282409668,5.041754077212129,4.805638773972428,5.034809353637952,147600
2016-01-28,4.791749954223633,5.062587898651235,4.701470529033543,4.868140262549298,184600
2016-01-29,5.104254245758057,5.132032474025759,4.736192555639698,4.819527240442805,134900
2016-02-01,5.027864456176758,5.0764765260868305,4.909807139782526,5.020920063985396,130600
2016-02-02,4.7986931800842285,4.993141100040796,4.736192334965313,4.951473759580657,94400
2016-02-03,4.7570271492004395,5.194534841188587,4.520912154925511,4.854250970372469,69900
2016-02-04,4.52091121673584,4.937584980718137,4.513966493950541,4.763970884796962,180700
2016-02-05,4.652857780456543,4.687580733159214,4.4097981049657,4.507021908933513,339000
2016-02-08,4.354243278503418,4.576469530627041,4.326465038380808,4.576469530627041,153900
2016-02-09,4.180627822875977,4.493133093451272,4.1320157520818155,4.277851633321657,326300
2016-02-10,4.534801006317139,4.5764683558046535,4.187572762778519,4.215350995770196,222600
2016-02-11,4.263961315155029,4.6042450524727245,4.257016924795612,4.416741876772785,130200
2016-02-12,5.645930767059326,5.84037837897786,4.597301415213757,4.69452555231565,1167400
2016-02-16,5.34036922454834,5.86121114159931,5.30564627554507,5.66676355438023,445900
2016-02-17,5.500093460083008,5.757042188768783,5.326479400515451,5.409814069633669,569400
2016-02-18,5.666764736175537,5.854268302525684,5.402871527057966,5.534817966045425,1012200
2016-02-19,5.416759967803955,5.7778769457721,5.416759967803955,5.638985800399737,281100
2016-02-22,5.715376377105713,5.840378752475704,5.402871432108675,5.590374664021015,261500
2016-02-23,5.854267597198486,6.048715201542113,5.55565113667114,5.715375788953527,235000
2016-02-24,5.763988494873047,5.833433740422565,5.729265540955657,5.770933218113576,158400
2016-02-25,5.798711776733398,5.805655838081385,5.65981995320889,5.763988820852271,92800
2016-02-26,5.8264899253845215,5.923713405714387,5.687598103852792,5.812600478317234,134800
2016-02-29,6.319553852081299,6.625114393461887,5.7709332924340195,5.826489754503218,373100
2016-03-01,6.145938396453857,6.354274752440666,6.118160171503274,6.354274752440666,448800
2016-03-02,6.132049560546875,6.18760601595391,5.979268977034935,6.0695483826426635,295600
2016-03-03,6.25010871887207,6.270942229161746,6.118162270656993,6.125106332563317,366200
2016-03-04,6.166772842407227,6.31955343413597,6.118161106882945,6.250107529999661,222100
2016-03-07,6.215384006500244,6.312608130895419,6.12510460433726,6.13899404880164,264600
2016-03-08,6.173716068267822,6.215383070817962,6.111214902157547,6.18760484835618,297900
2016-03-09,6.062605381011963,6.229275456827446,5.965381887595424,6.145940750062393,95900
2016-03-10,5.791766166687012,6.090382614362902,5.694542037556788,6.0348254960847765,178600
2016-03-11,6.118163108825684,6.173719585399444,5.854269513957601,5.854269513957601,122600
2016-03-14,5.993160724639893,6.159830154896456,5.895936559180842,6.027883688181371,106100
2016-03-15,5.770933628082275,5.930658300249786,5.680654206397692,5.930658300249786,145500
2016-03-16,5.916769981384277,5.951492278219647,5.757044634343064,5.757044634343064,127900
2016-03-17,6.083437919616699,6.125104930659373,5.902879105671249,5.916768550875606,148500
2016-03-18,6.215384006500244,6.263996399840414,6.0417699244064655,6.062603428817873,401000
2016-03-21,6.194551944732666,6.257053134807901,6.0487160553188914,6.138995478506972,228600
2016-03-22,6.0278825759887695,6.194551975493495,5.882046685850805,6.194551975493495,328400
2016-03-23,5.820266246795654,6.010286671622546,5.756925881460849,6.010286671622546,144600
2016-03-24,6.052513599395752,6.094740060728849,5.7146985528434655,5.7639629814579125,168000
2016-03-28,6.1299309730529785,6.319951445564755,5.961023737225245,6.108817736368935,178900
2016-03-29,6.44663143157959,6.474782634160293,6.059551892711709,6.080665798030446,198200
2016-03-30,6.35513973236084,6.495895742539286,6.348102435235117,6.453669275074552,127700
2016-03-31,6.650730133056641,6.692957287214843,6.291801671834378,6.383293279862279,297300
2016-04-01,6.5170087814331055,6.559235243286554,6.31291242600141,6.552197947095986,551300
2016-04-04,6.538121700286865,6.6648024221555975,6.41847894545028,6.538121700286865,79900
2016-04-05,6.460707664489746,6.559236542448016,6.411442554332968,6.488858868360343,137100
2016-04-06,6.531086444854736,6.60146480204119,6.362179193020557,6.446632818937647,75500
2016-04-07,6.39736795425415,6.573313164563988,6.341065540649219,6.474783605166502,91900
2016-04-08,6.277724742889404,6.509972351463623,6.242535568916229,6.460707910607779,95400
2016-04-11,6.35513973236084,6.418480104735541,6.207345753879072,6.312913264896106,133900
2016-04-12,6.5170087814331055,6.6085003436855905,6.355138887854859,6.355138887854859,80300
2016-04-13,6.608500957489014,6.657765391286265,6.4888581858292,6.559235852514191,189000
2016-04-14,6.587386608123779,6.735180570702399,6.54516014520276,6.636651709768337,170200
2016-04-15,6.777408123016357,6.89001292599098,6.517009348343152,6.552198517067113,230500
2016-04-18,7.094109535217285,7.206714341938577,6.749257146838931,6.87593788998918,326600
2016-04-19,7.030770301818848,7.333396272256136,6.995581126227445,7.108186622355475,160100
2016-04-20,6.9533538818359375,7.2419038815862615,6.897051475600636,7.037807491188889,153800
2016-04-21,6.805561065673828,6.95335507520095,6.791485126110416,6.939279135637538,73300
2016-04-22,6.868898868560791,6.9815036580162975,6.7492561119699435,6.798520539562356,122400
2016-04-25,6.650730133056641,6.91112901536166,6.47478488789018,6.868902532381304,148700
2016-04-26,6.819634914398193,6.960391596019662,6.650727701865552,6.678878903954326,217900
2016-04-27,6.777408123016357,6.960391263438903,6.728143689509353,6.861861725247325,157600
2016-04-28,6.728144645690918,6.932241047882315,6.664804267221577,6.805560290943633,169800
2016-04-29,5.911757469177246,6.284761714443374,5.017956350711804,6.052514142729969,659300
2016-05-02,6.031400203704834,6.059551404015172,5.785077368783764,5.946946602773819,227400
2016-05-03,5.953984260559082,6.094740254780126,5.799152331327172,5.989173426908724,234700
2016-05-04,5.996212959289551,6.0384394329872535,5.8273050509656485,5.841380989650014,186900
2016-05-05,6.052513599395752,6.052513599395752,5.9117569384787565,6.024362401447854,238300
2016-05-06,6.144006252288818,6.2143846029415,5.939909840809271,6.010288191461954,206700
2016-05-09,6.256608963012695,6.298835417668914,5.918793969875968,6.151041484017357,172100
2016-05-10,6.214383125305176,6.411441520627995,6.1017783279778515,6.263647556341497,184900
2016-05-11,6.1510443687438965,6.291800402238938,6.094741955345879,6.165120307682256,103400
2016-05-12,6.010288238525391,6.214384651603109,5.94694785667753,6.165120208467084,118300
2016-05-13,6.0032501220703125,6.087703738738839,5.883607330662146,5.9750989165141375,210900
2016-05-16,6.073629379272461,6.207347457854459,6.045478169509,6.052516139744311,165600
2016-05-17,6.0243635177612305,6.186232768161614,5.939909237090671,6.059552018333401,91100
2016-05-18,5.925832271575928,6.045475018505265,5.841378686304179,5.982134661757095,220400
2016-05-19,6.263647556304932,6.312912658518499,5.80619039937096,5.869530765661595,296200
2016-05-20,6.270686149597168,6.467744564580567,6.045476532473283,6.27772411792669,177200
2016-05-23,6.228458404541016,6.432554745994517,6.207344503882835,6.28476079727457,145800
2016-05-24,6.1510443687438965,6.27068716500911,6.101779924815059,6.242535958310102,193900
2016-05-25,6.284762859344482,6.319951362965424,6.151044129345243,6.165120067735766,187900
2016-05-26,6.291800022125244,6.488859128290858,6.242535581172676,6.341065134255483,248800
2016-05-27,6.418480396270752,6.474782802899455,6.228459941693289,6.334026786327699,222100
2016-05-31,6.341062545776367,6.467742580967845,6.08770113303862,6.383289000447728,355200
2016-06-01,6.341062545776367,6.404402898960804,6.122890292716351,6.319948647263291,235200
2016-06-02,6.326990127563477,6.4255196951508164,6.122893693486518,6.3199521574834305,217900
2016-06-03,6.418480396270752,6.524047912082792,6.207346035824303,6.334026786327699,286200
2016-06-06,6.622579574584961,6.622579574584961,6.334029451409229,6.446634312045816,347600
2016-06-07,6.580351829528809,6.707031937939721,6.5522006197510745,6.622578308606518,107100
2016-06-08,6.559236526489258,6.6014636677812355,6.369216068619458,6.587387730291363,117300
2016-06-09,6.390328884124756,6.55923609584792,6.390328884124756,6.517009628505928,117200
2016-06-10,6.263647556304932,6.3903282888862,6.235496356973265,6.326987922595566,125000
2016-06-13,5.932871341705322,6.228459280726926,5.9258333738291995,6.228459280726926,211700
2016-06-14,5.693586349487305,5.953985145284258,5.665435146460002,5.932871910808187,176400
2016-06-15,5.714698791503906,5.883605986245295,5.630245194133211,5.74284999062747,239800
2016-06-16,5.749889373779297,5.778040579833463,5.595057404892539,5.679511023055036,222100
2016-06-17,5.7428507804870605,5.925833935546114,5.630245968505372,5.721737546034899,222900
2016-06-20,5.771002769470215,5.876570298464143,5.74285156264071,5.79915397629972,90400
2016-06-21,5.665435314178467,5.792115395962729,5.538754561216562,5.792115395962729,197700
2016-06-22,5.693586349487305,5.756926724093141,5.630245974881468,5.6724731150112335,133200
2016-06-23,5.804244518280029,5.875637030265567,5.718573095383816,5.74713023634922,177700
2016-06-24,5.511534690856934,5.78282827871897,5.333052344981115,5.59006701836215,309700
2016-06-27,5.497256278991699,5.511534853465909,5.2973562363527655,5.440141981094861,321200
2016-06-28,5.48297643661499,5.640041059939195,5.368747867235925,5.554369632904896,242000
2016-06-29,5.55436897277832,5.575786656777448,5.425861507071759,5.561508087302046,188900
2016-06-30,5.697154998779297,5.739990709696078,5.525811814684206,5.582926436334549,96100
2016-07-01,5.847080230712891,5.88991628509018,5.6685982594714845,5.6685982594714845,140600
2016-07-05,5.704294204711914,5.818522768978815,5.682876519125858,5.789965627912089,106500
2016-07-06,5.76140832901001,5.825662064863879,5.404444075455081,5.661458338014629,170200
2016-07-07,5.782828330993652,5.961310678482887,5.747131725324581,5.782828330993652,81300
2016-07-08,5.832802772521973,5.9327531254058625,5.675738126806167,5.811385082924024,156300
2016-07-11,5.88991641998291,5.939891250520966,5.575787503399129,5.7114341042258525,384500
2016-07-12,6.039842128753662,6.082678187915573,5.918474088793652,5.918474088793652,131900
2016-07-13,6.089817523956299,6.118374672405974,5.982728387484047,6.046982141709848,108500
2016-07-14,6.075538158416748,6.161209587807019,6.075538158416748,6.118373532683885,61100
2016-07-15,6.16834831237793,6.268297961053496,6.068397982846447,6.0826768931463375,303800
2016-07-18,6.039842128753662,6.161210168713672,5.918474088793652,6.161210168713672,209400
2016-07-19,5.925612449645996,6.0826770630524605,5.825662117322621,6.00414441592126,150000
2016-07-20,5.825663089752197,5.968448816293957,5.825663089752197,5.911334525677253,199800
2016-07-21,5.789966583251953,5.939891768803783,5.782827807449341,5.811384953227972,107000
2016-07-22,5.847080230712891,5.897055740962393,5.675737374915704,5.782827170430935,178800
2016-07-25,5.775688171386719,5.882777294516177,5.697155852720832,5.818523548296086,117800
2016-07-26,5.839941024780273,5.897055305831665,5.732851237166962,5.797104973563761,122500
2016-07-27,5.818521976470947,5.954168888704156,5.754268928464321,5.825661430979191,130700
2016-07-28,5.789966583251953,5.854220331467889,5.732852291694691,5.804245496569299,141600
2016-07-29,5.6329026222229,5.839942452284566,5.018923610412623,5.5043954584452255,276500
2016-08-01,5.797105312347412,5.91133388112573,5.540091032596198,5.661458716709166,222500
2016-08-02,5.6614580154418945,5.9470297424427905,5.597204623676954,5.782826365377317,212100
2016-08-03,5.768548965454102,5.782827878947992,5.525812882906527,5.647180924180314,208200
2016-08-04,5.789966583251953,5.847080874809216,5.604345135690851,5.761409437473322,144400
2016-08-05,5.647181510925293,5.882778161204533,5.640042393864626,5.782828479786759,98000
2016-08-08,5.847080230712891,5.882776829217968,5.647180232282839,5.647180232282839,173800
2016-08-09,5.775688171386719,5.97558818562786,5.739991570058219,5.832802461169901,98300
2016-08-10,5.804244518280029,5.8542193447555,5.690015613990438,5.782826832769962,161200
2016-08-11,5.918472766876221,6.118372742985772,5.732851020060823,5.804244209099333,300800
2016-08-12,5.832802772521973,6.132653150317566,5.732852419638083,5.9327531254058625,117800
2016-08-15,5.847080230712891,5.997005399749425,5.811384313063799,5.811384313063799,67700
2016-08-16,5.804244518280029,6.0112839604931985,5.761408466403949,5.832801659245433,128200
2016-08-17,5.797105312347412,5.854219596736571,5.732851572195615,5.797105312347412,91000
2016-08-18,5.925612449645996,5.947030134838171,5.768547836239532,5.789965521431706,95300
2016-08-19,5.961309432983398,6.011284261965158,5.825662495952936,5.889916236561473,148300
2016-08-22,5.8684983253479,5.925612607956876,5.804244587198814,5.925612607956876,110500
2016-08-23,5.989867687225342,6.025563611206232,5.882777872714351,6.004145920646477,105900
2016-08-24,5.904195308685303,6.011284425373273,5.847080341481585,5.947030683018091,88800
2016-08-25,6.054120063781738,6.1326527215773785,5.811384676644022,5.889916653583634,125000
2016-08-26,5.989867687225342,6.118374511439981,5.911335020412728,6.054120758904609,120600
2016-08-29,5.897057056427002,6.032703343977915,5.889917598962181,5.982728503436443,112100
2016-08-30,5.918472766876221,6.032701324653107,5.875636717281933,5.897055082507031,98200
2016-08-31,5.932754993438721,5.982729845188094,5.868501223557361,5.932754993438721,103300
2016-09-01,5.989867687225342,6.075539130320471,5.911335020412728,5.961310539526966,85100
2016-09-02,6.211184978485107,6.282578183179902,6.004145501897472,6.004145501897472,94400
2016-09-06,6.10409688949585,6.232603726583642,6.061260823229135,6.204046576024558,115800
2016-09-07,6.16834831237793,6.239740821309632,6.075537437996392,6.075537437996392,98600
2016-09-08,6.225463390350342,6.254020533756976,6.139791960130438,6.168349103537072,91600
2016-09-09,6.004146575927734,6.182628938735841,5.9470322742976345,6.182628938735841,101500
2016-09-12,6.039842128753662,6.061259817906587,5.91133463212399,5.954170691285901,103000
2016-09-13,5.961309432983398,6.04698086017612,5.889916236561473,5.961309432983398,81500
2016-09-14,5.968447685241699,6.011283735514595,5.8970551759281005,5.961308910909484,565200
2016-09-15,6.054120063781738,6.082677889057265,5.918473798003131,5.997005774942743,156000
2016-09-16,6.139791011810303,6.196905289801998,6.061258368929797,6.0683978238927345,233200
2016-09-19,6.1540703773498535,6.21118466588882,6.075538400822781,6.1326526893617475,162600
2016-09-20,6.161210060119629,6.268299184852821,6.139792371344201,6.161210060119629,140500
2016-09-21,6.232602596282959,6.3682495474807705,6.104095782500252,6.1754883055226335,186900
2016-09-22,6.344740390777588,6.46772787576987,6.25792464027927,6.25792464027927,246200
2016-09-23,6.1494059562683105,6.402617065739619,6.142171195438898,6.2940977231327295,85200
2016-09-26,6.040886878967285,6.315800871712455,6.040886878967285,6.127701932983347,70500
2016-09-27,6.011948108673096,6.062590047500527,5.910663541073562,6.004713348856414,64400
2016-09-28,6.069825649261475,6.098764002597565,5.968541067612779,5.9902446601286545,79900
2016-09-29,6.026416778564453,6.134935413158501,6.019182018939609,6.084293475673899,111900
2016-09-30,6.127701759338379,6.149405349741185,5.9613057263976685,6.040886707782455,138300
2016-10-03,6.091526985168457,6.257922282723567,6.069823400692684,6.098761743308551,115900
2016-10-04,5.932366847991943,6.120466454597562,5.888959671048885,6.120466454597562,79400
2016-10-05,5.917896747589111,5.983008188959768,5.860020064136193,5.932365573480096,107600
2016-10-06,5.946835041046143,6.06258840701243,5.903427183836542,5.903427183836542,52000
2016-10-07,6.040886878967285,6.06259046998512,5.961305895327356,5.968540655648207,71300
2016-10-10,6.019180774688721,6.1204653186656115,5.9830083639311615,6.055353875390789,120200
2016-10-11,5.997478008270264,6.098762566061844,5.983009179982669,6.019181595673958,87100
2016-10-12,5.968539237976074,6.120465718904156,5.896193031840966,6.019181168303916,247100
2016-10-13,5.773204326629639,5.939599953454978,5.758735156687098,5.939599953454978,209200
2016-10-14,6.019180774688721,6.10599580240698,5.845550719252202,5.932365746970461,77500
2016-10-17,5.860020637512207,6.077057876724502,5.823847534328639,6.077057876724502,100000
2016-10-18,5.787674427032471,5.968539252877235,5.751501323874606,5.896193046561507,69900
2016-10-19,5.787674427032471,5.823847530190335,5.7153285656890205,5.751501323874606,182300
2016-10-20,5.679154872894287,5.787673826128648,5.606809019062128,5.787673826128648,161100
2016-10-21,5.6429829597473145,5.715328824365143,5.4982908855393635,5.606809854952253,178400
2016-10-24,5.715329170227051,5.787675039222874,5.498291218267267,5.715329170227051,191100
2016-10-25,5.679154872894287,5.787673826128648,5.642982118464329,5.715327972296488,121500
2016-10-26,5.606809616088867,5.751501339160313,5.606809616088867,5.715328580878592,121300
2016-10-27,5.751502513885498,5.823848735169975,5.570637650619006,5.570637650619006,156500
2016-10-28,5.715329170227051,5.896193670230451,5.570637087263091,5.570637087263091,99300
2016-10-31,5.715329170227051,5.860021253191012,5.606810194247159,5.715329170227051,152900
2016-11-01,5.679154872894287,5.823846925530849,5.642982118464329,5.823846925530849,104300
2016-11-02,5.715329170227051,5.8238481462069425,5.642983301231228,5.679156063242982,96200
2016-11-03,5.715329170227051,5.787675039222874,5.606810194247159,5.679156063242982,126600
2016-11-04,6.1494059562683105,6.185579070470608,5.606811313068166,5.642984427270462,320300
2016-11-07,6.040886878967285,6.257924169035081,5.932367543988668,6.221751747320261,259600
2016-11-08,6.040886878967285,6.040886878967285,5.990244246666043,6.004713767307746,103100
2016-11-09,6.113231658935547,6.2434545688830845,5.96853992007419,5.96853992007419,63700
2016-11-10,6.0770583152771,6.257923154302544,6.0770583152771,6.18557763265913,140100
2016-11-11,6.1494059562683105,6.185579070470608,6.0047141894038925,6.077059727863718,124300
2016-11-14,6.2217512130737305,6.294096740235957,6.1494049959668455,6.1494049959668455,119700
2016-11-15,6.402615547180176,6.511134174104069,6.185577603387786,6.257923124688848,139200
2016-11-16,6.474960803985596,6.54730701227599,6.3664421814945795,6.402615285639777,72800
2016-11-17,6.547308921813965,6.6558275759547,6.438789577728452,6.438789577728452,101100
2016-11-18,6.691999435424805,6.728172543334949,6.583480801639018,6.583480801639018,101000
2016-11-21,6.800517559051514,6.872863769444558,6.691998933406543,6.7281720386030655,76000
2016-11-22,6.9090375900268555,7.003087397298219,6.7643458442034765,6.836691372142832,66700
2016-11-23,6.981383323669434,7.089902653692939,6.872864683590614,6.90903779359845,90500
2016-11-25,6.9090375900268555,7.089902444792246,6.872864481084844,6.945210698968867,39800
2016-11-28,6.872864723205566,7.01755647412622,6.872864723205567,6.945210943638239,84700
2016-11-29,6.9090375900268555,7.017556226908223,6.691999626319453,6.836691372142832,51000
2016-11-30,6.872864723205566,7.01755647412622,6.858395203141156,6.981383363909884,66000
2016-12-01,6.872864723205566,6.981383363909884,6.836691612989231,6.872864723205567,86700
2016-12-02,6.981383323669434,7.017556433677269,6.749876523530786,6.836691573582779,72300
2016-12-05,7.162247180938721,7.198420285881763,7.017555451111143,7.0537285560541845,87300
2016-12-06,7.23459529876709,7.379287066753478,7.16224906980151,7.16224906980151,97000
2016-12-07,7.451631546020508,7.523977068054048,7.205655253228327,7.2707667060197405,85600
2016-12-08,7.379284858703613,7.581853273271478,7.162246926694332,7.451631066021562,136900
2016-12-09,7.379284858703613,7.451631066021562,7.162246926694332,7.379284858703612,37100
2016-12-12,7.270765781402588,7.52397611123635,7.234592680013615,7.379284395624983,57500
2016-12-13,7.306939125061035,7.4154577428814825,7.133308370625955,7.306939125061035,57000
2016-12-14,7.23459529876709,7.415460181236267,7.089903530780703,7.343113952270688,78300
2016-12-15,7.343113422393799,7.451632758011446,7.234594776720876,7.234594776720876,74500
2016-12-16,7.704844951629639,7.704844951629639,7.306942698403932,7.379288249015477,203400
2016-12-19,7.596324920654297,7.741016685915903,7.487806269194282,7.741016685915903,82000
2016-12-20,7.71701717376709,7.826737516073169,7.336652018280824,7.643869813839754,65500
2016-12-21,7.607295989990234,7.782849510978402,7.248875467812358,7.680443348534047,47700
2016-12-22,7.71701717376709,7.826737516073169,7.226931675974744,7.607296133876087,94700
2016-12-23,7.826737880706787,7.826737880706787,7.607296488286325,7.643870169953895,35200
2016-12-27,7.826737880706787,7.863311562374356,7.570723504203712,7.863311562374356,64000
2016-12-28,7.607295989990234,7.826737368036762,7.570723008303239,7.826737368036762,71000
2016-12-29,7.680441856384277,7.790162175298715,7.570721537469841,7.643868184217874,57800
2016-12-30,7.790163993835449,7.790163993835449,7.5707233047803175,7.717017330012052,57000
2017-01-03,8.338765144348145,8.375338816423792,7.790162155967746,7.863309500119041,521400
2017-01-04,8.448485374450684,8.594779351555971,8.192470391327898,8.375338037105685,278800
2017-01-05,8.375338554382324,8.55820621145436,8.192470897310288,8.521632540523003,86100
2017-01-06,7.899881839752197,8.15589610593125,7.680440541895398,8.082749471702087,166400
2017-01-09,7.71701717376709,7.899884876000504,7.643869813839754,7.899884876000504,146600
2017-01-10,7.899881839752197,7.936455505659106,7.570720241759326,7.717014207802307,86800
2017-01-11,8.375338554382324,8.411912225313682,7.863309254097572,7.89988292502893,141700
2017-01-12,8.046177864074707,8.338765871007126,7.899883860608497,8.338765871007126,154800
2017-01-13,8.082751274108887,8.302192620899838,7.958401200846841,8.082751274108887,183100
2017-01-17,8.192474365234375,8.302195424474037,7.973032944340097,8.11932768999298,161700
2017-01-18,8.082751274108887,8.265618946837211,7.9730302519210055,8.265618946837211,121300
2017-01-19,8.41191291809082,8.558206916279786,8.11932492171289,8.155897898071524,155000
2017-01-20,8.338765144348145,8.52163280714161,8.192471153630326,8.41191248849944,111400
2017-01-23,8.338765144348145,8.704500469935077,8.192471153630326,8.265618497781622,250700
2017-01-24,8.558206558227539,8.631353903054139,8.37533889374582,8.37533889374582,144700
2017-01-25,8.799592018127441,8.814221766456841,8.338765409523313,8.558206751370726,225200
2017-01-26,8.558206558227539,8.77764789512256,8.558206558227539,8.77764789512256,102200
2017-01-27,8.777647972106934,8.887368292724357,8.558206633287304,8.594780306021374,219800
2017-01-30,8.667929649353027,8.777649995259797,8.521634924697407,8.777649995259797,187100
2017-01-31,8.741076469421387,8.997091544533063,8.63135612156493,8.887370499091649,226800
2017-02-01,8.923941612243652,8.997088954816576,8.777647624682562,8.850794967255485,215300
2017-02-02,8.960515975952148,9.070236300705393,8.81422197708622,9.070236300705393,271900
2017-02-03,9.143383979797363,9.17995765523352,8.997089975637573,9.07023662892505,175200
2017-02-06,9.070236206054688,9.253103877125023,8.887368534984352,9.143383553516744,162400
2017-02-07,8.997091293334961,9.070237957335364,8.88737025095695,9.033664974127632,100600
2017-02-08,9.143383979797363,9.143383979797363,8.814222296041626,9.07023662892505,176100
2017-02-09,9.070236206054688,9.143383553516744,9.019033481382131,9.143383553516744,186400
2017-02-10,9.179957389831543,9.494489315285442,9.106810041073993,9.472545389692105,260400
2017-02-13,9.289676666259766,9.36282400675647,9.179956353099449,9.326250336508119,318500
2017-02-14,9.253104209899902,9.399398910085297,9.143383882345686,9.216531232438383,237300
2017-02-15,9.143383979797363,9.253104308520998,8.982460226429176,9.216531330669678,244800
2017-02-16,8.997091293334961,9.201902929155002,8.997091293334961,9.106811638128034,210800
2017-02-17,9.143383979797363,9.32625165939331,8.814222296041626,8.997089975637573,286900
2017-02-21,9.216531753540039,9.28967841018361,9.143384399311598,9.216531753540039,245900
2017-02-22,8.960515975952148,9.399398670134751,8.81422197708622,9.216530997156134,277600
2017-02-23,8.777647972106934,9.399398315831757,8.631353978755442,8.997089310926565,521500
2017-02-24,8.887371063232422,8.923944747367804,8.631356669454762,8.777650708411283,399300
2017-02-27,8.923941612243652,9.143382942377668,8.741073953396098,8.850794967255485,262900
2017-02-28,8.81422233581543,9.033663691837754,8.777648660214236,8.850796011416625,245400
2017-03-01,8.960515975952148,9.03366332417752,8.81422197708622,8.887368627726778,179900
2017-03-02,8.850796699523926,9.033664394162148,8.850796699523926,8.923943358828277,145000
2017-03-03,8.887371063232422,9.033665799773946,8.704503340140521,8.887371063232422,189600
2017-03-06,8.594779968261719,8.814221298457692,8.48505965195611,8.814221298457692,246700
2017-03-07,8.667929649353027,8.741076314095892,8.485061941118449,8.594782287025218,198500
2017-03-08,8.594779968261719,8.777647627160903,8.50700357570028,8.667927310855296,440300
2017-03-09,8.375338554382324,8.631353553317076,8.375338554382324,8.55820621145436,140100
2017-03-10,8.229045867919922,8.558207563119746,8.192472191212193,8.411913553873697,228900
2017-03-13,8.375338554382324,8.448485896245039,8.214414820835202,8.265618239173003,207000
2017-03-14,8.265620231628418,8.448487932781326,8.229046551880852,8.33876689353863,107800
2017-03-15,8.302192687988281,8.41191301347798,8.192471664913766,8.229045339271938,288000
2017-03-16,8.192474365234375,8.375342099715434,8.11932768999298,8.338768413302212,247700
2017-03-17,8.192474365234375,8.338768413302212,8.155900678821155,8.192474365234375,333600
2017-03-20,8.338765144348145,8.448486160575088,8.119324507063803,8.192471153630326,157200
2017-03-21,8.265620231628418,8.375340573286195,8.08275253047551,8.33876689353863,168700
2017-03-22,8.302192687988281,8.41191301347798,8.229045339271938,8.26561901363011,111200
2017-03-23,8.48505973815918,8.594780055579479,8.302192077402168,8.302192077402168,246300
2017-03-24,8.643899917602539,8.703003451380665,8.459201198403468,8.533080967910976,149800
2017-03-27,8.754719734191895,8.865538685938237,8.496141240690811,8.570021011568182,156300
2017-03-28,8.754719734191895,8.939418456815607,8.71777984875321,8.754719734191895,227400
2017-03-29,8.754719734191895,8.850762449934878,8.533081126129495,8.754719734191895,107800
2017-03-30,8.717779159545898,8.828598102531155,8.64389939450929,8.717779159545898,110500
2017-03-31,8.643899917602539,8.865538521555361,8.606960032848784,8.717779687110045,62300
2017-04-03,8.570021629333496,8.865539325005784,8.496141853130542,8.606960812865209,570200
2017-04-04,8.606962203979492,8.7768854348825,8.570023014477423,8.570023014477423,133700
2017-04-05,8.385324478149414,8.717782124754788,8.348384583066618,8.643902334589196,143400
2017-04-06,8.643899917602539,8.717779687110045,8.422261313649715,8.422261313649715,147900
2017-04-07,8.45920181274414,8.643900545356763,8.4444262805114,8.643900545356763,89900
2017-04-10,8.496143341064453,8.717782003919243,8.459203446493675,8.459203446493675,193700
2017-04-11,8.606962203979492,8.754721780267282,8.496143226333528,8.496143226333528,147700
2017-04-12,8.570021629333496,8.71778047716964,8.496141853130542,8.606960812865209,130100
2017-04-13,8.45920181274414,8.606960657920288,8.348382855004468,8.570021475053563,304500
2017-04-17,8.496143341064453,8.555246890549746,8.422263551922894,8.533083235635234,171700
2017-04-18,8.643899917602539,8.813823105641927,8.496141083157223,8.533080967910976,152200
2017-04-19,8.570021629333496,8.79165954880283,8.496141853130542,8.71778047716964,140900
2017-04-20,8.643899917602539,8.828598636801608,8.533080967910976,8.680839802356292,172600
2017-04-21,8.606962203979492,8.850764518456517,8.570023014477423,8.680841992123387,203300
2017-04-24,8.717779159545898,8.902477867567763,8.64389939450929,8.754719042064202,216400
2017-04-25,9.12411880493164,9.271877668440405,8.791660481324623,8.791660481324623,332400
2017-04-26,9.197998046875,9.271877832219317,8.976359395411897,9.161058154202841,229300
2017-04-27,9.271876335144043,9.382695290697384,9.161056675020964,9.197996561728656,173900
2017-04-28,9.013298988342285,9.382696493639672,8.754721157376009,8.754721157376009,274000
2017-05-01,8.717779159545898,9.087176575589627,8.64389939450929,9.087176575589627,182200
2017-05-02,8.717779159545898,8.828598102531155,8.533080451524036,8.717779159545898,249700
2017-05-03,8.533082962036133,8.754721617784448,8.533082962036133,8.643901937625358,147400
2017-05-04,8.237565040588379,8.606962588678797,8.200625849435264,8.53308350180266,181700
2017-05-05,8.274502754211426,8.385322412155832,8.126743914855275,8.348382526174364,257800
2017-05-08,8.237565040588379,8.3705483833633,8.200625849435264,8.237565040588379,116600
2017-05-09,8.200626373291016,8.311445362969291,8.148910234147195,8.200626373291016,68400
2017-05-10,8.385324478149414,8.422263668662314,8.20062570730533,8.274504792901025,210300
2017-05-11,8.237565040588379,8.385324623480473,8.18584960931809,8.385324623480473,105700
2017-05-12,8.237565040588379,8.274504936311402,8.089806162266193,8.274504936311402,134000
2017-05-15,8.385324478149414,8.422263668662314,8.20062570730533,8.31144468798382,172900
2017-05-16,8.348382949829102,8.49614179668356,8.274503174116992,8.42226202097145,163700
2017-05-17,8.16368579864502,8.385324464203281,8.16368579864502,8.311444674160562,187600
2017-05-18,8.237565040588379,8.296668591917253,8.126746057989216,8.163685953712239,117200
2017-05-19,8.237565040588379,8.348384727757448,8.148909713595067,8.237565040588379,132100
2017-05-22,8.274502754211426,8.333606289953886,8.089804028873806,8.200623686818211,177300
2017-05-23,8.311443328857422,8.422262291414274,8.27450343981521,8.27450343981521,91700
2017-05-24,8.422263145446777,8.51830658486759,8.2745042788647,8.348384064440665,164600
2017-05-25,8.385324478149414,8.496143458827907,8.31144468798382,8.496143458827907,97400
2017-05-26,8.496143341064453,8.533083235635234,8.348384467351222,8.422263551922894,121200
2017-05-30,8.606962203979492,8.717781886195334,8.311444460543669,8.45920333226158,159700
2017-05-31,8.606962203979492,8.703005646738605,8.570023014477423,8.680841992123387,154800
2017-06-01,8.717779159545898,8.79165822001285,8.533080451524036,8.57002033404234,141700
2017-06-02,8.79166030883789,8.828600200132804,8.606961556933145,8.79166030883789,128600
2017-06-05,8.496143341064453,8.791661088490915,8.496143341064453,8.754721898490022,122700
2017-06-06,8.422263145446777,8.592186370443555,8.385323957228648,8.496142931022742,110800
2017-06-07,8.385324478149414,8.570023248993499,8.31144468798382,8.45920356374511,114000
2017-06-08,8.680838584899902,8.680838584899902,8.23756143916228,8.422260132458023,142800
2017-06-09,8.865540504455566,8.998523837484754,8.584798303932757,8.680841743946075,161900
2017-06-12,8.643899917602539,9.072400889778805,8.57002085266473,8.93941829106287,113600
2017-06-13,8.754719734191895,8.865538685938237,8.606960192437155,8.64390007787584,97500
2017-06-14,8.643899917602539,8.791658752047855,8.496141083157223,8.791658752047855,105100
2017-06-15,8.717779159545898,8.828598102531155,8.533080451524036,8.57002033404234,105200
2017-06-16,8.754719734191895,8.865538685938237,8.570021011568182,8.71777984875321,109900
2017-06-19,8.717779159545898,8.828598102531155,8.64389939450929,8.79165822001285,85700
2017-06-20,8.79166030883789,8.828600200132804,8.570022370208056,8.643901448228059,105100
2017-06-21,8.680838584899902,8.865537278195644,8.606958825753765,8.680838584899902,157300
2017-06-22,8.680838584899902,8.791657519049508,8.606958825753765,8.606958825753765,105400
2017-06-23,8.542813301086426,8.729337612077543,8.505508296581446,8.654728314601364,164500
2017-06-26,8.542813301086426,8.654728314601364,8.393593994600288,8.393593994600288,132700
2017-06-27,8.393594741821289,8.580119069417318,8.393594741821289,8.468204757473236,77700
2017-06-28,8.617424964904785,8.729339288376908,8.356290594757947,8.468205629763984,63400
2017-06-29,8.505507469177246,8.67711018859336,8.505507469177246,8.617422471805245,89700
2017-06-30,8.580119132995605,8.654729149200412,8.453282532367746,8.542814124893203,83500
2017-07-03,8.6547269821167,8.729336268106008,8.58011698459372,8.6547269821167,36600
2017-07-05,8.43089771270752,8.61742199523851,8.393592713894586,8.61742199523851,117000
2017-07-06,8.2816801071167,8.542813728653718,8.244375100744605,8.393594414699162,76600
2017-07-07,8.2816801071167,8.356289408327068,8.192147807210151,8.2816801071167,115800
2017-07-10,8.393594741821289,8.468204757473236,8.20707041422526,8.31898472616934,158000
2017-07-11,8.393594741821289,8.468204757473236,8.281680429877209,8.430899749647264,105100
2017-07-12,8.505507469177246,8.617422471805245,8.468203179834957,8.505507469177246,90300
2017-07-13,8.542813301086426,8.639806028185859,8.490586721699723,8.505508296581446,124000
2017-07-14,8.617424964904785,8.69203427670823,8.505509929898748,8.617424964904785,351500
2017-07-17,8.729336738586426,8.729336738586426,8.639805163653618,8.65472744857594,113600
2017-07-18,8.915863037109375,8.990473055441885,8.766643711978222,8.766643711978222,247300
2017-07-19,8.990472793579102,9.214302130523357,8.915862777419735,8.953167785499417,126900
2017-07-20,9.139692306518555,9.251606621576666,9.065082288790572,9.065082288790572,203800
2017-07-21,8.990472793579102,9.139692114363989,8.915862777419735,9.065082098204622,255200
2017-07-24,9.027777671813965,9.17699699045266,8.975550376640044,9.06508196782326,212700
2017-07-25,9.065082550048828,9.251606888210604,9.027778251643578,9.10238755998796,210800
2017-07-26,9.102385520935059,9.214300525682036,9.065080519352732,9.065080519352732,202200
2017-07-27,8.915863037109375,9.288911705704193,8.803948721144478,9.176997389739295,264300
2017-07-28,8.4682035446167,9.214300748141211,8.28167924373557,8.766642141413007,344500
2017-07-31,8.207070350646973,8.542813995412127,8.169765343109992,8.542813995412127,200900
2017-08-01,8.2816801071167,8.318984401954976,8.11753850599978,8.207070094372513,159700
2017-08-02,8.207070350646973,8.318984661724079,8.020546024495905,8.207070350646973,258700
2017-08-03,8.095157623291016,8.356291304069902,8.057852608455754,8.207071956262828,227900
2017-08-04,8.095157623291016,8.169766941427564,7.9832425787852275,8.095157623291016,271700
2017-08-07,8.207070350646973,8.318984661724079,8.169765343109992,8.169765343109992,152300
2017-08-08,8.13245964050293,8.281679657897225,7.98324033464241,8.24437465354865,156500
2017-08-09,8.020546913146973,8.207071259964344,7.983241901476715,8.095156936487488,89800
2017-08-10,7.9459357261657715,8.09515575099431,7.908631431492449,7.983240732372906,91200
2017-08-11,8.020546913146973,8.05785192481723,7.834022566329601,7.9459368898064575,101500
2017-08-14,8.207070350646973,8.244375358183953,8.020546024495905,8.020546024495905,171900
2017-08-15,8.095157623291016,8.281681985933353,8.057852608455754,8.281681985933353,158900
2017-08-16,8.35628890991211,8.35628890991211,8.169764600710796,8.169764600710796,141900
2017-08-17,8.169764518737793,8.430898833612996,8.132459514965083,8.356288826067576,224700
2017-08-18,8.169764518737793,8.281679530055921,8.095155222726138,8.207069522510503,152900
2017-08-21,8.207070350646973,8.244375358183953,8.095156039569867,8.169765343109992,175400
2017-08-22,8.169764518737793,8.266757243933332,8.117537940376257,8.207069522510503,195400
2017-08-23,8.13245964050293,8.169764644851503,8.020545338990985,8.169764644851503,93600
2017-08-24,8.13245964050293,8.169764644851503,8.095155347688133,8.169764644851503,66500
2017-08-25,8.2816801071167,8.356289408327068,8.132460081628329,8.169765088000421,184800
2017-08-28,8.393594741821289,8.542814061591343,8.356289733995315,8.356289733995315,146300
2017-08-29,8.207070350646973,8.43089968433502,8.207070350646973,8.35628966926106,167500
2017-08-30,8.207070350646973,8.281680365720934,8.11753875947852,8.207070350646973,98100
2017-08-31,8.244375228881836,8.356289538203713,8.169765214978034,8.244375228881836,100300
2017-09-01,8.35628890991211,8.393593914059128,8.244374609004831,8.318983905765093,65000
2017-09-05,8.169764518737793,8.393593829840286,8.169764518737793,8.356288826067576,110400
2017-09-06,8.13245964050293,8.281679657897225,8.080233061335193,8.207069649200077,93000
2017-09-07,8.169764518737793,8.244374526283213,8.095155222726138,8.169764518737793,55100
2017-09-08,8.2816801071167,8.393594414699162,8.154843512371873,8.169765088000421,92700
2017-09-11,8.318984985351562,8.393595003328024,8.169765660932503,8.281680687897195,206700
2017-09-12,8.2816801071167,8.468204427443347,8.207070094372513,8.318984401954976,91700
2017-09-13,8.207070350646973,8.318984661724079,8.169765343109992,8.281680365720934,118100
2017-09-14,8.13245964050293,8.24437465354865,8.095155347688133,8.207069649200077,73400
2017-09-15,8.020546913146973,8.207071259964344,7.7967175546593435,8.13246123662383,366900
2017-09-18,8.13245964050293,8.207069649200077,8.020545338990985,8.020545338990985,148500
2017-09-19,8.169764518737793,8.244374526283213,8.095155222726138,8.169764518737793,119400
2017-09-20,8.095157623291016,8.24437697109809,8.02054759362049,8.207071956262828,76000
2017-09-21,7.871326446533203,8.132460067620428,7.834021440225367,8.132460067620428,107300
2017-09-22,7.908630847930908,7.9832401433061,7.8713258444764325,7.8713258444764325,117400
2017-09-25,8.095157623291016,8.169766941427564,7.871328245813416,7.908633260648679,243400
2017-09-26,8.785147666931152,8.822852308421597,8.144171638218483,8.257284843533593,497600
2017-09-27,8.709735870361328,8.898258288684492,8.619245195864925,8.785144406197022,341800
2017-09-28,8.822850227355957,8.860554859952925,8.634327783527173,8.67203241612414,272000
2017-09-29,8.93596363067627,9.033994663185377,8.747441197279352,8.860554369655098,371600
2017-10-02,8.898262023925781,9.049079878062233,8.860557380602604,8.97367059141588,168900
2017-10-03,9.01137638092041,9.03399888212923,8.898263155719958,8.93596780383889,237100
2017-10-04,8.898262023925781,9.03399773307046,8.822852737279426,9.011375234739058,202600
2017-10-05,8.898262023925781,9.049079878062233,8.898262023925781,8.97367059141588,143900
2017-10-06,9.01137638092041,9.049081029039343,8.93596780383889,8.973671732801478,621500
2017-10-09,8.93596363067627,9.086781433562601,8.93596363067627,9.01137217254143,171700
2017-10-10,9.727761268615723,9.727761268615723,8.935967298662307,9.011375871480757,2651300
2017-10-11,9.652350425720215,9.803168255043504,9.501532596396927,9.765463617923647,276000
2017-10-12,10.142508506774902,10.278244912154614,9.727758938569448,9.727758938569448,357100
2017-10-13,9.953986167907715,10.180213273369374,9.840872974754957,10.180213273369374,364700
2017-10-16,10.142508506774902,10.331030972399551,9.96906818359517,9.99169067810641,372300
2017-10-17,10.217917442321777,10.293325994580808,10.029394982940033,10.142508170906636,416400
2017-10-18,10.180214881896973,10.361196307199862,10.180214881896973,10.293328092922213,319200
2017-10-19,10.708076477050781,10.745781116025967,10.36873616458646,10.406440803561644,589200
2017-10-20,10.783485412597656,10.858893968997437,10.48184902953008,10.708076137041726,392700
2017-10-23,10.708076477050781,10.896598952770535,10.632667918256583,10.821190393976337,307500
2017-10-24,10.858893394470215,10.97200730181943,10.655289511891405,10.74578020627711,375100
2017-10-25,10.783485412597656,11.0097125201093,10.519553667308045,10.896598606775404,275100
2017-10-26,10.632670402526855,10.783488274509265,10.55726110695748,10.783488274509265,220700
2017-10-27,10.519554138183594,10.670371976890204,9.878578143891453,10.104804542373277,373300
2017-10-30,10.745780944824219,10.919221274528178,10.36873599939179,10.36873599939179,344300
2017-10-31,11.085122108459473,11.198236032323516,10.745781775179776,10.821191057755804,338800
2017-11-01,10.745780944824219,11.160530528631122,10.708076306449744,11.085121251882173,303000
2017-11-02,11.311348915100098,11.311348915100098,10.40644114572333,10.821190749774905,356900
2017-11-03,10.896599769592285,11.31134939109709,10.858895127790717,11.273644749295523,181100
2017-11-06,10.972007751464844,11.009712388793094,10.783485283979731,10.934303114136593,270700
2017-11-07,10.783485412597656,11.085121076509083,10.708076137041726,11.0097125201093,183300
2017-11-08,10.934303283691406,10.934303283691406,10.557258342874462,10.78348545119586,215800
2017-11-09,10.708076477050781,10.972008230720906,10.632667918256583,10.896598952770535,231800
2017-11-10,10.783485412597656,10.93430324455337,10.557258305086012,10.745780774819691,198600
2017-11-13,10.670370101928711,10.934301812655226,10.557256922563667,10.70807473476908,150000
2017-11-14,10.557256698608398,10.708074507614452,10.48184743452735,10.632665962689446,82800
2017-11-15,10.632670402526855,10.670374331155202,10.293329291621006,10.55726110695748,113000
2017-11-16,10.670370101928711,10.745779367609446,10.557256922563667,10.6326661882444,115800
2017-11-17,10.708076477050781,10.783485755001152,10.632667918256583,10.708076477050781,90800
2017-11-20,10.594964027404785,10.76840437211883,10.557259385767228,10.670372591523675,151600
2017-11-21,10.858893394470215,10.93430266603636,10.594962382300935,10.632667018084007,153900
2017-11-22,10.783485412597656,10.972007882331335,10.594962942863978,10.858893968997437,90200
2017-11-24,10.783485412597656,10.783485412597656,10.594962942863978,10.783485412597656,78400
2017-11-27,10.708076477050781,10.783485755001152,10.594963279281398,10.745781116025967,51500
2017-11-28,10.48184871673584,10.708075817496525,10.48184871673584,10.708075817496525,200800
2017-11-29,10.594964027404785,10.632668669042342,10.406441538373228,10.519554744129673,117700
2017-11-30,10.670370101928711,10.730697226810877,10.406439110358253,10.594961555404034,345200
2017-12-01,10.406442642211914,10.632669796877536,10.217920133183279,10.557260505603562,406900
2017-12-04,10.217917442321777,10.481848453962554,10.142508170906636,10.444144537411093,159900
2017-12-05,10.104804039001465,10.315949721828659,9.991690845395297,10.217917951763779,194800
2017-12-06,10.180214881896973,10.180214881896973,9.886119526412585,10.06710167087173,138600
2017-12-07,10.165131568908691,10.255622990318976,10.067100514167201,10.217918351257385,102200
2017-12-08,10.06710147857666,10.255623972788536,10.029396835903036,10.255623972788536,94500
2017-12-11,9.953986167907715,10.067100080216616,9.886117964353602,9.991690805344014,218700
2017-12-12,10.02939510345459,10.10480365661974,9.95398583113332,10.02939510345459,214800
2017-12-13,10.104804039001465,10.202835809066345,9.916281570220422,10.029395482982736,186300
2017-12-14,10.02939510345459,10.18021292894101,9.991690467293955,10.18021292894101,117200
2017-12-15,9.727761268615723,10.104806290176896,9.501534831004065,10.029397717358444,276200
2017-12-18,9.87857723236084,9.916281149191285,9.690054771584153,9.765463324401159,545800
2017-12-19,10.293326377868652,10.519553481381882,9.878577527109892,9.878577527109892,183900
2017-12-20,10.368736267089844,10.557258744673295,10.293326988393991,10.293326988393991,189800
2017-12-21,10.368736267089844,10.557258744673295,10.255623068202244,10.331031627741917,167000
2017-12-22,10.708076477050781,10.783485755001152,10.406440803561644,10.406440803561644,315200
2017-12-26,10.879252433776855,10.924899239872838,10.689055715443494,10.727095204218747,102000
2017-12-27,10.879252433776855,11.031409663334966,10.765133967451098,10.917291922552108,106400
2017-12-28,10.841214179992676,11.10748990620969,10.727096426209945,10.841214179992676,169700
2017-12-29,10.879252433776855,10.95533068578446,10.727095204218747,10.841212945001603,81800
2018-01-02,10.879252433776855,11.031409663334966,10.727095204218747,10.879252433776855,470400
2018-01-03,10.917293548583984,11.031411306363646,10.765135570820423,10.879254054143095,187000
2018-01-04,10.72709846496582,10.917295241113845,10.612979963951133,10.879255740775616,149700
2018-01-05,10.76513385772705,10.841212834502118,10.61297662971981,10.76513385772705,82000
2018-01-08,10.76513385772705,10.841212834502118,10.689055606494877,10.689055606494877,96400
2018-01-09,10.76513385772705,10.955330574121826,10.76513385772705,10.841212834502118,113400
2018-01-10,10.72709846496582,10.955334015908953,10.72709846496582,10.803176740099158,127000
2018-01-11,10.940115928649902,11.05423367572325,10.689056304654189,10.76513456085544,123500
2018-01-12,11.221610069274902,11.297689071826225,10.879256008880228,10.993373787164073,124800
2018-01-16,10.95533275604248,11.335726264593164,10.841214993694491,11.25964799820885,110300
2018-01-17,11.069451332092285,11.107490828358914,10.879254576302188,10.9553328432924,172400
2018-01-18,10.95533275604248,11.145529510317822,10.841214993694491,11.031411747969832,152300
2018-01-19,11.259647369384766,11.297686863224028,10.879253882078139,10.917293375917401,155300
2018-01-22,11.107490539550781,11.297687290395535,11.03141154899567,11.221608299840423,78200
2018-01-23,10.978157997131348,11.183570135201567,10.902078997524239,11.107491861137568,74700
2018-01-24,10.95533275604248,11.183569006281498,10.917293985621843,10.993372252006157,144500
2018-01-25,10.993372917175293,11.031412415440602,10.864039058399095,11.031412415440602,126300
2018-01-26,10.993372917175293,11.107491411971218,10.84882369441882,11.031412415440602,105100
2018-01-29,11.107490539550781,11.145529309285312,10.91729378870603,11.03141154899567,135200
2018-01-30,11.221610069274902,11.297689071826225,11.107492290991058,11.18357056799924,199100
2018-01-31,11.183568954467773,11.33572621207449,11.10749068843593,11.22160845025521,179100
2018-02-01,10.803174018859863,11.259646456850353,10.727095762890073,11.14552798458126,181100
2018-02-02,10.651015281677246,10.803172497735495,10.536897551019267,10.765133012335225,157500
2018-02-05,10.1184663772583,10.651017086473377,10.080426885412304,10.574938102781385,189800
2018-02-06,10.004348754882812,10.156506735242706,9.776113235429017,10.004348754882812,194900
2018-02-07,9.89023494720459,10.080431773112371,9.509841295389029,10.004352752531934,266600
2018-02-08,9.471795082092285,9.928267431451614,9.395716840894263,9.928267431451614,232700
2018-02-09,9.661994934082031,9.738073925710196,9.433758684740575,9.585916667996903,285500
2018-02-12,9.661994934082031,9.852191687609407,9.54787717218282,9.738073925710196,111000
2018-02-13,9.700032234191895,9.814149970259358,9.547875010920988,9.700032234191895,154100
2018-02-14,10.1184663772583,10.194544635407334,9.585915668043224,9.661993926192258,191200
2018-02-15,10.004348754882812,10.34670348514955,9.738073740339043,10.23258499987963,156700
2018-02-16,10.270625114440918,11.183569423949276,10.004349358293743,10.95533316518642,310000
2018-02-20,9.89023494720459,10.384746404347496,9.70003812129681,10.30866810931037,348800
2018-02-21,10.308663368225098,10.384741628272863,9.852190905766586,9.92826989135733,220400
2018-02-22,10.422782897949219,10.536901395790311,10.308665125651228,10.384743398668855,216900
2018-02-23,10.308663368225098,10.574938366706748,10.08042713699584,10.536899599454353,210100
2018-02-26,10.346701622009277,10.460819361186887,10.232583157288778,10.346701622009277,127800
2018-02-27,10.194544792175293,10.422781021218048,10.103250445666786,10.384741528787094,93400
2018-02-28,10.042388916015625,10.232585678536918,9.96631064633295,10.232585678536918,119700
2018-03-01,9.814153671264648,10.080429456560873,9.738075393710831,10.042389955012391,132500
2018-03-02,9.89023494720459,9.966313967785027,9.623959100716373,9.814155926624153,52000
2018-03-05,9.661994934082031,10.004348945322699,9.62395543826795,9.852191687609407,154200
2018-03-06,10.1184663772583,10.308663110945325,9.661993926192258,9.661993926192258,259500
2018-03-07,9.585914611816406,9.966308037276693,9.167481698701513,9.966308037276693,347000
2018-03-08,9.661994934082031,9.776113421524277,9.62395543826795,9.62395543826795,194500
2018-03-09,9.89023494720459,9.989137383741834,9.661998611006592,9.70003812129681,142300
2018-03-12,9.700032234191895,9.966307919073135,9.646777387432795,9.928268431869691,92500
2018-03-13,9.776113510131836,9.890231273065373,9.738074013972977,9.776113510131836,110000
2018-03-14,9.814153671264648,9.890232674361611,9.700035892162349,9.85219317281313,133800
2018-03-15,9.54787826538086,9.852192815650376,9.54787826538086,9.852192815650376,83500
2018-03-16,10.042388916015625,10.232585678536918,9.547877623677493,9.623955893360169,439900
2018-03-19,9.814153671264648,10.232586737211653,9.738075393710831,10.00435045346391,203400
2018-03-20,9.96630859375,10.027171487178522,9.776111870400136,9.96630859375,208300
2018-03-21,10.1184663772583,10.270623619099329,9.814151168033286,9.966309135417273,211600
2018-03-22,9.700032234191895,10.118465142344041,9.661992746988451,10.080425655140596,199800
2018-03-23,9.433757781982422,9.83697538326576,9.395719015351473,9.776112486004683,305600
2018-03-26,9.54787826538086,9.58591776555033,9.433759764872452,9.58591776555033,182200
2018-03-27,9.528667449951172,9.643934031710094,9.413401601034645,9.643934031710094,122400
2018-03-28,9.490243911743164,9.605509735431447,9.413399540722818,9.528665364411102,122200
2018-03-29,9.567089080810547,9.62856429432696,9.45182323867786,9.567089080810547,84900
2018-04-02,9.528667449951172,9.643934031710094,9.374979407115005,9.567089643870812,210600
2018-04-03,9.528667449951172,9.605511837790454,9.451823794954285,9.567089643870812,243700
2018-04-04,9.797619819641113,9.836042004717955,9.413399434557148,9.49024380471083,139900
2018-04-05,9.836042404174805,9.989730417881454,9.759198030900354,9.874464590812032,78000
2018-04-06,9.682354927062988,9.897518158176613,9.60551054952983,9.75919857175385,75500
2018-04-09,9.989730834960938,9.989730834960938,9.682354794714438,9.682354794714438,141700
2018-04-10,10.14341926574707,10.220263645340932,9.989731239401662,10.066575618995524,148600
2018-04-11,10.258687019348145,10.335530674970128,10.104998242419375,10.143420436651567,64800
2018-04-12,10.297107696533203,10.335529887839249,10.220264046763461,10.297107696533203,107600
2018-04-13,10.220263481140137,10.33552931583673,10.143419102780872,10.33552931583673,96400
2018-04-16,10.489218711853027,10.527640906058833,10.297108473666398,10.297108473666398,110000
2018-04-17,10.52763843536377,10.78122383162965,10.41237261264009,10.604482805741043,165100
2018-04-18,10.642906188964844,10.758172024663601,10.489217430910086,10.604483999451155,114600
2018-04-19,10.68132495880127,10.796591498347604,10.566059152097061,10.68132495880127,126200
2018-04-20,10.52763843536377,10.719748628464723,10.450794797828726,10.681326443276086,104700
2018-04-23,10.489218711853027,10.681328950039658,10.43542807967034,10.566063100264639,131800
2018-04-24,10.412373542785645,10.642905941668875,10.343213749836446,10.604483753047955,95100
2018-04-25,10.373950004577637,10.450794371822498,10.220262002930111,10.412372188200068,50200
2018-04-26,10.335530281066895,10.397005496358526,10.166473072593723,10.335530281066895,149700
2018-04-27,10.373950004577637,10.48921582260273,10.258684186552543,10.373950004577637,106700
2018-04-30,10.297107696533203,10.412374270451336,10.220264046763461,10.373952079145292,116800
2018-05-01,10.220263481140137,10.25868567031977,10.012784099275503,10.25868567031977,152100
2018-05-02,10.258687019348145,10.52764091328869,10.181842630883759,10.258687019348145,187700
2018-05-03,10.14341926574707,10.297107292092479,9.989731239401662,10.220263645340932,178100
2018-05-04,10.412373542785645,10.758171774689343,9.951308745019183,10.066575310881946,121800
2018-05-07,10.52763843536377,10.75817081365336,10.373950427451453,10.52763843536377,289000
2018-05-08,10.988703727722168,11.142391743127893,10.450795307380998,10.527638948662728,452100
2018-05-09,11.027124404907227,11.065545853866146,10.858067244687764,10.988702223106145,323800
2018-05-10,11.180814743041992,11.526612986055184,11.027126716463053,11.103970363331365,349900
2018-05-11,11.44976806640625,11.680300461824569,11.203867235475927,11.411346611205099,455300
2018-05-14,11.6034574508667,11.83398912600469,11.411347233023491,11.526613070592488,372800
2018-05-15,11.6034574508667,11.83398912600469,11.488190880455381,11.641878908161482,391200
2018-05-16,12.256629943847656,12.29505212831709,11.64187719086336,11.64187719086336,606400
2018-05-17,12.333474159240723,12.487162904337133,12.141364693554708,12.29505270580887,270800
2018-05-18,12.295053482055664,12.410319315313018,12.102943271398544,12.37189785945543,268000
2018-05-21,12.44874095916748,12.548637613554979,12.1413642139586,12.256630035385543,232900
2018-05-22,12.410316467285156,12.602426633855156,12.371895020244857,12.564005186814857,143700
2018-05-23,12.502531051635742,12.525583335539729,11.972306536578394,12.333473152689828,203900
2018-05-24,12.525583267211914,12.679271998927204,12.279682469014945,12.448740367038639,283400
2018-05-25,12.410316467285156,12.640849546579709,12.25662848059758,12.448739380009709,181500
2018-05-29,12.44874095916748,12.525583862995814,12.256630035385543,12.333473672056098,274100
2018-05-30,12.333474159240723,12.679273102865396,12.29505270580887,12.487162904337133,307900
2018-05-31,12.333474159240723,12.487162904337133,12.29505270580887,12.371897078357074,184200
2018-06-01,12.371898651123047,12.487164491756168,12.256632077647586,12.371898651123047,245800
2018-06-04,12.333474159240723,12.487162904337133,12.29505270580887,12.44874145090528,138300
2018-06-05,12.44874095916748,12.487162411081647,12.29505222014193,12.371896589654705,316700
2018-06-06,12.602429389953613,12.756118143094401,12.52558501338322,12.52558501338322,222300
2018-06-07,12.832959175109863,13.025069333625375,12.602426105480735,12.640849016594352,272900
2018-06-08,12.871383666992188,12.948228041723079,12.717694917530405,12.794539292261296,221500
2018-06-11,12.871383666992188,13.063493870977144,12.802223876302838,12.909805121515362,175800
2018-06-12,12.794536590576172,12.909802395490795,12.71769223207168,12.871380949080663,161500
2018-06-13,12.640851974487305,12.871383632375439,12.525584679858703,12.871383632375439,123500
2018-06-14,12.679271697998047,13.52455677100145,12.394947990778196,12.564005884789477,161900
2018-06-15,12.679271697998047,12.832960426065696,12.410317156721828,12.640850248823302,276300
2018-06-18,12.602429389953613,12.679273766524007,12.52558501338322,12.602429389953613,117700
2018-06-19,12.371898651123047,12.602430332389288,12.371898651123047,12.564008874073142,107200
2018-06-20,12.832959175109863,13.063490779054801,12.410315946965222,13.063490779054801,193400
2018-06-21,12.98664665222168,12.98664665222168,12.679270686296784,12.9098022943194,259700
2018-06-22,12.98664665222168,13.163387649417968,12.794536490308092,13.02506956401493,203700
2018-06-25,13.025070190429688,13.178757447941308,12.871381467233778,12.90980291519061,263100
2018-06-26,13.54762077331543,13.741158212934222,12.541226677927106,13.083130622915633,339400
2018-06-27,13.54762077331543,13.663742941772009,13.392790230991004,13.586327670609794,271900
2018-06-28,13.54762077331543,13.625036044477643,13.392790230991004,13.586327670609794,168600
2018-06-29,13.54762077331543,13.625036044477643,13.392790230991004,13.625036044477643,170400
2018-07-02,13.508914947509766,13.508914947509766,13.160546937934988,13.47020657057168,156300
2018-07-03,13.199251174926758,13.50891222165299,13.083129020691072,13.47020385252556,110300
2018-07-05,13.54762077331543,13.663742941772009,13.160545894077845,13.276668062534425,371600
2018-07-06,13.431502342224121,13.625039835695436,13.354087049520816,13.508917634927425,168100
2018-07-09,13.508914947509766,13.663744025541313,13.392791293269106,13.47020657057168,225000
2018-07-10,13.354085922241211,13.547623399375142,13.338602569692792,13.470208113206816,139900
2018-07-11,13.044425964355469,13.354085625575813,13.044425964355469,13.276670341127293,93800
2018-07-12,13.160550117492676,13.2379654134986,13.044427911770766,13.08313482148675,127500
2018-07-13,13.431502342224121,13.625039835695436,13.199256464114205,13.199256464114205,195600
2018-07-16,13.470208168029785,13.547623454513188,13.315379071636757,13.508916549558375,186000
2018-07-17,13.741161346435547,13.895991924067166,13.43150166774613,13.43150166774613,295700
2018-07-18,13.702452659606934,13.857281740543858,13.625037380851657,13.663744281942481,339300
2018-07-19,13.686967849731445,13.77986499307754,13.56310400755434,13.625035928642893,221300
2018-07-20,13.392792701721191,13.663745462488125,13.315378892851001,13.62503855805303,257600
2018-07-23,13.315374374389648,13.470203416163839,13.160543856042203,13.431496524863606,226600
2018-07-24,13.160550117492676,13.392794528936493,13.160550117492676,13.35408761922051,116400
2018-07-25,12.967009544372559,13.354084456144873,12.850887366155586,13.160547000258717,195100
2018-07-26,13.083130836486816,13.121839210986547,12.734764325430287,12.928301768208417,226600
2018-07-27,13.237964630126953,13.31537992155174,11.960616751339582,12.270277178751794,508100
2018-07-30,13.508914947509766,14.166941113147635,13.392791293269106,13.431499670207193,459200
2018-07-31,13.895992279052734,14.089529767749434,13.625039499562579,13.625039499562579,515900
2018-08-01,14.321770668029785,14.515308109489647,13.857280513211418,13.934695785110062,610800
2018-08-02,13.973404884338379,14.306289572348414,13.93469798057738,14.244357640386575,258900
2018-08-03,13.857279777526855,14.08952558089283,13.702450718522956,13.934695045315513,260400
2018-08-06,13.934697151184082,13.988887403853571,13.779866592208137,13.895990249726918,179600
2018-08-07,13.895992279052734,14.16694358196903,13.85728389536908,14.050821384065781,270200
2018-08-08,13.818572998046875,14.01211043085825,13.756641078610173,13.934695162419015,176600
2018-08-09,13.934697151184082,14.050819332129223,13.841798520483787,13.85728187169611,225800
2018-08-10,13.66374397277832,13.934696704004232,13.625037072563302,13.818574526785582,171300
2018-08-13,13.62503719329834,13.77986627210399,13.431499737361074,13.62503719329834,218800
2018-08-14,13.779867172241211,13.779867172241211,13.56310615243918,13.62503808332172,233200
2018-08-15,13.354085922241211,13.895991448845725,13.237963731275608,13.818576162677399,175700
2018-08-16,13.354085922241211,13.508916494577864,13.276670636072886,13.431501208409538,179600
2018-08-17,13.354085922241211,13.470208113206816,13.276670636072886,13.354085922241211,181900
2018-08-20,13.470208168029785,13.625038740996589,13.315379071636757,13.315379071636757,203900
2018-08-21,13.818572998046875,13.973402058351917,13.508913400863362,13.547620296796264,336000
2018-08-22,13.741161346435547,13.895991924067166,13.609555798420818,13.818576635251357,165800
2018-08-23,13.702452659606934,13.934697019299135,13.625037380851657,13.818574839453033,204100
2018-08-24,13.702452659606934,13.857281740543858,13.609554029785876,13.702452659606934,165900
2018-08-27,13.741161346435547,14.128236313940773,13.702454440314552,13.779868252556541,208400
2018-08-28,13.973404884338379,14.128235452529843,13.857282696481647,13.895991076816378,155400
2018-08-29,13.818572998046875,14.05855900129242,13.74115772960764,14.01211043085825,134500
2018-08-30,13.741161346435547,13.934698830188161,13.702454440314552,13.818576635251357,145900
2018-08-31,13.702452659606934,13.973403920389957,13.625037380851657,13.741159560697756,137200
2018-09-04,13.702452659606934,13.934697019299135,13.354084643495003,13.702452659606934,345000
2018-09-05,13.741161346435547,13.841800188294425,13.516657156527081,13.663746057619738,204800
2018-09-06,13.62503719329834,13.857281549793619,13.547621915608712,13.77986627210399,156100
2018-09-07,13.315374374389648,13.60955058736189,13.315374374389648,13.586325566637797,162300
2018-09-10,13.58633041381836,13.66374570061145,13.160548551317026,13.39279293512252,312700
2018-09-11,13.431502342224121,13.663746743760141,13.43150234222412,13.586331451056836,169500
2018-09-12,13.2766695022583,13.54762224242146,13.199254222701164,13.431500061372574,210600
2018-09-13,13.508914947509766,13.625037125176826,13.160546937934988,13.354084392904621,167900
2018-09-14,13.66374397277832,13.77986614999697,13.493431544629207,13.54762179555967,132800
2018-09-17,13.470208168029785,13.702454027479991,13.431501263074972,13.625038740996589,112200
2018-09-18,13.121838569641113,13.508913436278629,13.121838569641113,13.431498167636438,169300
2018-09-19,12.812180519104004,13.222480506148438,12.618643040105008,13.121841666761425,264000
2018-09-20,12.65735149383545,12.928304261289794,12.541229301090386,12.889595879325578,235600
2018-09-21,13.2766695022583,13.2766695022583,12.618641840883102,12.618641840883102,697300
2018-09-24,12.889594078063965,13.199253707635222,12.773471901546442,13.16054680765391,227000
2018-09-25,12.792094230651855,12.948095978531958,12.519091915733139,12.948095978531958,313700
2018-09-26,13.416096687316895,13.470696840351067,12.831092497249168,12.87009218148998,455500
2018-09-27,13.182096481323242,13.533099653372592,13.104095611118623,13.494098474398855,208800
2018-09-28,13.104094505310059,13.338097096177252,12.909093090125427,13.104094505310059,248300
2018-10-01,13.02609920501709,13.353701744536778,12.85449695380861,13.150900030763333,262800
2018-10-02,12.573695182800293,13.205499516098012,12.534693996952829,13.018298287259544,206000
2018-10-03,12.792094230651855,12.807694702988451,12.30849074628934,12.612693262009786,410000
2018-10-04,14.749911308288574,14.81231172017941,12.916897163348407,12.916897163348407,1299200
2018-10-05,14.367705345153809,14.929308924966158,14.196104623257968,14.882508998584171,531300
2018-10-08,14.445708274841309,14.586109561757137,14.235106344467567,14.235106344467567,259600
2018-10-09,14.063501358032227,14.718706174270366,14.024500185790314,14.445703919547375,483000
2018-10-10,13.166499137878418,14.10250682722822,13.135299675029803,13.93870629985077,433600
2018-10-11,13.111894607543945,13.275696568264953,12.823293349131895,13.205495940490623,434400
2018-10-12,12.901293754577637,13.509697190061976,12.893493519796728,13.338096488109949,302400
2018-10-15,13.34589958190918,13.384899276425756,12.877895808995367,12.963696922223411,214000
2018-10-16,13.603299140930176,13.61109937606731,13.20549607539275,13.462897883947234,274400
2018-10-17,13.189899444580078,13.579902388506735,13.041697909319863,13.533102451803622,169500
2018-10-18,13.696903228759766,13.735904416523356,13.158700227310932,13.260100340009886,392300
2018-10-19,13.798303604125977,13.93090465526288,13.681303026709427,13.868504248124518,296300
2018-10-22,13.876303672790527,14.34430595506407,13.8061030329009,13.923103603469286,449500
2018-10-23,13.821698188781738,14.102500670546315,13.572096643987699,13.767098036825862,307800
2018-10-24,13.338101387023926,13.845104932057678,13.299100198794738,13.782704518634189,203100
2018-10-25,13.439498901367188,13.751500908134924,13.267898169580663,13.447299137504247,260100
2018-10-26,12.269490242004395,12.815494868846248,11.395883880477475,12.768694939836148,1167700
2018-10-29,11.614286422729492,12.636094329815743,11.6064861863394,12.370891499652949,832600
2018-10-30,11.598687171936035,11.731288229051954,11.271084647752183,11.653287344676155,570900
2018-10-31,11.863886833190918,12.035488297014423,11.567484575267198,11.66108517084236,381500
2018-11-01,11.65328598022461,12.082289306317541,11.458284535988865,11.9574885010261,457100
2018-11-02,11.317883491516113,11.817086690166969,11.122882056075262,11.700086126451035,437200
2018-11-05,11.419283866882324,11.606485058830048,11.247682402327872,11.31008279964378,298000
2018-11-06,11.161884307861328,11.473886357777632,11.138483596213934,11.411485947794372,167500
2018-11-07,11.778087615966797,11.832687782715292,11.115082403143008,11.239883209351843,334100
2018-11-08,11.200881958007812,11.723485853958126,11.169681758721438,11.723485853958126,162600
2018-11-09,10.693879127502441,11.193083087678259,10.600278524445375,11.193083087678259,164300
2018-11-12,10.202476501464844,10.678279804175252,10.085475921020636,10.608079902231657,310100
2018-11-13,10.218077659606934,10.405278898397901,10.077676358577907,10.171276977973392,269400
2018-11-14,10.218077659606934,10.436479104863063,10.062075883409527,10.327278010299198,126600
2018-11-15,10.09327507019043,10.225876120239096,10.030874663564177,10.155676220688205,227700
2018-11-16,9.952871322631836,10.15567295080567,9.921671129364421,10.062071627132143,155600
2018-11-19,9.672070503234863,9.937272563566093,9.672070503234863,9.906072364931324,175800
2018-11-20,9.289868354797363,9.664271501260565,9.250867918559527,9.406869663510873,228200
2018-11-21,9.414668083190918,9.594069771899871,9.36786816013388,9.36786816013388,130200
2018-11-23,9.227465629577637,9.39126682541096,9.219665395520988,9.297666248344955,66000
2018-11-26,9.227465629577637,9.484867402476965,9.219665395520988,9.33666667475694,160100
2018-11-27,9.282068252563477,9.367869362297709,9.196267886700705,9.328868925497737,165900
2018-11-28,9.492670059204102,9.500470295251487,8.93886594565442,9.328868821566267,356400
2018-11-29,9.578473091125488,9.835875001388162,9.422472046098362,9.438072522536904,168100
2018-11-30,9.547270774841309,9.633071888571905,9.31326888701381,9.523870809220007,212600
2018-12-03,9.74227237701416,9.820273255471838,9.531671195372844,9.703271937785322,204200
2018-12-04,9.461465835571289,9.882668732692425,9.44586537011033,9.734467286297853,301600
2018-12-06,9.67987060546875,9.695471076506859,9.040266170334327,9.367868623420593,311900
2018-12-07,9.34446907043457,9.859273520173545,9.34446907043457,9.7110720025017,268400
2018-12-10,9.149468421936035,9.438071246042403,9.032467839957876,9.367870599306885,230100
2018-12-11,8.868664741516113,9.227467394152157,8.837464543194343,9.172867233056913,219800
2018-12-12,9.227516174316406,9.464119307430288,9.046120915284826,9.046120915284826,192200
2018-12-13,8.864723205566406,9.306382352896552,8.825289232246494,9.227514406256729,198000
2018-12-14,8.96725082397461,8.998797850755242,8.801628745341182,8.801628745341182,165300
2018-12-17,8.691215515136719,8.975138788420514,8.636007647892804,8.975138788420514,216600
2018-12-18,8.55713939666748,9.124985873465915,8.533478562695548,8.770081637431783,162400
2018-12-19,8.320536613464355,8.738534917121823,8.249555613342425,8.549252751556985,283900
2018-12-20,7.886763572692871,8.391516712115754,7.7763486119046314,8.320535719619055,469600
2018-12-21,7.634385585784912,8.028723671792147,7.602838568989942,7.870987835677085,321700
2018-12-24,7.681706428527832,7.752687410760804,7.382009365844328,7.6343862751327025,258200
2018-12-26,8.131255149841309,8.162802180158788,7.563407851986128,7.736916894802537,175200
2018-12-27,8.107593536376953,8.131254370954007,7.910424427744262,8.036612536926711,155900
2018-12-28,8.147027015686035,8.233781147465757,7.823669817432037,8.162800904449847,287000
2018-12-31,8.233781814575195,8.249555704617023,7.855217479257014,8.210121731652928,188300
2019-01-02,8.399401664733887,8.438835627206965,7.981403467655915,8.147025508330625,149400
2019-01-03,8.241663932800293,8.454606810810441,8.076041945061299,8.37573891107186,162300
2019-01-04,8.486156463623047,8.501929597199902,8.288987405000617,8.312647481436034,107800
2019-01-07,8.59657096862793,8.63600493221876,8.383628768661922,8.501929907294116,140600
2019-01-08,8.494044303894043,8.714873462282924,8.367855461245764,8.620232394401974,255500
2019-01-09,8.825288772583008,8.888383577892874,8.423064371663036,8.549252478001886,203400
2019-01-10,9.054004669189453,9.093438639435556,8.706987385732685,8.79374151856177,136100
2019-01-11,9.148646354675293,9.266947511411617,8.983024283960193,9.046118334504953,124600
2019-01-14,9.077662467956543,9.188076645165633,8.990907611989202,9.140756498401787,113800
2019-01-15,9.25117301940918,9.266946907086915,9.077664767796273,9.10921179101138,183200
2019-01-16,11.002037048339844,11.18343303484479,10.30800163658364,10.449963647575292,3139900
2019-01-17,11.412147521972656,11.727617775681061,10.741772292666779,10.820640232164086,9416200
2019-01-18,11.648748397827148,11.81436968577438,11.34116439419599,11.356937527845135,1170500
2019-01-22,11.522561073303223,11.6881831350285,11.349052819793213,11.593542064348394,792600
2019-01-23,11.080903053283691,11.593542388502705,10.98626197995743,11.593542388502705,802300
2019-01-24,11.222864151000977,11.356939191287795,11.065129030704831,11.080902918804638,340100
2019-01-25,11.293845176696777,11.530448233913578,11.214977992384767,11.214977992384767,333400
2019-01-28,11.262297630310059,11.325391675690144,11.136109539549889,11.2938446530001,331900
2019-01-29,11.40425968170166,11.44369364835247,11.049355486125082,11.44369364835247,409500
2019-01-30,11.270182609558105,11.538332631753505,11.199201632842827,11.538332631753505,346000
2019-01-31,11.648748397827148,11.664521531476291,11.175542354108487,11.31750431765214,575400
2019-02-01,11.356937408447266,11.719728504246733,11.262296351126569,11.719728504246733,268100
2019-02-04,11.44369125366211,11.459464385737558,11.23074832959208,11.364823336864276,263300
2019-02-05,11.554109573364258,11.617203628547125,11.27807326997433,11.435808407931498,312800
2019-02-06,11.711844444274902,11.751277661227292,11.49101451821144,11.53044848730423,321400
2019-02-07,11.743391990661621,11.782825209365294,11.459468002296392,11.688184130623696,430000
2019-02-08,11.546222686767578,11.727617896483299,11.404260695066286,11.703957815246557,381200
2019-02-11,11.333277702331543,11.609314692638314,11.32539075926214,11.569880729431592,230200
2019-02-12,11.822256088256836,11.916897142246336,11.349050818309339,11.420031044696284,484700
2019-02-13,12.09829330444336,12.09829330444336,11.790709308653353,11.909011192637319,399300
2019-02-14,11.806483268737793,12.098293380986723,11.609314212990656,12.082519495499628,932100
2019-02-15,11.814372062683105,12.445313330532311,11.333279731420053,11.735504874289719,719300
2019-02-19,11.648748397827148,12.161387651738803,11.60931443549388,11.845917457353211,571900
2019-02-20,12.003655433654785,12.161390568680774,11.57777019301439,11.656637384457158,549800
2019-02-21,11.6093168258667,12.082522214878669,11.451581696196044,11.995768081594914,372200
2019-02-22,11.554109573364258,11.767052573711787,11.538336435638776,11.66452454600451,213600
2019-02-25,11.830146789550781,11.909014735670644,11.609317593411832,11.65663775937137,343100
2019-02-26,11.62508773803711,11.885350840221502,11.49889965844956,11.838030686446311,273100
2019-02-27,11.522561073303223,11.648749919683734,11.364825955503045,11.640862975758633,360700
2019-02-28,11.293845176696777,11.554108313993142,11.104563031779492,11.522561289840262,498400
2019-03-01,11.262297630310059,11.396372664777825,11.04146847147976,11.364825642087784,325900
2019-03-04,11.270182609558105,11.372710603464594,11.167654615651616,11.309616569082173,327400
2019-03-05,11.199203491210938,11.246524400920178,11.073015401506757,11.23863745727858,295000
2019-03-06,10.789094924926758,11.199206320056788,10.765434088025394,11.199206320056788,291800
2019-03-07,10.631357192993164,10.796979262125095,10.53671611808069,10.796979262125095,245200
2019-03-08,10.591923713684082,10.670790898088601,10.410527760486955,10.560376689494197,97300
2019-03-11,10.83641242980957,10.938940441415905,10.615583271348424,10.64713029398573,305900
2019-03-12,10.781207084655762,10.907395195762994,10.686566001325335,10.852188085188697,298300
2019-03-13,10.820639610290527,10.96260084023044,10.789092586732727,10.828525802074699,240800
2019-03-14,10.65501594543457,10.852185001040064,10.607695041147538,10.844298058302183,192400
2019-03-15,10.96259880065918,11.238635769539037,10.49728047778834,10.686562583919553,689200
2019-03-18,11.041468620300293,11.143996633459926,10.931053663326761,10.954714494768464,282900
2019-03-19,10.867959976196289,11.15188394575528,10.828526007964165,11.120336921597657,210300
2019-03-20,10.883732795715332,10.978373858895775,10.647129761694067,10.91527981677548,203100
2019-03-21,11.143996238708496,11.183430204240778,10.757545031200852,10.860073040728654,275800
2019-03-22,10.71811294555664,11.112451165763197,10.662905835412673,11.049357110701385,157300
2019-03-25,10.741771697998047,10.757545585880425,10.481508565061779,10.741771697998047,295100
2019-03-26,10.578596115112305,10.904948470678876,10.522877642437209,10.80943076361846,235300
2019-03-27,10.801472663879395,10.825352664173181,10.602477216075531,10.634316457359853,238900
2019-03-28,10.889030456542969,10.976588174748182,10.682075021759003,10.833311218496613,177600
2019-03-29,10.75371265411377,11.008426548210316,10.690034180589633,11.00046654924298,201900
2019-04-01,11.095983505249023,11.127822739846732,10.809430393869647,10.86514886463883,199900
2019-04-02,11.024346351623535,11.143743297597746,10.93678788274233,11.103944062570585,220700
2019-04-03,11.287018775939941,11.302938012421457,11.008424925995312,11.040264158065513,359800
2019-04-04,11.326818466186523,11.422336931788184,11.19946152419398,11.279059992492947,164100
2019-04-05,11.22334098815918,11.366617161555842,11.159662520181282,11.366617161555842,169600
2019-04-08,11.159662246704102,11.24721994825123,11.056184548999024,11.223340713121503,140200
2019-04-09,11.032305717468262,11.151703423914737,10.936788007775448,11.127823427161076,221100
2019-04-10,11.271100044250488,11.398456986812624,10.9606676865321,11.040265396079805,249300
2019-04-11,11.645212173461914,11.700930648645041,11.199462094675031,11.342739041268546,317500
2019-04-12,11.740730285644531,11.81236876138699,11.629292572366559,11.692971048780453,294000
2019-04-15,11.557653427124023,11.812367301295167,11.493974199474014,11.812367301295167,324000
2019-04-16,11.812368392944336,11.820328392024619,11.33477907562943,11.493975261698635,246000
2019-04-17,11.56561279296875,11.923804372219806,11.541733556780608,11.923804372219806,403100
2019-04-18,11.382536888122559,11.645210752077855,11.191501488720016,11.621331516929336,299100
2019-04-22,11.119864463806152,11.390498360884441,11.088025226450313,11.326819127065464,284100
2019-04-23,11.22334098815918,11.28701945613708,11.024345585951444,11.19150175417023,317000
2019-04-24,11.247220039367676,11.294978510014031,11.088023872034483,11.223340804044499,235700
2019-04-25,10.904948234558105,11.374577520100223,10.881068998086864,11.310899050105418,252700
2019-04-26,11.072102546691895,11.111901773524636,10.849227939178498,10.94474562811281,286400
2019-04-29,11.247220039367676,11.302938508157492,11.064143877604103,11.09598311107074,259800
2019-04-30,11.271100044250488,11.390497747232931,11.21538157165637,11.21538157165637,244300
2019-05-01,11.18354320526123,11.43825711018324,11.18354320526123,11.334779396531845,428500
2019-05-02,11.199461936950684,11.207421935895397,11.008426516921249,11.159663460441678,303200
2019-05-03,13.850079536437988,13.929678000081337,11.342737800066232,11.350697798252007,1429200
2019-05-06,14.02519702911377,14.05703550493418,13.205335401289112,13.945598562241024,693200
2019-05-07,13.850079536437988,14.120713401896722,13.706802605522846,13.92171800189556,513400
2019-05-08,13.627202987670898,13.889876803431042,13.531684546388064,13.690881442454748,559400
2019-05-09,13.507810592651367,13.75456604364196,13.324735143114964,13.444132109411974,385500
2019-05-10,13.499847412109375,13.698842815129014,13.189415069227358,13.698842815129014,280400
2019-05-13,13.062057495117188,13.276972884258596,12.97449903623416,13.165535949836102,246000
2019-05-14,13.19737434387207,13.34861126697415,13.030218943244266,13.157575872736219,254500
2019-05-15,13.109816551208496,13.15757654085391,12.918781147270138,13.10185655293426,298300
2019-05-16,13.054098129272461,13.348611993639173,12.982459662756623,13.077978124182552,390000
2019-05-17,12.855103492736816,13.173495852781334,12.775505023172055,12.92674196352365,590900
2019-05-20,12.552630424499512,12.855102769982217,12.504871193624377,12.855102769982217,253000
2019-05-21,12.5287504196167,12.67998735134587,12.512831182075704,12.632228120508442,253300
2019-05-22,12.234233856201172,12.488947657732869,12.106876955435323,12.425269207349945,386200
2019-05-23,11.486014366149902,12.234236712381236,11.422335900900734,12.059120553392429,467200
2019-05-24,11.645212173461914,11.740729884821828,11.438256752628458,11.549694462102002,676200
2019-05-28,11.724810600280762,11.915846793734351,11.629292883107636,11.629292883107636,366900
2019-05-29,11.366616249084473,11.64521009345367,11.271098554785445,11.621330859655702,326800
2019-05-30,11.287018775939941,11.541732632501544,11.239259548281057,11.3745764743562,253900
2019-05-31,11.406414031982422,11.422334025234077,10.89698563453535,11.191499436834494,635900
2019-06-03,11.374574661254883,11.59744925022019,11.247217753274708,11.46213234571449,319800
2019-06-04,11.88400650024414,11.915845736476848,11.40641719764625,11.414377196481244,247300
2019-06-05,11.70888900756836,11.931763636188785,11.486014378947933,11.764607474946668,266000
2019-06-06,11.70888900756836,11.820326701432164,11.573572078986304,11.71684900551017,226100
2019-06-07,12.03524398803711,12.114842466806572,11.700931591777133,11.780530070546595,263100
2019-06-10,12.138720512390137,12.226278223135315,12.035242803814594,12.17055974894359,259800
2019-06-11,12.242197036743164,12.473031669203232,12.186478567941247,12.289955507399894,208000
2019-06-12,12.258116722106934,12.377514421328577,12.178519015066405,12.186479013502627,440900
2019-06-13,12.234233856201172,12.457108432541407,12.138716180626785,12.32179153570094,319500
2019-06-14,12.194439888000488,12.377516081046382,12.13872140969003,12.297917604225153,657300
2019-06-17,12.162598609924316,12.369554007675708,12.146679372693475,12.242197073400146,251400
2019-06-18,12.05911922454834,12.36955227776053,12.00340076337196,12.250155358351973,289800
2019-06-19,11.88400650024414,12.250158096473918,11.876046501409146,12.051162680242674,253100
2019-06-20,12.098919868469238,12.226276799857253,12.019322165905322,12.051161398752326,240100
2019-06-21,12.30616569519043,12.386493455533955,11.936659376522353,12.097314897209401,518200
2019-06-24,12.105345726013184,12.378459161800926,11.992887793203323,12.378459161800926,190800
2019-06-25,11.872392654418945,12.097309985638281,11.856327568510128,12.081244133667479,204000
2019-06-26,12.145511627197266,12.217806462381079,11.944692981047718,11.97682393378915,109100
2019-06-27,12.193706512451172,12.338295393908048,12.11337876026007,12.20977160325206,142400
2019-06-28,12.426656723022461,12.474852764002483,12.153543270594806,12.185674219935574,298900
2019-07-01,12.65960693359375,12.723868835505408,12.490919249560068,12.723868835505408,221600
2019-07-02,12.354361534118652,12.643540069726937,12.24190283168431,12.643540069726937,197400
2019-07-03,12.274033546447754,12.45075414232004,12.217804579332025,12.45075414232004,224100
2019-07-05,12.07321548461914,12.201739281667187,11.647480215381924,11.647480215381924,270800
2019-07-08,11.984853744506836,12.057148560876374,11.816166094998627,11.952722800127278,203800
2019-07-09,11.470758438110352,11.904526591810175,11.382398528193377,11.84829762786866,391100
2019-07-10,11.430596351623535,11.567153084889311,11.374367378889026,11.46272806868588,397500
2019-07-11,10.747814178466797,11.406499101560197,10.707650295484001,11.406499101560197,677300
2019-07-12,10.940600395202637,11.06109204963225,10.771912691851087,10.812076576660958,279400
2019-07-15,10.787975311279297,10.988793908936398,10.635352748065094,10.932564180670143,195900
2019-07-16,10.619290351867676,10.844207023789556,10.490766539340887,10.538962586007258,492000
2019-07-17,10.418471336364746,10.627322141334366,10.370274525333404,10.619289977881078,431100
2019-07-18,10.306010246276855,10.394370152398754,10.225682501757204,10.386337990796505,687000
2019-07-19,10.56305980682373,10.6273217082049,10.193553490850869,10.201586420039087,416700
2019-07-22,10.434535026550293,10.595189764953018,10.378306059624894,10.595189764953018,243400
2019-07-23,10.402402877807617,10.563057597661137,10.378304861345121,10.482730620765443,412600
2019-07-24,10.64338493347168,10.691581730615104,10.394369552677848,10.394369552677848,239500
2019-07-25,10.346177101135254,10.62732275587848,10.306013217296973,10.62732275587848,256300
2019-07-26,10.02486515045166,10.281913505172998,9.90437428478327,10.281913505172998,216800
2019-07-29,10.048964500427246,10.089128379924963,9.904374840660376,10.000767691817527,269000
2019-07-30,10.627320289611816,10.635353217727756,9.95257041517887,10.00076645175013,454900
2019-07-31,10.466666221618652,10.619288801255259,10.225683725287645,10.530928118498622,503900
2019-08-01,9.864209175109863,10.514861760188762,9.832078230541901,10.330108254376375,745700
2019-08-02,9.904374122619629,10.185520492659005,9.350115077132736,9.350115077132736,691600
2019-08-05,9.398311614990234,9.807981798997604,9.317984623617317,9.478639372425421,659700
2019-08-06,9.358147621154785,9.534868225700933,8.908314330025648,9.398311499378309,581800
2019-08-07,9.342082023620605,9.542900637801456,9.15732850022187,9.269787199945545,246100
2019-08-08,9.510770797729492,9.55896684175061,9.334050182173339,9.494704939014246,452900
2019-08-09,9.245689392089844,9.486671887827962,9.173394566762186,9.486671887827962,325600
2019-08-12,9.101099014282227,9.237655725421254,8.9645423031432,9.213557707591477,302900
2019-08-13,9.25372314453125,9.350115998195664,8.972576746796653,9.077002529782009,341500
2019-08-14,8.827984809875488,9.157327166598497,8.787820939676124,9.157327166598497,282800
2019-08-15,8.562909126281738,8.811924647884343,8.498647204460912,8.803891716141106,351700
2019-08-16,8.964542388916016,8.996673335017205,8.643232927904116,8.643232927904116,242700
2019-08-19,9.141264915466309,9.19749389156078,9.012741103786178,9.133231985720714,268100
2019-08-20,9.060934066772461,9.213556615753156,8.956508313802008,9.093065008758595,339400
2019-08-21,9.052901268005371,9.221588127001269,8.980606462114542,9.221588127001269,215000
2019-08-22,9.06896686553955,9.149294602400005,8.97257404094425,9.109130733969778,219100
2019-08-23,8.916349411010742,9.068971265823563,8.787824816461196,9.012742282376069,296500
2019-08-26,8.988642692565918,9.093068485463228,8.892249829752027,9.028806576920633,194000
2019-08-27,9.101099014282227,9.237655725421254,9.020771266766737,9.125197032112004,209800
2019-08-28,9.29388427734375,9.43044098243358,8.924378034052822,9.060934739142652,317800
2019-08-29,9.735689163208008,9.78388598173655,9.39028080093038,9.422411757928595,230100
2019-08-30,9.67142391204834,9.984701209230177,9.607162020225735,9.824045713611484,146200
2019-09-03,9.422409057617188,9.623227672820237,9.382245947426355,9.599129653493293,299000
2019-09-04,9.591096878051758,9.671424631839459,9.47863894202366,9.486671870614876,131400
2019-09-05,9.84814453125,10.048963135397534,9.711587819144702,9.711587819144702,204100
2019-09-06,9.856178283691406,9.960603292448042,9.799948548904474,9.896341395030614,225000
2019-09-09,10.257817268371582,10.265849432366732,9.90437600646427,9.90437600646427,247500
2019-09-10,10.434535026550293,10.434535026550293,10.193552535915096,10.273880288147568,238900
2019-09-11,10.61125373840332,10.619286665413224,10.233714595620729,10.362238363530865,223900
2019-09-12,10.338142395019531,10.659452644460975,10.27388049834369,10.659452644460975,414800
2019-09-13,10.627320289611816,10.739778985048401,10.354207628229576,10.410436592916774,268900
2019-09-16,10.83617115020752,10.844204077823784,10.65945133902254,10.65945133902254,230500
2019-09-17,10.876335144042969,10.940597033568546,10.731745509579346,10.82813834386771,302200
2019-09-18,10.530925750732422,10.892399796986473,10.297976235403182,10.892399796986473,240300
2019-09-19,10.217653274536133,10.506831858943453,10.040932645478252,10.506831858943453,343000
2019-09-20,10.281912803649902,10.434534607487471,10.161421180140275,10.265846947423743,851200
2019-09-23,10.691583633422852,10.739779673081742,10.209618640460521,10.249782517551088,256100
2019-09-24,10.113659858703613,10.746777993936256,10.089309369602997,10.706193329376502,219300
2019-09-25,10.178594589233398,10.381517129508458,10.121776525664561,10.186711676625535,214500
2019-09-26,9.991907119750977,10.178595501982745,9.886387296455057,10.178595501982745,139700
2019-09-27,9.98379135131836,10.18671393661309,9.918856185951105,9.96755717293243,151800
2019-09-30,10.178594589233398,10.219179252106022,9.95132156086999,10.000022537046691,272200
2019-10-01,9.805215835571289,10.446450950222314,9.675345550186975,10.29223017985043,211500
2019-10-02,9.610411643981934,9.821451271928037,9.561709893652809,9.691580195746393,208400
2019-10-03,9.724047660827637,9.78898358522497,9.513008809366495,9.594177360209072,121900
2019-10-04,9.764634132385254,9.79710171355516,9.537361064195919,9.748400728844398,131900
2019-10-07,9.5941801071167,9.910739636074581,9.577946701935621,9.748401713822439,195100
2019-10-08,9.375021934509277,9.586061571608155,9.27761920371474,9.504892242235327,243600
2019-10-09,9.009760856628418,9.529242050408078,8.896123958445099,9.415605926312796,317100
2019-10-10,9.147749900817871,9.228918465018518,9.009762490179776,9.034112982031152,183200
2019-10-11,9.358786582946777,9.464306388236286,9.107163086869331,9.245150465010381,431100
2019-10-14,9.058462142944336,9.35878741194583,9.01787747976293,9.334436923672213,173200
2019-10-15,9.074697494506836,9.147749742887944,8.92859299774462,9.082813808925051,218600
2019-10-16,9.131514549255371,9.196449701900807,9.009761331567198,9.074696484212634,232600
2019-10-17,9.155865669250488,9.196450335974122,9.03411244316772,9.115281002526855,221500
2019-10-18,9.155865669250488,9.180216933737547,8.579565569221664,8.928592619321526,310100
2019-10-21,9.504895210266113,9.64288264883549,9.301972597556835,9.301972597556835,175300
2019-10-22,9.561710357666016,9.602295022561778,9.277619251571867,9.48865811567126,134500
2019-10-23,9.991907119750977,10.024374698142942,9.577944914687322,9.602295404959264,202700
2019-10-24,9.756516456604004,10.064958047645742,9.675347127958439,10.064958047645742,158000
2019-10-25,9.943204879760742,10.016257121098793,9.667230089856146,9.667230089856146,160600
2019-10-28,9.95132064819336,10.105541424059435,9.894501815747553,9.894501815747553,143800
2019-10-29,9.975671768188477,10.064957404724815,9.862034870161105,9.92697001929445,267000
2019-10-30,9.98379135131836,10.008141844809023,9.715933600656374,9.862037335688584,189200
2019-10-31,9.902621269226074,9.926971760901164,9.58606255518537,9.926971760901164,169900
2019-11-01,10.324700355529785,10.714311309959362,9.95132280382403,10.243531019646213,480200
2019-11-04,10.243532180786133,10.446454769408888,10.21106459757002,10.349052019760554,331800
2019-11-05,10.673727989196777,10.714312662260937,10.308467479795839,10.373402647063195,256600
2019-11-06,10.37339973449707,10.722426741128086,10.37339973449707,10.616906930423639,164400
2019-11-07,10.535737037658691,10.673724415422985,10.438334319370012,10.543854124371414,236700
2019-11-08,10.430219650268555,10.462687228147468,10.340933230535454,10.413985474285038,207400
2019-11-11,10.38151741027832,10.495154314577384,10.332815658696413,10.365284009143071,140800
2019-11-12,10.543854713439941,10.560088887772363,10.332815091646689,10.373399753389705,180200
2019-11-13,10.503273010253906,10.551974772881422,10.422104437992386,10.462689111167274,195500
2019-11-14,10.413986206054688,10.568207792382452,10.413986206054688,10.495155543499633,121500
2019-11-15,10.227295875549316,10.551971615625664,10.211061701501485,10.527621128641945,179300
2019-11-18,10.170477867126465,10.267880597066265,10.08930931255401,10.08930931255401,127700
2019-11-19,10.064957618713379,10.413984633291708,10.064957618713379,10.227296269086219,241800
2019-11-20,9.821452140808105,10.113660346369622,9.788984562412383,10.032491013336248,236300
2019-11-21,9.732166290283203,9.918855457570922,9.732166290283203,9.886387877271517,189100
2019-11-22,9.959441184997559,9.975674589828527,9.764634908408132,9.764634908408132,322200
2019-11-25,10.275999069213867,10.357168408810187,10.016258421046754,10.016258421046754,212000
2019-11-26,10.14612865447998,10.308466558134024,10.12177816245392,10.20294672723685,125100
2019-11-27,10.194829940795898,10.340933660278655,10.146128184909548,10.194829940795898,161200
2019-11-29,10.170477867126465,10.18671204249381,10.008139983893466,10.146127378163538,90100
2019-12-02,9.975671768188477,10.292231200779558,9.951321280785482,10.178594302752186,104500
2019-12-03,9.5941801071167,9.935090130890334,9.577946701935621,9.8620378723548,268100
2019-12-04,9.829567909240723,10.048724631813439,9.67534711394325,9.707814690536827,216500
2019-12-05,9.788983345031738,9.886386068105683,9.756515770673758,9.8539184937477,106100
2019-12-06,9.821452140808105,10.024374699303413,9.821452140808105,9.902620699753351,210000
2019-12-09,9.959441184997559,10.056843936248143,9.821453760537166,9.821453760537166,190700
2019-12-10,9.943204879760742,10.024374208822596,9.870152638422692,9.95943905520835,153000
2019-12-11,10.015447616577148,10.072913832898815,9.933354252115617,9.974400542892477,164100
2019-12-12,10.163215637207031,10.261728133338151,9.925143575829896,10.01544650155649,163500
2019-12-13,10.212470054626465,10.212470054626465,9.974398026799628,10.10574878603824,291900
2019-12-16,10.089333534240723,10.302777719457161,9.851261414701748,10.26173064031432,340600
2019-12-17,9.859467506408691,10.113957898016913,9.851257936896777,10.072911616272622,143900
2019-12-18,10.122169494628906,10.122169494628906,9.719909902878914,9.89230698261574,159900
2019-12-19,9.99081802368164,10.09754008434678,9.982608453728703,10.064702587442714,110500
2019-12-20,10.105751991271973,10.138589495769768,9.851260744233157,10.023657838573552,1387500
2019-12-23,10.097542762756348,10.130380268370681,9.859470651325454,10.105752334886903,183700
2019-12-24,10.409497261047363,10.409497261047363,10.056493562999362,10.097540632082945,226300
2019-12-26,10.310986518859863,10.557267409437568,10.212473223139352,10.4423365359434,149300
2019-12-27,10.286356925964355,10.31919442743393,10.171426062274744,10.31919442743393,100200
2019-12-30,10.22067928314209,10.343820469027891,10.163213866139936,10.310982976039861,148200
2019-12-31,10.097542762756348,10.352033235540464,10.040076540750347,10.187845707468794,624600
2020-01-02,10.146799087524414,10.32740576800576,10.089333645833593,10.204265312123162,187100
2020-01-03,9.8512601852417,10.015447698414164,9.818422682607206,9.982610195779671,192400
2020-01-06,9.580350875854492,9.843050904692534,9.465419221783929,9.769166325854876,290800
2020-01-07,9.695282936096191,9.711701297132473,9.481838762269398,9.514676267249838,149000
2020-01-08,9.908723831176758,9.966190037598677,9.613186360793646,9.662442997311336,247800
2020-01-09,9.752747535705566,9.925144617760001,9.678862960123979,9.908725475227289,164000
2020-01-10,9.71990966796875,9.810212599778824,9.531093450483242,9.752747168891302,208000
2020-01-13,10.089333534240723,10.11396146856326,9.71170181536084,9.736329749683378,196200
2020-01-14,10.064704895019531,10.10575197128757,9.834841581081657,10.064704895019531,454000
2020-01-15,10.00723648071289,10.089330615247519,9.834839424516323,10.064702688050206,276700
2020-01-16,10.49159049987793,10.557265496519754,10.031865523385157,10.031865523385157,330100
2020-01-17,10.877431869506836,10.877431869506836,10.573684809363876,10.581894379804753,299000
2020-01-21,10.754292488098145,10.885642496267216,10.647570410733822,10.885642496267216,492200
2020-01-22,10.902060508728027,11.033410512715099,10.746082574720326,10.869223007731259,260000
2020-01-23,10.524430274963379,10.844596540035072,10.417708186606149,10.844596540035072,248600
2020-01-24,9.97439956665039,10.50800990650851,9.949771638013166,10.50800990650851,224400
2020-01-27,9.802003860473633,9.875888439545067,9.678863417293138,9.769166356764979,161500
2020-01-28,9.637815475463867,9.925144194263826,9.621397116539518,9.892306693507354,198400
2020-01-29,9.604976654052734,9.802001631501238,9.596767084265464,9.719908282351527,171100
2020-01-30,9.309439659118652,9.506464646540453,9.153460956895614,9.506464646540453,349100
2020-01-31,9.038530349731445,9.26018327083878,8.915389142087168,9.26018327083878,340700
2020-02-03,8.816878318786621,9.145254151908794,8.759412880726087,8.97285705481932,339000
2020-02-04,8.940017700195312,9.022111054310635,8.660898573806248,8.981063985799116,612000
2020-02-05,8.972855567932129,9.03853056709202,8.81687685774658,8.989273926268229,253100
2020-02-06,8.874342918395996,9.030320843023361,8.7676208508477,9.030320843023361,252200
2020-02-07,8.611642837524414,8.956436996503783,8.472083259703822,8.742992844200783,293500
2020-02-10,8.685528755187988,8.775831703016022,8.537759583371281,8.578806662532358,305600
2020-02-11,9.022110939025879,9.161670500437115,8.75120138638235,8.759410956561295,283000
2020-02-12,9.03032112121582,9.39974319232037,8.989274050446923,9.104205692018281,208800
2020-02-13,8.792250633239746,9.030322747073551,8.759413127293977,9.005694813341197,276200
2020-02-14,8.53775691986084,8.710153972228591,7.848169493297507,8.636270192277559,802200
2020-02-18,8.619853973388672,8.644481908384131,8.389991419979197,8.496713515503437,648500
2020-02-19,8.636272430419922,8.71836580149862,8.496712838387472,8.545968704453117,288100
2020-02-20,8.636272430419922,9.030322490576575,8.636272430419922,8.70194744044603,298700
2020-02-21,8.480294227600098,8.652691335484553,8.3982000684521,8.611644255910555,180900
2020-02-24,8.291478157043457,8.32431566174251,8.004149403745844,8.19296486003843,351700
2020-02-25,7.782494068145752,8.414616882953574,7.733238212625071,8.373569814747869,452000
2020-02-26,7.610097408294678,7.881006948760734,7.593678268674835,7.881006948760734,273100
2020-02-27,7.240675449371338,7.4541195921415895,7.150372519541351,7.43770123349421,468200
2020-02-28,7.273512840270996,7.314559910634249,6.977975342889524,6.977975342889524,349700
2020-03-02,7.347397804260254,7.396654447918509,7.084697792503666,7.289932372415448,255700
2020-03-03,7.183210372924805,7.577260394729508,7.150372871107746,7.462329529823702,187900
2020-03-04,7.47053861618042,7.4787474039211,7.084697407689532,7.289931976453744,250400
2020-03-05,7.257096290588379,7.363818386968554,6.994396227442066,7.273514653081051,296200
2020-03-06,7.043648719787598,7.257092810182996,6.863042121537063,7.002601658879626,239100
2020-03-09,6.0667338371276855,6.961556304625232,5.303261370410577,6.682437944420684,259900
2020-03-10,6.526459217071533,6.526459217071533,6.124199644832286,6.468993787582429,282200
2020-03-11,5.935383319854736,6.304805360629832,5.853289576510698,6.304805360629832,326100
2020-03-12,5.746568202972412,6.3130156870970175,5.426402369842468,5.5495431953397985,373800
2020-03-13,6.247341156005859,6.427947426631801,5.820453215799712,6.05031574205091,351600
2020-03-16,6.206292629241943,6.592133403804071,5.648054804579719,5.648054804579719,316000
2020-03-17,6.953347682952881,7.4705389105683295,6.362271882405542,6.641391032189224,736700
2020-03-18,6.230922222137451,6.912300992232615,6.074943888153006,6.518250567286098,296700
2020-03-19,6.542877674102783,6.904090550737308,6.099571050836289,6.148827298815471,283200
2020-03-20,6.165247440338135,6.871254167425877,5.9682220249863995,6.575716631579163,421700
2020-03-23,5.607008457183838,6.485412568268818,5.541333456626808,6.198084245104871,352300
2020-03-24,5.66398286819458,6.066158769365741,5.379107872005432,5.915342806426556,248500
2020-03-25,5.831557750701904,6.309142362876461,5.479653341681321,5.54668267682308,366200
2020-03-26,5.873449802398682,6.175081734401035,5.563438606329109,5.8985855969690855,311400
2020-03-27,6.09967565536499,6.258870130858569,5.50478969064229,5.663984565662231,280200
2020-03-30,6.175082683563232,6.351034870706396,5.873450705197505,6.158325351431803,173700
2020-03-31,6.066159725189209,6.426442959379635,6.041023927168574,6.2337334432741045,239200
2020-04-01,5.839935779571533,6.024266836904536,5.672362454292734,5.848314645598634,246400
2020-04-02,6.149947166442871,6.434821825708033,5.873450973863519,5.873450973863519,292600
2020-04-03,5.898586273193359,6.18346130782485,5.663983632518494,6.1499466448712985,225600
2020-04-06,6.401306629180908,6.451578623706718,5.982372941939529,5.982372941939529,233000
2020-04-07,6.5521240234375,6.8705133712362185,6.485094287532463,6.661046495289671,213700
2020-04-08,7.088357925415039,7.24755237285744,6.610773384508957,6.702938906338473,316500
2020-04-09,7.289445877075195,7.540806245054185,7.214037686776241,7.255931214614836,224200
2020-04-13,7.012950420379639,7.968119595558693,6.904027556618221,7.2475530812989515,186700
2020-04-14,7.012950420379639,7.398369477130556,6.862134024548035,7.054843952449825,216300
2020-04-15,6.853755474090576,6.954299464537668,6.677802891518711,6.845376608456833,215500
2020-04-16,6.845376968383789,6.937542098043141,6.552123447730811,6.82861923623519,336000
2020-04-17,6.945919990539551,7.2643096652618775,6.887269534345516,7.038085107280539,132100
2020-04-20,6.661045074462891,7.004570549891476,6.610773082902093,6.786725652654295,160500
2020-04-21,6.661045074462891,6.728074396543954,6.359413125098107,6.510229099780498,263600
2020-04-22,6.753211498260498,6.895648219079387,6.694560237749958,6.744832632608619,132700
2020-04-23,7.063222408294678,7.214037996311094,6.64428831051227,6.828618961953378,136400
2020-04-24,7.029707908630371,7.105115304874003,6.912406182719217,7.063222573311752,87700
2020-04-27,7.423504829406738,7.482156090391704,7.063222393040368,7.063222393040368,91300
2020-04-28,7.591078281402588,7.74189385585784,7.515670094648689,7.532427025564808,236900
2020-04-29,8.060285568237305,8.12731490692534,7.733516942843575,7.775410479286783,254100
2020-04-30,8.445703506469727,8.537868634757537,7.942982736229985,8.437324640520115,310000
2020-05-01,7.825679779052734,8.02676771536249,7.540804803087699,7.968117267035252,285200
2020-05-04,7.038084506988525,7.993253449687277,6.954298262293703,7.934602998495654,295100
2020-05-05,6.93754243850708,7.524049508596215,6.836998437839173,7.239175239563489,433600
2020-05-06,6.6945600509643555,7.029707476215029,6.661045388344546,6.962678150975412,270400
2020-05-07,6.803483009338379,6.895648133203424,6.661045491240748,6.67780282280951,203800
2020-05-08,7.297825813293457,7.331340480671562,6.895649005703499,6.9040278723112,162800
2020-05-11,6.912405967712402,7.239174537481383,6.661045590894156,7.130251680891723,318800
2020-05-12,6.711318016052246,7.046464653948285,6.702939150341692,6.937541796868919,222200
2020-05-13,6.535366058349609,6.786726445027026,6.317520336625673,6.6526673856867875,167300
2020-05-14,6.5521240234375,6.568881357532169,6.14156873882856,6.384550282964446,214000
2020-05-15,6.518609046936035,6.6191530467485995,6.47671551391763,6.501851713633941,179300
2020-05-18,6.711318016052246,7.012949990158681,6.669424486552088,6.677802952736335,178400
2020-05-19,6.30076265335083,6.753211404085134,6.284005321807063,6.652667015296234,293800
2020-05-20,6.493472099304199,6.702938941217238,6.334277251507134,6.334277251507134,188800
2020-05-21,6.493472099304199,6.635909615729273,6.468335902483065,6.501850964753342,177000
2020-05-22,6.778346538543701,6.803482333637285,6.501850395356722,6.501850395356722,151900
2020-05-26,7.029707908630371,7.121873036741012,6.88727038397134,6.979435512081981,188000
2020-05-27,7.205659866333008,7.2559314622127,6.979435287716566,7.096737009856863,214600
2020-05-28,6.920785427093506,7.306204491531108,6.845377227673784,7.306204491531108,176300
2020-05-29,6.761589050292969,6.878890763334608,6.610773075773213,6.836997237315983,275900
2020-06-01,6.577259540557861,6.728075540891864,6.284006006811908,6.652667740488034,289200
2020-06-02,6.836998462677002,6.971057130721227,6.225355190435708,6.619153127105137,513000
2020-06-03,7.4570207595825195,7.4989142962425275,6.87051364350065,6.87051364350065,249400
2020-06-04,8.185965538024902,8.185965538024902,7.2978256712167076,7.4067485378381726,335600
2020-06-05,7.431883335113525,7.892710539687277,7.348097079133574,7.691622566472302,1159900
2020-06-08,8.655171394348145,8.738958465743414,7.641351665918507,7.666487467715995,395600
2020-06-09,8.127314567565918,8.454083179315289,7.775410154621277,8.454083179315289,225300
2020-06-10,7.398366928100586,8.169204776018297,7.389988064762865,8.06866081312282,131800
2020-06-11,7.088357925415039,7.188901913123805,6.677802709648136,7.188901913123805,359400
2020-06-12,7.054843425750732,7.373233127040142,6.7532114556593665,7.29782493475415,305800
2020-06-15,7.339718818664551,7.373233483628892,6.744832916258009,6.7951045141782,243900
2020-06-16,7.431883335113525,7.6413501736422695,7.306203551617309,7.565941983923509,201000
2020-06-17,7.222416877746582,7.406747929114637,7.113494020076941,7.406747929114637,117000
2020-06-18,7.188902378082275,7.364854567715868,7.071600651975667,7.163766579292515,113100
2020-06-19,7.281067371368408,7.565942415880064,7.214038043136562,7.272689304628893,356800
2020-06-22,7.012950420379639,7.264310813748091,6.962678821137547,7.214038415453336,151800
2020-06-23,7.012950420379639,7.230796147902475,6.828619358702419,7.029708152828778,146000
2020-06-24,6.670957088470459,6.924284328192717,6.620291640526007,6.924284328192717,208900
2020-06-25,6.662512302398682,6.713177747731568,6.4851830424069945,6.654068262836451,189200
2020-06-26,6.366964817047119,6.6540694616452525,6.358520775963595,6.6034040071843885,184300
2020-06-29,6.856730937957764,7.050949107697006,6.409185911185549,6.409185911185549,154400
2020-06-30,6.890508651733398,7.008728455036094,6.806066625351353,6.831399152735314,106700
2020-07-01,6.806066513061523,7.126947335448384,6.730067724203717,6.890508538050404,105000
2020-07-02,6.856730937957764,7.0847260756551655,6.763844477399436,6.941173760506381,219200
2020-07-06,6.915842056274414,7.0256174292700875,6.8145111285799365,7.000284898673125,113800
2020-07-07,6.603403568267822,6.91584031534941,6.510516706603645,6.839842742689398,237400
2020-07-08,6.64562463760376,6.679401605311403,6.468295355812022,6.578070702188472,96400
2020-07-09,6.45985221862793,6.645625567000542,6.409186759980854,6.645625567000542,94100
2020-07-10,6.772288799285889,6.806065766638414,6.400741353101688,6.451406804130476,187500
2020-07-13,6.569626808166504,6.822954071625947,6.544293880493947,6.822954071625947,96500
2020-07-14,6.662512302398682,6.755399153502224,6.510515966400022,6.569625853948306,100900
2020-07-15,6.654068946838379,6.907396602196678,6.586515012783688,6.806065701114642,117100
2020-07-16,6.552739143371582,6.654070061427033,6.45985226716078,6.603404602399308,92300
2020-07-17,6.763844966888428,6.763844966888428,6.54429425661863,6.569627185747164,108900
2020-07-20,6.746956825256348,6.839844108116679,6.6202933735642775,6.713179851118023,112200
2020-07-21,6.6202921867370605,6.898952374749159,6.569626734612426,6.797621470499891,84100
2020-07-22,6.569626808166504,6.78073265972276,6.535849437052019,6.679401754338983,90800
2020-07-23,6.51051664352417,6.62873602826294,6.40074129922585,6.54429361059239,156400
2020-07-24,6.713178634643555,6.730067118652406,6.502072383206295,6.527405310546183,144600
2020-07-27,6.75540018081665,6.780732706008905,6.518960997320647,6.704734727778913,116000
2020-07-28,6.578071117401123,6.780732936439148,6.535849703774914,6.763844854172555,86800
2020-07-29,6.75540018081665,6.8229541182003,6.518960997320647,6.578070893857955,101300
2020-07-30,6.569626808166504,6.730067207030872,6.476739943571428,6.6456247858777235,151900
2020-07-31,6.290966510772705,6.544294188820607,6.164303074401999,6.366964894717725,240400
2020-08-03,6.071416854858398,6.282523141594838,5.995418462784228,6.282523141594838,232400
2020-08-04,6.046083927154541,6.096749387685338,5.868754613970105,6.096749387685338,156100
2020-08-05,6.0123066902160645,6.172747509531934,5.961641231903674,6.088305079011284,172100
2020-08-06,6.079860687255859,6.316299897413411,5.927864311003108,6.012306742254636,230700
2020-08-07,6.392297267913818,6.535849176832147,6.079859718106797,6.079859718106797,235000
2020-08-10,6.442963123321533,6.502072618161856,6.299410802732349,6.400741710447102,143700
2020-08-11,6.713178634643555,6.8905079180631095,6.451406931179739,6.518960867215148,384300
2020-08-12,6.7976226806640625,6.848287739155253,6.620293365331728,6.848287739155253,124600
2020-08-13,6.907398223876953,6.924286308702308,6.687847484001106,6.755401433915735,99000
2020-08-14,6.7976226806640625,6.932730577049349,6.755401261717014,6.822955209909658,117100
2020-08-17,6.831398963928223,6.991839373334405,6.730067649233197,6.898952905289405,169800
2020-08-18,6.7976226806640625,6.907398047803754,6.611848920481001,6.7976226806640625,137000
2020-08-19,6.679401874542236,6.8567311634816965,6.6118479364040095,6.7976216689373645,144300
2020-08-20,6.75540018081665,6.8229541182003,6.586515337357525,6.603403821703438,184700
2020-08-21,6.552739143371582,6.687847034112184,6.442963780818205,6.687847034112184,159900
2020-08-24,6.75540018081665,6.763844624316221,6.5527383686657,6.637180790395263,194800
2020-08-25,6.907398223876953,7.397164763411316,6.882064888679013,7.397164763411316,392700
2020-08-26,7.025616645812988,7.118503923154631,6.87362067387432,6.898953201646341,356100
2020-08-27,7.059391975402832,7.0847253025869685,6.822953225495349,7.008726931647261,189700
2020-08-28,7.16072416305542,7.262055879502531,6.974951228617541,7.050949613299626,218700
2020-08-31,7.076282501220703,7.270499889501047,6.966507140550994,7.143836445431826,249100
2020-09-01,7.084726333618164,7.194501684805836,6.898952600430836,7.025616033559283,182500
2020-09-02,7.186057090759277,7.236722140827517,6.991838918013822,7.067837298422632,146600
2020-09-03,6.882063865661621,7.1945018442061945,6.856731339535961,7.126947099026959,106700
2020-09-04,6.958061695098877,7.0509489590048124,6.780732415731498,6.915840284714944,134700
2020-09-08,6.51051664352417,6.90739661055557,6.5020722004305105,6.83984267641913,182900
2020-09-09,6.223411560058594,6.552737568572843,6.164302073391815,6.5442931261043435,264500
2020-09-10,6.071416854858398,6.358521533669008,6.0207513943600475,6.214969194263704,161900
2020-09-11,5.970086097717285,6.088305508791432,5.936309123124671,6.088305508791432,160400
2020-09-14,5.978529930114746,6.164303686504348,5.961641443411445,5.986974374793039,365800
2020-09-15,6.037639141082764,6.113637121187609,5.792755910699203,5.995417727849775,406500
2020-09-16,6.029193878173828,6.1220807330737,5.877197535963006,6.054526803202224,339100
2020-09-17,6.130526065826416,6.189635561720449,5.725202025088692,5.936308287917647,477700
2020-09-18,6.1727471351623535,6.31629945966782,5.9531968291241215,6.096748750976343,704700
2020-09-21,6.020750522613525,6.1220814289384915,5.927863657155693,6.03763900700102,197100
2020-09-22,5.910975933074951,6.071416756719665,5.894087446515154,6.037639783600071,284100
2020-09-23,5.497206687927246,6.0038615838623866,5.48031780216465,5.961640174762292,346800
2020-09-24,5.446540832519531,5.623870106383255,5.42120830919797,5.488762241593065,201300
2020-09-25,5.345210552215576,5.6323152007577635,5.277656612006414,5.378987522320158,164600
2020-09-28,5.255625247955322,5.434794327483868,5.170306735520481,5.383603220022963,482500
2020-09-29,5.417730808258057,5.451858214386394,5.221498019604736,5.289752831861409,454100
2020-09-30,5.631026744842529,5.716345251752272,5.409198626877199,5.409198626877199,363100
2020-10-01,5.511581897735596,5.6480915351086,5.460390783720719,5.6480915351086,222600
2020-10-02,5.460390567779541,5.554241143177394,5.383603696378499,5.383603696378499,269400
2020-10-05,5.605432510375977,5.6992826832159125,5.409199702063035,5.468922465355575,310200
2020-10-06,5.340944290161133,5.699282050635843,5.315348532426127,5.622495591092361,399700
2020-10-07,5.494518756866455,5.528646169711582,5.3409453990633855,5.375072811908512,155400
2020-10-08,5.639560699462891,5.6992834710107285,5.417732099911295,5.48598692844075,180700
2020-10-09,5.579836845397949,5.716346485926324,5.503049969185329,5.673687426676616,107100
2020-10-12,5.818729400634766,5.818729400634766,5.545709699727539,5.554241756082845,248900
2020-10-13,5.767537593841553,5.878451465391744,5.622495907778853,5.767537593841553,300800
2020-10-14,5.844324588775635,5.9125794103412925,5.733410300316026,5.793133472601391,149900
2020-10-15,5.852856636047363,5.904047752144295,5.716346586291388,5.793133463852198,171200
2020-10-16,5.895515441894531,5.91257914652457,5.76753786058464,5.852856383734837,97900
2020-10-19,5.972302436828613,6.057620961702858,5.810197036152138,5.895515561026383,247900
2020-10-20,5.989366054534912,6.134407748123196,5.929642884577732,5.9723023498086905,157600
2020-10-21,5.878452301025391,6.04908977052123,5.878452301025391,5.963770832357886,113900
2020-10-22,5.741942882537842,5.921112008979641,5.622496933853598,5.8613888312220865,156900
2020-10-23,5.810197353363037,5.8784521769888425,5.699283061555683,5.801665703825231,74600
2020-10-26,5.579836845397949,5.750473896058417,5.503049969185329,5.656623721610569,198000
2020-10-27,5.195903778076172,5.562773675720975,5.178840071367828,5.562773675720975,336900
2020-10-28,5.025266170501709,5.178839933622956,4.948479695771933,5.119116758316821,275900
2020-10-29,5.3153486251831055,5.349476031538152,4.922883045269301,5.033797319338588,275000
2020-10-30,5.36653995513916,5.682218680304807,5.247094027990417,5.53717699392308,298700
2020-11-02,5.545709609985352,5.895515778275484,5.4177316145426,5.827260955860905,359900
2020-11-03,5.852856636047363,5.989366278972513,5.579836943366238,5.579836943366238,291100
2020-11-04,5.622496128082275,5.85285634237536,5.5627729588837695,5.8016652288469865,280100
2020-11-05,5.818729400634766,5.878452167798557,5.6480919350061844,5.656623991361491,215500
2020-11-06,5.8357930183410645,5.955238957694766,5.75900613962684,5.852856723963022,130500
2020-11-09,5.9552388191223145,6.356236095322923,5.895515647419746,6.0661531064995895,360100
2020-11-10,6.245321750640869,6.322108215030951,6.023493192372025,6.049088951722581,226900
2020-11-11,6.296512603759766,6.45008593305972,6.228257790737564,6.2453214939931145,121100
2020-11-12,6.0320258140563965,6.3477045703082275,5.955238935626717,6.211194925838426,257200
2020-11-13,6.398895263671875,6.492745841451688,6.032025415013777,6.032025415013777,173200
2020-11-16,6.706043243408203,6.885211960369878,6.492746706210506,6.535405769551531,222400
2020-11-17,6.612191677093506,6.63778743678458,6.390363115873521,6.620723732600797,141400
2020-11-18,6.578064918518066,6.799893094819807,6.535405450429236,6.595128624387431,131900
2020-11-19,6.543936729431152,6.629255248643068,6.4244908025344705,6.543936729431152,81100
2020-11-20,6.851083755493164,6.953465983880943,6.467150195623585,6.5268733655985285,205900
2020-11-23,7.166762351989746,7.243549225148329,6.859615673017022,6.859615673017022,214900
2020-11-24,7.380060195922852,7.499506555083193,7.243550536117748,7.243550536117748,119800
2020-11-25,7.362995624542236,7.422718386984332,7.12410376111224,7.397123033603665,193200
2020-11-27,7.030251979827881,7.36299479074258,6.944933873666703,7.354462736028006,83800
2020-11-30,6.9875946044921875,7.226487325798858,6.927871830996402,6.970531303634147,148900
2020-12-01,6.910806655883789,7.09850698272553,6.85108308492365,7.038784225426935,224800
2020-12-02,7.7639923095703125,7.798119714316624,6.893742268047093,6.902274322649048,991800
2020-12-03,7.857840538024902,8.096732312537842,7.508034521929912,7.678671503724869,267300
2020-12-04,8.173521995544434,8.207649403752198,7.857843266207226,7.857843266207226,190500
2020-12-07,8.139396667480469,8.233246860621232,7.8578452743963805,8.233246860621232,224500
2020-12-08,8.344161033630371,8.36975720615844,7.9772915110077145,8.139396535376546,180700
2020-12-09,8.5318603515625,8.719561507122126,8.361223307263572,8.446541422582232,276200
2020-12-10,8.64277458190918,8.64277458190918,7.960225595147656,8.412413963241754,158300
2020-12-11,8.54039192199707,8.70249690145616,8.318563370180158,8.617178790984584,387200
2020-12-14,8.736624717712402,8.813411590297594,8.57451973065824,8.617179194723525,495200
2020-12-15,8.932857513427734,8.94138875491658,8.69396485118561,8.753688423576923,294300
2020-12-16,8.87313461303711,9.180282112420995,8.762221142328068,8.97551765527282,204200
2020-12-17,8.821943283081055,8.966984966741888,8.693964896147722,8.804879172691983,191500
2020-12-18,8.65130615234375,9.077899143439687,8.65130615234375,8.907261296072065,1124400
2020-12-21,8.15645980834961,8.702498413988609,8.122332395497171,8.480669823616914,152700
2020-12-22,7.963179111480713,8.16075488925239,7.911637141191853,8.16075488925239,124600
2020-12-23,8.229474067687988,8.263835096017793,7.96317630293988,7.96317630293988,137600
2020-12-24,8.409870147705078,8.461412102735766,8.21229442842254,8.21229442842254,115000
2020-12-28,8.641810417175293,8.719122145034882,8.263838146779833,8.46141474703924,193100
2020-12-29,8.658987998962402,8.762071091898669,8.53013433759997,8.67616892406758,245000
2020-12-30,8.78784465789795,8.925289647927672,8.65899095258294,8.719122572499028,190600
2020-12-31,8.805024147033691,8.90810725825213,8.263837198713079,8.76207264588474,250700
2021-01-04,8.813616752624512,9.05414407057704,8.624630593188696,8.908109422726447,543100
2021-01-05,9.191585540771484,9.320440037515429,8.762072190088409,8.805023689003058,491700
2021-01-06,9.784314155578613,9.835855297479576,9.34621035326203,9.34621035326203,395500
2021-01-07,9.853035926818848,9.913167530298578,9.440702707900487,9.844445463684128,328200
2021-01-08,9.689821243286133,10.08497357015369,9.406342489145466,10.08497357015369,354700
2021-01-11,9.621098518371582,9.827264722089222,9.535196343105067,9.578147021122488,206300
2021-01-12,9.844446182250977,9.956119753458662,9.629689503597362,9.681231466936184,394000
2021-01-13,9.792903900146484,9.84444586180758,9.535196549536067,9.638279653626572,249500
2021-01-14,9.749955177307129,10.170878141599946,9.638281587329715,9.844447836873316,381000
2021-01-15,9.921759605407715,9.981891218656944,9.63828082975879,9.63828082975879,362300
2021-01-19,9.827265739440918,10.02484231954787,9.603919405241077,9.947529780342181,327100
2021-01-20,10.686291694641113,10.746424120195933,9.878806964122601,9.956119497527588,227500
2021-01-21,10.540258407592773,10.780785663458191,10.462945870542384,10.660521625909617,200700
2021-01-22,10.308323860168457,10.514490140756152,10.196650253375463,10.428587933460602,199400
2021-01-25,10.067791938781738,10.377041218549733,9.956118382946507,10.3169096189583,174900
2021-01-26,10.11933422088623,10.222417325806996,9.878806976071113,10.16228571941114,453900
2021-01-27,9.586738586425781,9.904578391834463,9.552377548522998,9.89598874678259,187700
2021-01-28,9.492244720458984,9.672640351136726,9.466474150142638,9.672640351136726,446500
2021-01-29,9.707003593444824,9.904579376214214,9.414934332627597,9.509426991443588,155900
2021-02-01,10.196646690368652,10.316910721637022,9.758542882782113,9.792903917539977,199400
2021-02-02,10.273961067199707,10.35986407912681,9.956121233840365,10.31691257316326,135800
2021-02-03,10.523077011108398,10.5402579382353,10.024841593672004,10.2567783752633,147400
2021-02-04,10.316910743713379,10.66911155554306,10.231007747019056,10.651930628511519,164200
2021-02-05,10.505894660949707,10.78937418552418,10.445763062613818,10.454353525013683,226600
2021-02-08,10.95258903503418,10.961179497559593,10.566027232938115,10.703471356418351,143800
2021-02-09,11.193119049072266,11.545319908338035,11.081445466021592,11.158758009612965,347300
2021-02-10,11.450826644897461,11.545319293571024,11.004133155712175,11.201708917274651,215800
2021-02-11,11.785845756530762,11.794435400333914,11.313380939628292,11.510956674038761,295900
2021-02-12,11.785845756530762,12.009192060813977,11.631220698830989,11.768664830461166,212700
2021-02-16,11.665581703186035,12.026372957448007,11.425054473421936,11.992011924624563,350300
2021-02-17,11.218891143798828,11.73430676788009,11.004134428957006,11.227480789776292,246400
2021-02-18,11.2618408203125,11.614042489187769,11.210299672147578,11.382104864750284,184200
2021-02-19,11.528139114379883,11.596861189221917,11.158757347680135,11.390694964695815,215500
2021-02-22,11.760075569152832,11.82020799730952,11.35633359603993,11.545318886727435,148800
2021-02-23,11.5625,11.803027258789303,11.218889630300996,11.803027258789303,165400
2021-02-24,11.871749877929688,11.949062419470415,11.588271105101539,11.588271105101539,162500
2021-02-25,12.112274169921875,12.765133697667212,11.854566051985588,11.854566051985588,524000
2021-02-26,13.203239440917969,13.469538061442353,11.502367076330877,12.026373035078773,626700
2021-03-01,13.469539642333984,14.045087627816432,13.229011563555346,13.91623394358139,994000
2021-03-02,13.512489318847656,14.319974858949513,13.340684146240353,13.460948176681308,778400
2021-03-03,13.091567039489746,13.787378225158651,12.936942786692056,13.649934900022773,241200
2021-03-04,12.747957229614258,13.211831646522215,12.309853386081253,13.057206567808977,360300
2021-03-05,13.177470207214355,13.177470207214355,12.172408864682295,12.739366377037461,309000
2021-03-08,13.73583698272705,13.813149518190668,12.988483838631597,13.289143516716399,312200
2021-03-09,13.632752418518066,14.345745269814532,13.478127364112613,13.873279643746395,412800
2021-03-10,13.392227172851562,13.74442800951839,13.332095562464078,13.624163969511676,220600
2021-03-11,13.658525466918945,13.744428472565188,13.41799819803395,13.546852706503316,163500
2021-03-12,13.64134407043457,13.81314924628756,13.572622000093375,13.692885213574618,166100
2021-03-15,13.203239440917969,13.641343226668578,13.151698300965927,13.632752763599354,148000
2021-03-16,13.031436920166016,13.203242120256732,12.756548600020869,13.168881080238588,358000
2021-03-17,12.928352355957031,13.06579650067648,12.53320003027275,12.576151530305511,404900
2021-03-18,12.481658935546875,13.117339377987497,12.412936858401691,12.885401753198666,206600
2021-03-19,12.352803230285645,12.79949665884906,12.146637032487146,12.576150354183175,927900
2021-03-22,12.404345512390137,12.679234620666646,11.992013078822955,12.258311723258885,198200
2021-03-23,11.863160133361816,12.576152291683293,11.794437237609788,12.37857570726373,194400
2021-03-24,11.794435501098633,12.876809275780914,11.48518620228869,11.940470097011241,205400
2021-03-25,12.163816452026367,12.284080470229014,11.60544949306525,11.665581092550772,171400
2021-03-26,12.739367485046387,12.83386013891352,12.318444546140332,12.318444546140332,121600
2021-03-29,12.490248680114746,13.125928266685799,12.412936142974425,12.7737274368081,221900
2021-03-30,12.60673713684082,12.856973507455933,11.899172397083003,12.140779728698522,423000
2021-03-31,12.416902542114258,12.848344593742699,12.416902542114258,12.503190458693702,196900
2021-04-01,12.61536693572998,12.667140349935687,12.304728919227246,12.416903964247526,133200
2021-04-05,12.986406326293945,13.081323284384284,12.546335222318827,12.667139296815066,144400
2021-04-06,12.93463134765625,13.202125757701971,12.93463134765625,13.038177331990303,87800
2021-04-07,13.50413703918457,14.151300171853043,13.150354658324817,13.150354658324817,334400
2021-04-08,13.719860076904297,13.728489117425525,13.37470668516115,13.659458439076895,333500
2021-04-09,13.61630916595459,13.806143874645855,13.4178462427535,13.702597894335247,396900
2021-04-12,13.538651466369629,13.935578194065338,13.512765173211985,13.64219828482105,192700
2021-04-13,13.297043800354004,13.616310817428719,13.193497807484668,13.547280155515828,219400
2021-04-14,13.530024528503418,13.763002834747894,13.279788143250201,13.279788143250201,264500
2021-04-15,13.624939918518066,13.788887535587111,13.452363262942649,13.668084288139521,220800
2021-04-16,13.806146621704102,13.866548249842708,13.668085287152735,13.745744993565495,298300
2021-04-19,13.97872257232666,14.142669360401133,13.719856364204611,13.84928864535526,390000
2021-04-20,13.555909156799316,14.20307140472992,13.391961540933504,14.013237496445381,239200
2021-04-21,14.073639869689941,14.082268908592813,13.590425211875333,13.590425211875333,378700
2021-04-22,13.85792064666748,14.15130142444457,13.806148052301259,14.021869115618466,376500
2021-04-23,14.548229217529297,14.712176042696134,13.158985025843103,13.2625310387726,503900
2021-04-26,14.902009010314941,15.160873585605334,14.703546059537585,14.720802490955002,387300
2021-04-27,14.988300323486328,15.11773263334909,14.720805017839353,14.927897042783998,454400
2021-04-28,14.78983211517334,15.34207902725879,14.608627254362993,15.109099938370587,330200
2021-04-29,14.496456146240234,15.39385664318393,14.237591504487153,14.953785435546687,388200
2021-04-30,14.228959083557129,15.652717566627148,14.211701005987587,14.729431812327828,487700
2021-05-03,13.944208145141602,14.36702119366014,13.590425764833826,14.25484697500051,520200
2021-05-04,13.935577392578125,14.151298409942557,13.616310385628012,13.771629781461723,431800
2021-05-05,13.668086051940918,14.039126526491874,13.6508279727011,13.944208736493902,299300
2021-05-06,13.814774513244629,14.134040705690298,13.512764751818688,13.780259182473985,586600
2021-05-07,13.728486061096191,14.1426700389795,13.555909403644812,13.737115099696362,194400
2021-05-10,13.935577392578125,14.410164618272324,13.892433847433539,14.01323709049498,376000
2021-05-11,13.650826454162598,13.961465262639287,13.460992541105087,13.72848615628177,189100
2021-05-12,13.089951515197754,13.81477427161401,13.003662778325197,13.763000864908399,257700
2021-05-13,13.383331298828125,13.538649862281943,12.969146542827186,12.969146542827186,259300
2021-05-14,13.167611122131348,13.50413538318868,13.08995142406877,13.39196117810982,157000
2021-05-17,12.986406326293945,13.133096694285653,12.78794254840087,13.133096694285653,173100
2021-05-18,13.003664016723633,13.15898342872186,12.848345427635865,12.969148683269633,166200
2021-05-19,12.995034217834473,13.055435838294843,12.494560709340124,12.8224567486728,176000
2021-05-20,12.831087112426758,13.003663776508771,12.667139487276456,12.986406521555793,201200
2021-05-21,12.658510208129883,12.934632865421248,12.6153658372005,12.891488494491865,220700
2021-05-24,12.55496597290039,12.70165636089228,12.485935298893683,12.70165636089228,175700
2021-05-25,12.287468910217285,12.865601300640675,12.261582618635597,12.684395613748114,272500
2021-05-26,12.511821746826172,12.667141176669874,12.080379617625269,12.252956304723519,350900
2021-05-27,12.66714096069336,12.839717644849152,12.589481247095616,12.641253840887083,284000
2021-05-28,12.805200576782227,12.865602202342949,12.503190803157759,12.675767463981556,249400
2021-06-01,12.598109245300293,13.098581999423548,12.494562420458507,12.977777919048444,243400
2021-06-02,12.416902542114258,12.606736452335278,12.313356548472681,12.57222112112142,158100
2021-06-03,12.097635269165039,12.365128874739794,12.01134653148328,12.365128874739794,151500
2021-06-04,11.847397804260254,12.123521264331826,11.786996183108833,12.089005934686677,108200
2021-06-07,11.579904556274414,12.063119185954822,11.55401826398342,11.881914317007466,194200
2021-06-08,11.536761283874512,11.717966992957797,11.519504028343494,11.579905657067766,193700
2021-06-09,11.838769912719727,11.856027166558954,11.424585122743181,11.519502899045301,304100
2021-06-10,11.640307426452637,11.95957447528395,11.640307426452637,11.769740547596456,212100
2021-06-11,11.847397804260254,11.968201869473466,11.692079232312263,11.692079232312263,154800
2021-06-14,11.648935317993164,12.13215077474605,11.597161910054838,12.019975743305015,421300
2021-06-15,11.743853569030762,11.743853569030762,11.459101851208795,11.588534973889093,117300
2021-06-16,11.44184398651123,11.79562635510915,11.355555242648613,11.666194062225674,182600
2021-06-17,11.088061332702637,11.510874356350737,10.993143552313175,11.355554950557384,146200
2021-06-18,10.639360427856445,11.001771800043654,10.578958806795367,10.967256470450128,360700
2021-06-21,10.872339248657227,10.958627159033979,10.656618238349825,10.742906148726577,219100
2021-06-22,10.768793106079102,11.070802868366389,10.622103567068292,10.898226214020967,166400
2021-06-23,10.742908477783203,11.036289247071714,10.725651221130628,10.811939150214556,296900
2021-06-24,11.019033432006836,11.036290690917127,10.717023583425714,10.75153892415693,241500
2021-06-25,11.062174797058105,11.217494211003348,10.837825538249996,11.019031246882623,326200
2021-06-28,10.768793106079102,11.036287537497305,10.68250519036159,11.019030283517962,244700
2021-06-29,10.842523574829102,10.937937484488794,10.695065188033915,10.703739405426314,159900
2021-06-30,11.05937385559082,11.128765939095448,10.842523387834138,10.937937295848279,128600
2021-07-01,10.998656272888184,11.146114660941901,10.946611795308497,11.050699923248962,168900
2021-07-02,10.842523574829102,11.007329569190189,10.781805707520107,10.963960136665992,125800
2021-07-06,10.469538688659668,10.79047723170881,10.469538688659668,10.79047723170881,221600
2021-07-07,10.521584510803223,10.755782579504729,10.408822171347364,10.469540035970185,185700
2021-07-08,10.35677719116211,10.60832368160687,10.165949389596308,10.40882166345567,199600
2021-07-09,10.538932800292969,10.608324886419524,10.131254501104182,10.261364455786744,173300
2021-07-12,10.590978622436523,10.695066764834591,10.460868651243693,10.460868651243693,194500
2021-07-13,10.486888885498047,10.747109615535946,10.296060239841067,10.495563102850385,186000
2021-07-14,10.625670433044434,10.911912917308136,10.495560513731368,10.538929935356594,110700
2021-07-15,10.58230209350586,10.643020783729957,10.408821894048815,10.547606053614452,236900
2021-07-16,10.122578620910645,10.625671576305141,10.113904404764826,10.625671576305141,306600
2021-07-19,9.723573684692383,9.905728085920007,9.489374814305965,9.905728085920007,250000
2021-07-20,9.93175220489502,10.174624520321295,9.662858062477811,9.775620415730467,222700
2021-07-21,10.131253242492676,10.452191807762341,10.018490909740823,10.018490909740823,176200
2021-07-22,9.871031761169434,10.200644516984296,9.86235754535934,10.200644516984296,89100
2021-07-23,9.93175220489502,10.339431354774778,9.827664069712329,10.001144295016813,121700
2021-07-26,10.05318832397461,10.09655858515446,9.931751758114817,9.931751758114817,122900
2021-07-27,10.001143455505371,10.0965581918278,9.827663244763084,9.975121630698752,189100
2021-07-28,10.122578620910645,10.209319127931261,9.931750001796559,10.053186546181664,264800
2021-07-29,10.330756187438965,10.452192747603101,10.10523150165652,10.226668061820657,334500
2021-07-30,10.087882995605469,10.322081050577358,9.645507880724457,10.261363189514057,311100
2021-08-02,9.975122451782227,10.538933389908419,9.957774015670546,10.096559022907098,287500
2021-08-03,10.217994689941406,10.426171785620603,9.923077896013256,10.235343125922572,305700
2021-08-04,10.05318832397461,10.296060628475267,9.975122019294666,10.209320933334496,165600
2021-08-05,9.905729293823242,10.15727579979029,9.88838085958192,10.07920950014209,341200
2021-08-06,10.035840034484863,10.17462421050245,9.931751902471673,10.13125477591116,84900
2021-08-09,9.992469787597656,10.087883694048738,9.792966930375917,10.001143177479483,255700
2021-08-10,10.15727710723877,10.183298934731416,9.87970874139991,9.949100832859624,115400
2021-08-11,10.087882995605469,10.200645328450754,9.975120662760183,10.191971111950622,100600
2021-08-12,10.044510841369629,10.356775131370304,9.871030680258142,10.356775131370304,122400
2021-08-13,9.88838005065918,10.07920867560854,9.82766219021935,10.07920867560854,592600
2021-08-16,9.77562141418457,9.914405608603179,9.584792733249458,9.801643243833297,217200
2021-08-17,9.567441940307617,9.740922140628651,9.550094333884937,9.680204277321,151700
2021-08-18,9.419983863830566,9.697553020420559,9.393962039756742,9.567442245613693,133300
2021-08-19,9.558769226074219,9.584791051156216,9.177111931183354,9.281200058730251,293100
2021-08-20,9.758270263671875,9.784292086087063,9.43733169648848,9.541419813368055,459300
2021-08-23,9.636833190917969,9.983794388913202,9.628159802062639,9.732247913295575,189300
2021-08-24,9.77562141418457,9.818990854526097,9.636836392546911,9.636836392546911,187300
2021-08-25,10.009818077087402,10.070535946494532,9.749597336855675,9.845012077031368,85400
2021-08-26,9.845012664794922,10.070536547722234,9.827664228374909,10.035840502101188,216800
2021-08-27,10.165949821472168,10.19197164511501,9.853684628882617,9.862358845836518,158400
2021-08-30,9.93175220489502,10.061862994287605,9.85368589670326,10.061862994287605,139600
2021-08-31,9.871031761169434,9.957771437614134,9.818987293527615,9.957771437614134,348600
2021-09-01,9.88838005065918,10.087882892019604,9.706225642120883,9.897054267070244,185400
2021-09-02,9.914402961730957,9.992469257054639,9.80164062706551,9.879706922389191,159000
2021-09-03,9.983794212341309,10.018490248805325,9.827661634643851,9.931749744035903,197300
2021-09-07,9.732248306274414,10.00114239767916,9.732248306274414,10.00114239767916,351000
2021-09-08,9.723573684692383,9.871032048887068,9.688877647659444,9.818987579728272,201100
2021-09-09,9.77562141418457,9.836339292437948,9.550096684644807,9.69755509801934,180800
2021-09-10,9.784293174743652,9.96644760635516,9.697553481302261,9.801641609763278,132600
2021-09-13,9.60213851928711,9.871033465290443,9.584790911890803,9.853685030675244,179200
2021-09-14,9.515398979187012,9.680204974557775,9.419984241723865,9.680204974557775,322800
2021-09-15,9.723573684692383,9.723573684692383,9.48070142546181,9.50672324643182,273100
2021-09-16,9.593465805053711,9.775620245251533,9.550095542679191,9.714901547039625,206400
2021-09-17,9.58479118347168,9.671530877348728,9.298548621961482,9.58479118347168,701700
2021-09-20,9.70622730255127,9.723575738341168,9.237830290070331,9.350592641047827,340800
2021-09-21,9.940424919128418,9.957772525424952,9.610812127305868,9.749596286553501,224600
2021-09-22,10.191971778869629,10.400148025182096,9.949099491505082,9.949099491505082,445300
2021-09-23,10.573628425598145,10.634347118974109,10.244016443129246,10.244016443129246,263700
2021-09-24,10.590978622436523,10.7731330784379,10.452194432572432,10.504238090161955,273500
2021-09-27,10.686389923095703,10.816500689570733,10.59097602278907,10.660368100688224,226600
2021-09-28,10.716909408569336,10.88258949782517,10.42042846101083,10.568668934790082,320400
2021-09-29,10.525069236755371,10.830270424907788,10.437869491287778,10.638429654308945,188900
2021-09-30,10.1065092086792,10.673310506679817,10.1065092086792,10.612270597186138,251600
2021-10-01,10.15010929107666,10.254749490167383,10.054188484872046,10.15010929107666,282400
2021-10-04,10.071629524230957,10.394270364908019,9.940828643995546,10.219870022867234,570200
2021-10-05,10.019309043884277,10.141389699579893,9.871068544684755,10.141389699579893,304400
2021-10-06,9.775147438049316,10.115228690850094,9.618186731894138,9.888507855649575,341100
2021-10-07,9.888508796691895,9.932109089396048,9.73154807559951,9.853628728849856,187700
2021-10-08,10.062910079956055,10.071630305636258,9.923389795498775,9.940829415252688,141100
2021-10-11,10.036748886108398,10.289629575614919,10.019308437091075,10.11522924347359,123400
2021-10-12,9.775147438049316,10.14138853134051,9.435066185248541,10.062908178262921,613900
2021-10-13,9.59202766418457,9.766428000848464,9.365306810718307,9.748988382985276,599200
2021-10-14,9.365306854248047,9.653067618982577,9.330426786753145,9.63562800103833,202600
2021-10-15,8.964184761047363,9.487386552477663,8.95546536875504,9.487386552477663,310900
2021-10-18,9.295547485351562,9.321707330227103,8.842106570547486,8.981626852025663,431800
2021-10-19,8.990346908569336,9.330427380379842,8.781065658678495,9.330427380379842,350500
2021-10-20,8.868264198303223,9.147304691497764,8.842104359967802,9.01650466821439,331800
2021-10-21,8.981624603271484,9.01650466490801,8.79850407177815,8.868264195051205,467000
2021-10-22,9.016505241394043,9.199625784595508,8.946745113660754,8.946745113660754,208300
2021-10-25,8.964184761047363,9.060105560719835,8.754904377117773,8.763624601016419,304500
2021-10-26,8.938024520874023,9.025225092744577,8.859544172511782,9.016504869236265,331800
2021-10-27,9.190906524658203,9.51354735716442,9.077546097300926,9.243227041748643,478200
2021-10-28,9.548426628112793,9.731547175242905,9.094985788118343,9.269386111193132,476200
2021-10-29,9.391468048095703,9.696668447657702,8.432264891514675,9.696668447657702,589500
2021-11-01,9.37402629852295,9.391466746621475,8.292743464604428,8.911865234794384,855800
2021-11-02,9.21706485748291,9.321705042915477,9.025224933326339,9.321705042915477,646600
2021-11-03,9.286827087402344,9.496108337339757,9.243227623954906,9.26938746834466,298500
2021-11-04,9.08626651763916,9.312987377233222,8.894425726320614,9.312987377233222,480900
2021-11-05,9.068824768066406,9.339145882167388,9.03394470478947,9.16474556578271,364300
2021-11-08,9.190906524658203,9.208346974223819,8.938025827201633,9.00778596225128,565100
2021-11-09,9.844907760620117,9.853627984823786,9.243226427874989,9.4699464359259,500800
2021-11-10,9.783865928649902,9.888506103678552,9.626905250303833,9.888506103678552,175600
2021-11-11,9.748988151550293,9.871067968513717,9.679228018540798,9.775147993527257,170000
2021-11-12,9.504826545715332,9.871067647923685,9.48738692883255,9.748987834925138,116300
2021-11-15,9.469947814941406,9.714109138560822,9.365307604078716,9.714109138560822,254800
2021-11-16,9.626907348632812,9.66178741457833,9.356586213850278,9.408906728571738,161700
2021-11-17,9.775147438049316,9.827467950636489,9.391466728299955,9.59202689140372,213900
2021-11-18,9.679228782653809,9.827469284903218,9.626908262963127,9.748988921170419,206100
2021-11-19,9.391468048095703,9.679228828748721,9.382747822837986,9.60074846464218,168000
2021-11-22,9.530988693237305,9.609469060369465,9.365307733379082,9.40018780414821,160900
2021-11-23,9.748988151550293,9.775147993527257,9.539706920915426,9.548427145443208,168500
2021-11-24,9.722826957702637,9.888507888439458,9.705387341186642,9.766427246402134,86800
2021-11-26,9.714107513427734,9.75770697028831,9.278106291971296,9.635627160508562,127500
2021-11-29,9.748988151550293,9.888508417569282,9.644347952036052,9.766427768999476,217800
2021-11-30,9.330429077148438,9.748990821440463,9.260668925034203,9.583309836464196,266000
2021-12-01,9.469947814941406,9.853629419711075,9.443787970127351,9.600748702224623,194200
2021-12-02,9.836188316345215,9.836188316345215,9.47866741170987,9.59202784052705,230300
2021-12-03,9.9059476852417,9.94082775051484,9.600747322003311,9.89722829262818,247200
2021-12-06,10.228589057922363,10.350669708877229,10.01930865480522,10.045469328899662,270300
2021-12-07,10.350668907165527,10.464029324641908,10.289629002219144,10.289629002219144,250500
2021-12-08,10.28090763092041,10.603548399299699,10.246027570328224,10.429148096338766,177900
2021-12-09,10.219869613647461,10.263469905313439,10.04546927858994,10.202429164338511,145400
2021-12-10,10.123948097229004,10.394269221357003,10.01930790351678,10.246028739029768,536300
2021-12-13,10.019309043884277,10.211149836661264,9.932109288335779,10.106509631039206,175200
2021-12-14,9.740266799926758,10.036747746712987,9.592026326533645,10.019307299675544,289400
2021-12-15,9.844907760620117,9.862348209027454,9.47866666012957,9.67922765878218,282800
2021-12-16,9.766426086425781,9.984426672424599,9.71410641148556,9.932106997484377,201600
2021-12-17,9.9757080078125,10.115229103197086,9.635627572754691,9.783868060920637,1405400
2021-12-20,9.478666305541992,9.871067232357861,9.435066017761047,9.83618716845437,397400
2021-12-21,9.763772964477539,9.8076355435877,9.6058680143246,9.6058680143246,120900
2021-12-22,9.895359992980957,9.965539785819827,9.60586813836834,9.74622772404608,144800
2021-12-23,10.079583168029785,10.20239823610503,9.877816452558891,9.895360984221522,345500
2021-12-27,10.316438674926758,10.325211357408627,10.035718691770276,10.105899315016183,114100
2021-12-28,10.132216453552246,10.360301176799014,10.114671088713706,10.290120554053896,554800
2021-12-29,10.255030632019043,10.369072993320298,10.167306317901259,10.167306317901259,333800
2021-12-30,10.377846717834473,10.448026510819611,10.13221744238649,10.298894241573912,85200
2021-12-31,10.518205642700195,10.535751008148257,10.298893594253856,10.421708642563072,427200
2022-01-03,10.623476028442383,10.667338608355545,10.421709332094617,10.483116442007567,311500
2022-01-04,10.74629020690918,10.798925465826516,10.605930631941693,10.702427630579574,406500
2022-01-05,10.553295135498047,10.948056640361347,10.491888031984145,10.807697068552978,287400
2022-01-06,10.535752296447754,10.719974473133513,10.360302803558739,10.483117030276462,138300
2022-01-07,10.60593032836914,10.676110113844135,10.526977860557514,10.570840435631643,297400
2022-01-10,10.325211524963379,10.553295416929927,10.088354113763536,10.377845947490636,311600
2022-01-11,10.395392417907715,10.939286249297208,10.369074367237065,10.939286249297208,101000
2022-01-12,10.790153503417969,10.834016082675141,10.39539196332164,10.39539196332164,205700
2022-01-13,10.834015846252441,11.079645113479666,10.79015326795245,10.869105741570618,165100
2022-01-14,10.965603828430176,10.965603828430176,10.667339270439406,10.71997453692391,183400
2022-01-18,10.553295135498047,10.965602005141914,10.526977924936237,10.948056640361347,109700
2022-01-19,10.421710968017578,10.60593316328339,10.40416559865452,10.597160478601863,82500
2022-01-20,10.26380443572998,10.526979080053135,10.2199418555746,10.4217093896457,175300
2022-01-21,10.026947021484375,10.360301432151513,9.88658744575275,10.255030913743731,198700
2022-01-24,10.070808410644531,10.088353775304354,9.597094440746774,9.754999376249039,187500
2022-01-25,9.939223289489746,10.062038354119942,9.711138528009032,10.009403087390092,161700
2022-01-26,9.667275428771973,10.018174369162816,9.632184698123822,9.956767263746684,165900
2022-01-27,9.623412132263184,9.904131263578753,9.570776876837012,9.658502023677629,198000
2022-01-28,9.781316757202148,9.781316757202148,9.500597610621918,9.71113697055709,116700
2022-01-31,10.65856647491455,10.790154221442501,10.307667490725027,10.562069463414725,453800
2022-02-01,10.939285278320312,11.149824645343015,10.719973228519395,10.719973228519395,402600
2022-02-02,11.167369842529297,11.28141221564299,10.737518399984001,10.983148512817706,320800
2022-02-03,10.641020774841309,11.255094348007024,10.605930880277812,11.009465086062553,195600
2022-02-04,10.816471099853516,11.105962961962753,10.632248929728625,10.66733882705674,182500
2022-02-07,10.851560592651367,11.228777602323367,10.772608117454055,10.886650488671382,192600
2022-02-08,10.991922378540039,11.105964772601371,10.807700178380854,10.807700178380854,251700
2022-02-09,10.860334396362305,11.14105359348663,10.851561712299869,11.114736377908523,170200
2022-02-10,10.912968635559082,11.193688664354733,10.746291824350664,10.76383719216691,316800
2022-02-11,11.018238067626953,11.351591656714861,10.790153328474931,10.790153328474931,361900
2022-02-14,10.939285278320312,11.220004434350582,10.886650018260099,11.105962068061016,252000
2022-02-15,11.272642135620117,11.360366472572666,10.956832180085016,11.06210188639363,197600
2022-02-16,11.360365867614746,11.439318352294173,11.149826466209081,11.272641535333658,233800
2022-02-17,11.623539924621582,11.64985713925695,11.184915776522654,11.325275370056845,499600
2022-02-18,11.518269538879395,12.342882519756692,11.37790995376063,11.597222014660979,525400
2022-02-22,11.877942085266113,12.09725416279068,11.307731018345915,11.553360310922859,479200
2022-02-23,11.553359031677246,12.281474981509437,11.518269136623012,12.035845716129792,292200
2022-02-24,11.500724792480469,11.579677272518666,11.220005607108359,11.3252753016229,243000
2022-02-25,11.711264610290527,11.790216250970182,11.395454701135373,11.500724391984047,154800
2022-02-28,11.728809356689453,11.74635472379226,11.52704265466207,11.667402245047928,329800
2022-03-01,11.456862449645996,11.781444199954972,11.37790997372587,11.72003625390092,300500
2022-03-02,11.658628463745117,11.658628463745117,11.237549732235413,11.439316415264878,234000
2022-03-03,11.605993270874023,11.763898214404525,11.448089163952599,11.728808319909866,238400
2022-03-04,11.31650161743164,11.456862034317544,11.132279459166051,11.456862034317544,225100
2022-03-07,11.097190856933594,11.474407900330608,11.062100957776373,11.211233238346859,262900
2022-03-08,11.395454406738281,11.605993782996427,10.983148337385026,11.088418025514098,260000
2022-03-09,11.877942085266113,11.877942085266113,11.456863297991355,11.579677525975235,266100
2022-03-10,12.448152542114258,12.553423070382923,11.74635459771744,11.904258716902154,398900
2022-03-11,12.746416091918945,12.86045845813461,12.553422090577735,12.57096661951372,445300
2022-03-14,12.588515281677246,13.11486383673049,12.430610296856624,12.746419429888572,281400
2022-03-15,12.141115188598633,12.6148291818366,12.106025294159119,12.588511970159232,299900
2022-03-16,12.158660888671875,12.465698122049153,11.939348818147865,12.316565847164092,294800
2022-03-17,12.307792663574219,12.34288255996823,11.790216064305739,12.167433077998181,178000
2022-03-18,12.61483097076416,12.632375502167394,12.123571542335684,12.299021876023192,650400
2022-03-21,12.728873252868652,12.860460165489785,12.553423757170744,12.588513656310326,225300
2022-03-22,12.448152542114258,12.939411939801172,12.448152542114258,12.86923214536149,165000
2022-03-23,12.483241081237793,12.667463230752059,12.421833976936055,12.483241081237793,157400
2022-03-24,12.61483097076416,12.895550166089464,12.535878487926619,12.623603654770374,199800
2022-03-25,12.641146659851074,12.983273765301432,12.55342234020856,12.66746387208292,388600
2022-03-28,12.53587818145752,12.772735624179601,12.492015599107967,12.737645725621794,366800
2022-03-29,12.487373352050781,12.725480453579866,12.47855438361864,12.540286321620506,377100
2022-03-30,12.408005714416504,12.681387879413315,12.319818543241206,12.505012696039508,182400
2022-03-31,12.302181243896484,12.513831474947265,12.284544145153882,12.399188230562203,168400
2022-04-01,12.460917472839355,12.478554568942453,12.196354303107837,12.284542306692721,273900
2022-04-04,12.266905784606934,12.416824903381173,12.134624604993537,12.408005933800752,150800
2022-04-05,12.143442153930664,12.36391132150945,12.0640731190386,12.125804216833258,226000
2022-04-06,11.958248138427734,12.25808550285682,11.90533516763252,12.055254270358631,400900
2022-04-07,12.505012512207031,12.505012512207031,12.037617231858464,12.240449320523979,410100
2022-04-08,12.496191024780273,12.67256617001954,12.425640966684567,12.505009992297994,385200
2022-04-11,12.593201637268066,12.840127769721624,12.531470524666345,12.566745566299232,401500
2022-04-12,12.725481033325195,12.8754001394091,12.610836961553787,12.681387030178783,381500
2022-04-13,13.087050437927246,13.175237603821188,12.699024216719776,12.840125195991778,261900
2022-04-14,13.783734321594238,14.286404663533725,13.104688789949337,13.157601767372585,865100
2022-04-18,13.704364776611328,14.101209149244108,13.669089739955599,13.730820843847324,255900
2022-04-19,14.20703411102295,14.418684316220492,13.730819887793743,13.73963885659943,695600
2022-04-20,14.436325073242188,15.141825895018115,14.31286116789642,14.330499108952479,719800
2022-04-21,14.665609359741211,15.044816624835674,14.542147155123063,14.665609359741211,727900
2022-04-22,14.030658721923828,14.753797375632345,13.97774658878687,14.66560936570649,599700
2022-04-25,14.171758651733398,14.21585349705599,13.422163942736125,13.792552233214092,426500
2022-04-26,13.722003936767578,14.462779772470133,13.669090956562894,14.180579454107255,342000
2022-04-27,13.924832344055176,14.004201377541778,13.624994146893842,13.713182148772981,285800
2022-04-28,14.383410453796387,14.436324274035208,13.660271730997966,14.057116131533117,377000
2022-04-29,14.118846893310547,15.035997833707228,13.71318355685426,14.797892390844785,460900
2022-05-02,13.633813858032227,14.348134357303437,13.325156675663262,14.268765319492951,343400
2022-05-03,14.409865379333496,14.462777510238508,13.64263275302557,13.64263275302557,590100
2022-05-04,14.60387897491455,14.727342867644811,14.27758550895125,14.498054703484575,683600
2022-05-05,14.356954574584961,14.8596240697301,14.101209501169242,14.630335905233876,565300
2022-05-06,13.94247055053711,14.330495916060254,13.774913511930219,14.224669975348991,295100
2022-05-09,13.457440376281738,13.924834851965025,13.430983466339148,13.633815570782671,263300
2022-05-10,13.148782730102539,13.75727818274019,12.981226510998734,13.563265054549015,332700
2022-05-11,13.104687690734863,13.422163846598117,13.007681554789523,13.210512795681558,240400
2022-05-12,12.972406387329102,13.369250737082298,12.743118241774573,12.990043484128515,311400
2022-05-13,13.095870971679688,13.289883264443239,12.840126730288402,12.972407915447484,262200
2022-05-16,13.298701286315918,13.360432389519517,12.954769051989,13.007682026894374,281300
2022-05-17,13.651450157165527,13.783732159462113,13.466256867791909,13.545625059942125,238900
2022-05-18,13.184057235717773,13.616176641091066,13.08705109604924,13.439801459410457,490600
2022-05-19,13.113504409790039,13.325154583369601,12.893035268722238,13.007679323000259,258400
2022-05-20,12.557924270629883,13.325156914865364,12.408005161190667,13.2546068446614,345600
2022-05-23,12.69902515411377,12.866582211420067,12.540287907378024,12.593200042615532,194700
2022-05-24,12.32863712310791,12.92831360956177,12.169899872770252,12.610838267863208,346600
2022-05-25,12.566742897033691,12.699024064803732,12.231629652190016,12.231629652190016,221000
2022-05-26,12.998863220214844,13.025320128510161,12.566743810336561,12.566743810336561,216400
2022-05-27,13.16641902923584,13.27224412933202,12.99004302138574,12.99004302138574,164200
2022-05-31,13.025320053100586,13.201695235598848,12.919494102578419,13.139963290957049,250300
2022-06-01,12.937131881713867,13.069413056699597,12.796031737456234,13.007681953842683,246400
2022-06-02,13.122325897216797,13.157600932920746,12.822487673221637,12.972406785219217,202900
2022-06-03,13.307520866394043,13.554446131564426,13.087051669378962,13.104688767808081,189800
2022-06-06,13.97774600982666,14.13648408470897,13.457438623066347,13.492713657370953,456800
2022-06-07,14.189396858215332,14.242308991556767,13.774914555599175,13.907196570999155,218400
2022-06-08,14.498052597045898,14.52450782003645,13.854282205210641,14.198214401480692,303000
2022-06-09,14.057114601135254,14.50687277294406,14.03947750399907,14.50687277294406,291300
2022-06-10,12.919495582580566,13.774916366969496,12.857764471890325,13.774916366969496,333000
2022-06-13,12.443280220031738,12.75193740853031,12.258086075137232,12.566743263635804,320200
2022-06-14,12.363912582397461,12.672568943871065,12.293361667836095,12.602018870332914,183200
2022-06-15,12.496191024780273,12.663747202501819,12.258083947939989,12.469734963250142,243000
2022-06-16,11.84360408782959,12.35509249521991,11.65840995129012,12.25808552211348,287800
2022-06-17,11.764235496520996,12.06407371377327,11.62313535687832,11.843604535325795,1157900
2022-06-21,12.019981384277344,12.319819643297457,11.905337294591813,12.019981384277344,220300
2022-06-22,11.790692329406738,11.922974349693781,11.429122987797298,11.737780194110503,271500
2022-06-23,11.314477920532227,11.746597298891572,11.279202886401324,11.746597298891572,271800
2022-06-24,11.43794059753418,11.64959079560316,11.199833493939234,11.349752594493875,212000
2022-06-27,11.579041481018066,11.711322653139966,11.437941339815191,11.526128507555399,140200
2022-06-28,11.627823829650879,12.018079270456207,11.627823829650879,11.725388112779642,170900
2022-06-29,11.50365161895752,11.893906189582637,11.414956975433498,11.636692738388744,159700
2022-06-30,11.663299560546875,11.73425492952573,11.31739234823864,11.352870032728067,238700
2022-07-01,11.796343803405762,11.822951860478202,11.494783003735158,11.610085712188912,201800
2022-07-05,10.989226341247559,11.707649845757595,10.616710136740528,11.663302517439151,855700
2022-07-06,12.293031692504883,12.479289786899876,11.441566238964183,11.716518986253897,660000
2022-07-07,12.408331871032715,12.887281038054883,12.408331871032715,12.514764925276005,368900
2022-07-08,12.470418930053711,12.603460041475794,12.257551967581717,12.434941243950838,199200
2022-07-11,12.293031692504883,12.514767478886784,12.239815577451969,12.408334402926059,175000
2022-07-12,12.2664213180542,12.630067803696924,12.168857894982045,12.37285437391148,126500
2022-07-13,12.328506469726562,12.381723418052566,12.062424265660642,12.115640368131947,132700
2022-07-14,12.186596870422363,12.293029931133132,11.955991482621647,12.124511129804777,107300
2022-07-15,12.35511589050293,12.452679313072128,12.142248934031002,12.390593575605797,131400
2022-07-18,12.41720199584961,12.674415431929447,12.346246623541706,12.452679682003561,192700
2022-07-19,12.922760009765625,12.993715386327516,12.461550062113327,12.523635805141279,291800
2022-07-20,13.951614379882812,14.084656350706842,12.842935518956784,12.887282842564794,1087000
2022-07-21,13.6943998336792,14.08465523550401,13.321884544089738,14.075785602313724,359800
2022-07-22,13.472663879394531,13.747616583235335,13.144495068910196,13.614575470771737,395300
2022-07-25,14.377345085144043,14.430562882683205,13.685530634229957,13.685530634229957,565600
2022-07-26,14.35960865020752,14.918382035022244,14.350739016580665,14.421694393885863,509200
2022-07-27,14.155610084533691,14.56360389175897,14.093524346212913,14.42169314939448,249700
2022-07-28,14.315261840820312,14.412826128266483,13.942746497537778,14.395086859329034,599900
2022-07-29,14.155610084533691,14.909511114808724,14.111262766081103,14.634559262941213,525100
2022-08-01,14.324129104614258,14.554734487506002,14.23543446631597,14.510388014211616,455600
2022-08-02,13.392841339111328,14.519259498166505,13.268668998834853,14.43943448269269,430800
2022-08-03,13.215450286865234,13.632313731345327,13.153364547890131,13.525880673450256,420700
2022-08-04,13.277538299560547,13.286407087614485,12.896152500031278,13.162235596310888,418500
2022-08-05,13.401707649230957,13.561357650657143,13.12675580883554,13.233188861168093,296600
2022-08-08,13.543619155883789,13.89839599501076,13.525879891000088,13.525879891000088,347900
2022-08-09,13.712139129638672,13.74761681662157,13.437186421130138,13.534750694724188,374300
2022-08-10,14.12900161743164,14.1733480887289,13.623443555266618,13.747615874121218,671500
2022-08-11,14.421693801879883,14.652299191582905,14.120133037784358,14.315259894436346,1587400
2022-08-12,15.335243225097656,15.423936159833618,14.785337894504512,14.785337894504512,1194300
2022-08-15,14.794208526611328,15.521501467560665,14.7055138941691,15.379590732336863,723200
2022-08-16,15.122376441955566,15.299765706541255,14.767599604493592,14.856294236786436,828600
2022-08-17,14.874035835266113,15.08690197114118,14.67890727526505,14.998207324932483,313500
2022-08-18,14.953861236572266,14.98046844693005,14.749863037474201,14.811950475631697,310100
2022-08-19,14.8119478225708,14.944988925659041,14.776469292835584,14.927249660791434,247700
2022-08-22,13.907267570495605,14.563605237507561,13.58796752481587,14.332999836928822,605900
2022-08-23,14.102394104003906,14.129003004420017,13.827442233209187,13.836311866681225,283500
2022-08-24,14.226567268371582,14.332999486523063,14.022569927968435,14.075786037044177,238200
2022-08-25,14.794208526611328,14.80307815902649,14.173347791225138,14.279781688497694,344300
2022-08-26,14.412824630737305,14.740994305143248,14.359608521164045,14.740994305143248,408700
2022-08-29,14.066915512084961,14.30638967945865,14.004829773479697,14.191087835150235,303100
2022-08-30,14.022567749023438,14.235432998104402,13.862917754894376,14.093523114001984,380300
2022-08-31,14.386216163635254,14.474910810069979,13.951614256985737,13.951614256985737,686700
2022-09-01,14.590213775634766,14.687776360280417,14.129002985949416,14.262044104436836,745000
2022-09-02,14.315261840820312,15.15785850654135,14.262045725717766,14.811951220810089,783500
2022-09-06,14.492648124694824,14.572473126558032,14.253173119105202,14.35960701882596,921000
2022-09-07,14.253172874450684,14.492647875929737,13.969351402346359,14.474908610995865,809200
2022-09-08,12.479289054870605,14.199959129939204,12.195467535624175,14.155611806093237,1393400
2022-09-09,12.647808074951172,12.825196515484924,12.328508036135615,12.497027689033782,594400
2022-09-12,12.834066390991211,13.055802157303441,12.674416368572862,12.674416368572862,520900
2022-09-13,12.177727699279785,12.75424119065564,12.16885891160847,12.603460804130785,392300
2022-09-14,12.097902297973633,12.319638038323081,11.982599611489352,12.2043353518388,539000
2022-09-15,11.805211067199707,12.097902173788114,11.698777168572365,12.000337907688836,353300
2022-09-16,11.929384231567383,11.991470822217197,11.610085027951271,11.867298486772404,2218400
2022-09-19,11.831819534301758,11.920513325131978,11.681039159450167,11.743124897616795,432800
2022-09-20,11.228697776794434,11.618953154212237,11.166612040054899,11.592344256305529,567900
2022-09-21,10.980355262756348,11.202091029340632,10.767489129840591,11.157743706852811,544900
2022-09-22,10.980355262756348,11.104527596551282,10.909399885117763,11.042441006726404,563000
2022-09-23,10.590099334716797,10.758618982960773,10.350625158073756,10.705402029342995,525800
2022-09-26,10.430449485778809,10.82070401874052,10.359494116149406,10.563490592370256,722200
2022-09-27,10.666997909545898,10.675924472079801,10.229606560790986,10.497397477821046,653400
2022-09-28,10.890157699584961,10.970495065977746,10.55095595886205,10.55095595886205,684400
2022-09-29,10.997274398803711,11.041906365615757,10.497398754103886,10.800895106885045,825700
2022-09-30,10.97942066192627,11.568560161859217,10.97942066192627,11.19365305257755,1774000
2022-10-03,11.52392864227295,11.916688891457492,11.220432318253227,11.220432318253227,801800
2022-10-04,11.970246315002441,11.997025151477876,11.488223002025292,11.675676559921065,681100
2022-10-05,12.041658401489258,12.166627737218466,11.738162051349716,11.747088614891222,565600
2022-10-06,12.184479713439941,12.238038242088184,11.898836497406469,11.916689624050527,729500
2022-10-07,12.104143142700195,12.17555394638589,11.75601483626949,12.121995417979655,760200
2022-10-10,12.238039016723633,12.496903410460382,12.113069676156794,12.113069676156794,485600
2022-10-11,12.345152854919434,12.514754131014673,12.086288510975384,12.121993908371673,730500
2022-10-12,12.523680686950684,12.612944612106503,12.202332088700716,12.36300681346764,381700
2022-10-13,12.836104393005371,12.845030956347486,12.291596798395314,12.327302200479844,417000
2022-10-14,12.791472434997559,13.15745301939723,12.746840469545027,12.969999445523749,459600
2022-10-17,12.764694213867188,13.103895975921402,12.755767650087977,12.943221233031517,467400
2022-10-18,12.818252563476562,13.112822373304189,12.604020129289928,12.916443067608451,770300
2022-10-19,12.157700538635254,12.746840081058386,11.916689294591205,12.746840081058386,650800
2022-10-20,12.220184326171875,12.487975249549253,12.059510453172551,12.059510453172551,446700
2022-10-21,12.764694213867188,12.791473053920843,12.166628061203703,12.229112305090224,334900
2022-10-24,13.03248405456543,13.041409766297917,12.621871519934357,12.693282321497684,420200
2022-10-25,13.086040496826172,13.31812600567646,12.952145469334603,12.978924304576152,338200
2022-10-26,13.023557662963867,13.255643196741316,12.95214686046064,13.14852614170256,321700
2022-10-27,13.041410446166992,13.36275992123831,12.764693788504411,13.139600941898316,553400
2022-10-28,12.407637596130371,12.880735195128223,12.16662636664734,12.479048393850073,729900
2022-10-31,11.979172706604004,12.800397724589066,11.93454074559276,12.363006379503329,680700
2022-11-01,11.51500415802002,12.104144638139864,11.443593345511681,12.050586103116592,622000
2022-11-02,11.36325454711914,11.988100355327335,11.211507227984956,11.497150442285438,682400
2022-11-03,11.434666633605957,11.568561682542502,11.032979784228402,11.229359927114766,357600
2022-11-04,11.934540748596191,12.041656944279827,11.648897560106493,11.666749833745174,611000
2022-11-07,12.175553321838379,12.273742959048569,11.916688958935255,11.979173196134115,333700
2022-11-08,12.077363967895508,12.220185581357537,12.005953161164491,12.157701338288891,254200
2022-11-09,11.80957317352295,12.104143819297251,11.773867769684243,11.970247916439119,270600
2022-11-10,12.398715019226074,12.470125834998157,12.05951321866664,12.113070904853666,257800
2022-11-11,12.425492286682129,12.666503546530016,12.389786883323778,12.541535060417766,308200
2022-11-14,12.371933937072754,12.595092924149503,12.068438429726916,12.398713628446428,348800
2022-11-15,12.363007545471191,12.675429599447055,12.300522453648874,12.487976026547965,329700
2022-11-16,12.184479713439941,12.354081011422766,12.014879266741051,12.273743644092368,332100
2022-11-17,12.104143142700195,12.354080955600125,11.952394972047113,12.041658051012266,237800
2022-11-18,12.014881134033203,12.577241941461331,11.970249161770514,12.220187014643882,230700
2022-11-21,12.077363967895508,12.327302642738026,11.836352707999321,11.970247757798985,313100
2022-11-22,12.425492286682129,12.434418850342709,12.175554463173663,12.220185578908628,486500
2022-11-23,12.541533470153809,12.604017705286946,12.166626356787274,12.345153350941848,455200
2022-11-25,12.586166381835938,12.675429460011133,12.514755578782212,12.541534417106378,248800
2022-11-28,12.300521850585938,12.675428978003385,12.273743013280088,12.496901977157908,373000
2022-11-29,12.496901512145996,12.675428506348453,12.291595681634135,12.309447955412452,415800
2022-11-30,12.318374633789062,12.496901629670438,11.550707274573346,12.496901629670438,655000
2022-12-01,12.175553321838379,12.505828484764164,12.130921359003244,12.327301484707508,283300
2022-12-02,12.300521850585938,12.541533940190249,12.023805212096418,12.175553375636047,369200
2022-12-05,12.238039016723633,12.318376389139173,12.04165886762831,12.202333612459391,221500
2022-12-06,12.095216751098633,12.4790496135364,11.93454201488323,12.291596889663687,423700
2022-12-07,12.113067626953125,12.354079703427017,12.077362228729271,12.130920751706974,210500
2022-12-08,10.836600303649902,11.693530815238342,10.568809359162774,11.506077239225746,1482100
2022-12-09,10.818747520446777,11.220433524296451,10.72948443697128,10.756263276885532,707000
2022-12-12,11.006200790405273,11.05083275651976,10.720557569326878,10.800894938076164,464600
2022-12-13,10.970495223999023,11.336475808363216,10.863379017693694,11.113316832406129,294600
2022-12-14,11.032978057861328,11.175800499338752,10.765188001890246,10.979420387180642,396900
2022-12-15,10.542031288146973,10.899085339287291,10.4616939138194,10.872306498272769,400800
2022-12-16,10.729483604431152,10.800894406184113,10.327796780465867,10.497398073092079,1818300
2022-12-19,10.568809509277344,11.006200909091257,10.461693300217851,10.836600457568052,332400
2022-12-20,10.717033386230469,10.95059758082532,10.591267391671128,10.663133429501967,354400
2022-12-21,10.734997749328613,10.878729801987745,10.60024916413833,10.788897697431093,406200
2022-12-22,10.483469009399414,10.788900118186362,10.30380390326321,10.663134115535618,322300
2022-12-23,10.591266632080078,10.74398216569575,10.38465200231222,10.47448411480276,215900
2022-12-27,10.600251197814941,10.627200748681194,10.357702669886342,10.582284259430256,215200
2022-12-28,10.366683959960938,10.770930564823603,10.321767480151621,10.636181982106246,273700
2022-12-29,10.339735984802246,10.65414967778859,10.294819498172561,10.438551570018973,271800
2022-12-30,10.456520080566406,10.465502693875221,10.178038506932646,10.29482104705578,337200
2023-01-03,10.420586585998535,10.609235164326966,10.258887559799646,10.465502220644169,315300
2023-01-04,10.663132667541504,10.708049152153848,10.312785115618054,10.438551101190477,316400
2023-01-05,10.582283973693848,10.73499951899704,10.420585816151632,10.582283973693848,301500
2023-01-06,10.887714385986328,10.986529968145318,10.591266782798659,10.690082364957648,279400
2023-01-09,11.085348129272461,11.229080219001952,10.887716077538993,10.995515144836112,190200
2023-01-10,10.690081596374512,10.932630085204515,9.953454375561565,10.833814510150052,855700
2023-01-11,10.743983268737793,10.995514408929965,10.411602619306159,10.75296673792235,389400
2023-01-12,11.049413681030273,11.085346698825871,10.564317512434346,10.779915619207932,342000
2023-01-13,11.103312492370605,11.112295960764982,10.672116289968967,11.013480378558947,291300
2023-01-17,10.995514869689941,11.184163446916962,10.735000249396515,11.103313934289552,429900
2023-01-18,10.896697998046875,11.265011639790066,10.743982460244473,10.743982460244473,234700
2023-01-19,11.076363563537598,11.094330501331465,10.779915943624776,10.8787315313588,261100
2023-01-20,11.1661958694458,11.24704537124814,10.995513397482927,11.1661958694458,223600
2023-01-23,11.157214164733887,11.273996701718383,11.05839856730585,11.166197634512118,238200
2023-01-24,11.094331741333008,11.372812454577453,10.779917148484538,11.121281294325183,1023200
2023-01-25,11.184162139892578,11.336877677739468,10.609233862549663,11.076363087890782,494000
2023-01-26,11.273995399475098,11.687225537722902,10.977547784722404,11.18416242549094,628200
2023-01-27,11.202129364013672,11.543493465790185,11.0943303092491,11.318911887519642,332600
2023-01-30,11.085348129272461,11.363828838945643,10.806866562888446,11.049415106840087,306800
2023-01-31,11.435693740844727,11.480610228573624,11.121280040163944,11.121280040163944,355800
2023-02-01,11.525527000427246,11.615359978099582,11.175179415558057,11.336878432683955,382500
2023-02-02,11.570443153381348,11.79502473433197,11.29196161604985,11.507560584862611,644900
2023-02-03,11.615360260009766,11.902824424800901,11.507561198213091,11.570443770083454,389300
2023-02-06,11.42671012878418,11.633324754862443,11.318911081694127,11.570442191570914,422700
2023-02-07,11.42671012878418,11.642308222964282,11.18416163029856,11.444676208277185,547100
2023-02-08,11.202129364013672,11.47162742928047,11.12127985876256,11.211111976044338,528500
2023-02-09,11.103312492370605,11.327894061965802,11.067379475503802,11.26501149662657,253600
2023-02-10,10.160070419311523,10.977547182197718,9.477342253294884,10.609233551157624,960400
2023-02-13,10.519402503967285,10.537368587033923,10.106172312904533,10.160072275526128,353100
2023-02-14,10.42956829071045,10.573301221877205,10.267870135302802,10.42956829071045,310000
2023-02-15,10.420586585998535,10.492452629484527,10.196004985927107,10.40261964677163,426300
2023-02-16,10.285834312438965,10.48346630659145,9.989386749565528,10.204984821344285,462100
2023-02-17,10.169053077697754,10.564317115301312,10.00735493205147,10.11515398138589,445500
2023-02-21,9.836673736572266,10.061255332643372,9.764807694366375,9.980405820984046,424600
2023-02-22,9.746840476989746,10.025321143926195,9.710907460071795,9.863622139440064,410800
2023-02-23,9.84565544128418,10.016337046752389,9.737856397297314,9.800738958778657,250800
2023-02-24,9.63904094696045,9.881589463187103,9.558192298262298,9.701924371562212,572100
2023-02-27,9.621073722839355,9.818705728496633,9.594124176475837,9.69293975094916,329600
2023-02-28,9.683956146240234,9.755822173333211,9.225810437700158,9.531240624490001,763800
2023-03-01,9.710908889770508,9.899557470541414,9.657008928102751,9.701925420040745,446900
2023-03-02,9.737857818603516,9.809723858417426,9.558192719068735,9.692941329542128,273100
2023-03-03,9.9354887008667,10.052270359448544,9.710907138391248,9.746840154118892,358100
2023-03-06,9.504293441772461,9.908540158865002,9.48632735888722,9.890574075979758,442900
2023-03-07,9.450393676757812,9.513276247533136,9.396493718442695,9.486326696730965,491000
2023-03-08,9.630058288574219,9.683957387446966,9.414459322951036,9.432426260382439,466800
2023-03-09,9.558191299438477,9.773789386858509,9.549207831618315,9.621073860758324,390800
2023-03-10,9.387511253356934,9.594126782835176,9.333612145987559,9.540226818754936,385300
2023-03-13,9.100045204162598,9.369543256097746,9.019195702910984,9.369543256097746,447200
2023-03-14,9.118011474609375,9.423442549405241,9.055128908637535,9.270727012007308,260600
2023-03-15,8.839530944824219,8.956313466837592,8.686815405015249,8.956313466837592,422100
2023-03-16,8.794614791870117,8.90241384934436,8.480200231703845,8.758681772712036,289500
2023-03-17,8.570033073425293,8.767665104047762,8.561049604599104,8.695799066859726,871100
2023-03-20,8.704781532287598,8.848514460952313,8.614949415671719,8.623932884346525,326900
2023-03-21,8.86648178100586,9.01919734298223,8.848515697855557,8.974280850040207,293100
2023-03-22,8.641899108886719,8.947330195230217,8.641899108886719,8.866480689232144,182300
2023-03-23,8.498167037963867,8.785631186774415,8.417317531933215,8.785631186774415,345000
2023-03-24,8.596982955932617,8.65088291426517,8.39036830519784,8.399351774371729,270800
2023-03-27,8.65088176727295,8.713764329731221,8.57003226884908,8.65088176727295,174200
2023-03-28,8.682572364807129,8.818378675741453,8.637303306683865,8.691626349118875,238100
2023-03-29,8.800270080566406,8.89080731804847,8.664462929190329,8.727839945206627,268700
2023-03-30,8.736892700195312,8.936075995845822,8.655409448890149,8.845538762139434,294400
2023-03-31,8.854591369628906,8.872699333385368,8.736892195517619,8.80932232367299,337100
2023-04-03,8.782161712646484,9.035667174791142,8.74594664662582,8.845538725759111,301100
2023-04-04,8.420010566711426,8.863645315731265,8.3928494846216,8.7278390418469,288300
2023-04-05,8.37474250793457,8.46528061015124,8.257043320427034,8.46528061015124,385200
2023-04-06,8.392849922180176,8.501495119638896,8.365687975239037,8.392849922180176,238700
2023-04-10,8.573925971984863,8.682571178576081,8.410957730380364,8.410957730380364,323300
2023-04-11,8.646355628967285,8.755000829517734,8.564871512695625,8.646355628967285,218800
2023-04-12,8.655409812927246,8.791216100916335,8.573925694759664,8.736893067659507,235000
2023-04-13,8.682572364807129,8.709733454306901,8.56487315906083,8.664464396183638,312600
2023-04-14,8.555816650390625,8.764053910943906,8.438117479370982,8.700676902896275,238900
2023-04-17,8.646355628967285,8.70067779752486,8.50149536156669,8.564871512695625,222500
2023-04-18,8.546764373779297,8.727840588970208,8.429066042714744,8.727840588970208,343400
2023-04-19,8.474331855773926,8.510546915965625,8.27514945643715,8.420009697203948,484700
2023-04-20,8.420010566711426,8.510547794822592,8.338526457006713,8.401902603028054,481200
2023-04-21,8.229883193969727,8.42001254002774,8.17556015362368,8.42001254002774,383600
2023-04-24,8.528656959533691,8.537710942650383,8.08502214804004,8.166506269219559,1003300
2023-04-25,8.429065704345703,8.564871996851812,8.356634703115715,8.510548961788158,724600
2023-04-26,8.420010566711426,8.429064548553113,8.229881265212176,8.374741520938226,518900
2023-04-27,8.555816650390625,8.564870632031031,8.266096145379326,8.420010379525381,462000
2023-04-28,8.80932331085205,8.80932331085205,8.483387697628302,8.54676385100742,354600
2023-05-01,8.727839469909668,8.972290947577859,8.664462457344728,8.736892588760139,247800
2023-05-02,8.61014175415039,8.800271097295004,8.510549658947951,8.800271097295004,565500
2023-05-03,8.691624641418457,8.81837694313718,8.564871476264438,8.582978577894842,556000
2023-05-04,8.564870834350586,8.773107236387618,8.35663356887832,8.682570008150522,642200
2023-05-05,8.247989654541016,8.383796813085953,7.587064418635903,8.238936534719647,1005000
2023-05-08,8.266096115112305,8.284203214891605,7.713816188597935,8.220827070511243,1216800
2023-05-09,8.37474250793457,8.410957576134171,8.01259182593856,8.175559201119098,1309500
2023-05-10,8.329472541809082,8.474332798694158,8.184612284924004,8.46527968021527,821100
2023-05-11,8.229883193969727,8.338528411226386,8.112183992749486,8.19366812155084,813200
2023-05-12,8.175559043884277,8.293258229128188,8.121236874347282,8.26609714435969,703000
2023-05-15,8.247989654541016,8.3113666739028,8.148398429023022,8.302312690646064,675600
2023-05-16,8.329472541809082,8.329472541809082,8.085021074174323,8.148397220702735,477600
2023-05-17,8.247989654541016,8.383796813085953,8.22988255146291,8.33852776023764,512700
2023-05-18,8.383796691894531,8.392850675020387,8.112183242166314,8.238936415622243,435900
2023-05-19,8.338526725769043,8.592032181460466,8.329472743635534,8.410956855966592,397100
2023-05-22,8.148398399353027,8.374742799335056,8.121237313117087,8.338527729875347,433600
2023-05-23,8.266096115112305,8.474332511467898,8.094073918315312,8.13028898130912,627500
2023-05-24,8.121236801147461,8.25704308720119,8.057859786011786,8.25704308720119,389700
2023-05-25,8.148398399353027,8.157452382576796,7.949215085606941,8.05786029398607,537900
2023-05-26,8.247989654541016,8.293258707389327,8.057860323326397,8.139344445766286,435200
2023-05-30,8.211773872375488,8.356634138171593,8.085021571521542,8.28420400527354,530600
2023-05-31,7.840569496154785,8.275151171984817,7.777193343539387,8.229882121501536,803900
2023-06-01,7.659493923187256,7.931107354337076,7.5961177725119065,7.858677221155164,687600
2023-06-02,8.112183570861816,8.148398641397277,7.659494757450856,7.740978882014491,743300
2023-06-05,8.003538131713867,8.112183340231455,7.903946042996222,8.094075373760841,370800
2023-06-06,8.320419311523438,8.347581259719504,7.940161534566988,7.940161534566988,292400
2023-06-07,8.492441177368164,8.51054827864569,8.329472948694027,8.329472948694027,664000
2023-06-08,8.456228256225586,8.546765512447754,8.392852090526517,8.456228256225586,366600
2023-06-09,8.501495361328125,8.582978614162197,8.401903279916533,8.456226311907884,439500
2023-06-12,8.320419311523438,8.582978766704866,8.266097142001938,8.501495512422617,565300
2023-06-13,8.438118934631348,8.601087178523745,8.266097570972432,8.32041974331299,903400
2023-06-14,8.175559043884277,8.655409767594524,8.139343976381175,8.4471724818752,1022600
2023-06-15,8.193668365478516,8.266098512472555,8.048808071490441,8.130291339282138,809900
2023-06-16,8.302311897277832,8.420011078061973,8.075967518101088,8.202720681276766,3746900
2023-06-20,7.940160751342773,8.293257408708719,7.903944823987054,8.26609632662716,842200
2023-06-21,7.695709705352783,7.903946141754525,7.65949463539442,7.903946141754525,580400
2023-06-22,7.505580425262451,7.731924829960879,7.451257388223261,7.731924829960879,1180300
2023-06-23,7.315450191497803,7.614224699896862,7.26112802457176,7.451256472248184,739200
2023-06-26,7.170589923858643,7.460310449772842,7.170589923858643,7.32450416910938,848100
2023-06-27,6.9740729331970215,7.230001967237392,6.955792287908424,7.175160031371599,1020700
2023-06-28,6.836967945098877,7.010634295028129,6.7547048225416075,6.992353649553732,805500
2023-06-29,7.129459381103516,7.202581969899242,6.73642481255897,6.836968590075599,929200
2023-06-30,7.376247882843018,7.376247882843018,7.065476881199469,7.120318822665977,809100
2023-07-03,7.577335357666016,7.650457945518594,7.357967594108279,7.357967594108279,497700
2023-07-05,7.741861343383789,7.760141553857801,7.4585106716718075,7.549914339111795,674800
2023-07-06,7.778422832489014,7.851545419611942,7.495072153620168,7.668738951804621,545300
2023-07-07,8.016072273254395,8.134895832407688,7.723581031297648,7.8058441658576685,624400
2023-07-10,7.952088356018066,8.198877728819603,7.878965772600563,8.016071270275846,452300
2023-07-11,8.125755310058594,8.180596812888027,7.988649809605069,7.988649809605069,369800
2023-07-12,8.3634033203125,8.39082494356531,8.217158149724082,8.235439231892622,571200
2023-07-13,8.381684303283691,8.601052056570099,8.34512301106929,8.482227638950803,437500
2023-07-14,8.23543930053711,8.390825013504978,7.997790460505077,8.390825013504978,496700
2023-07-17,8.335982322692871,8.418245446643155,8.134894783224395,8.208017366360213,386700
2023-07-18,8.372543334960938,8.527929036863524,8.25371892340661,8.345122585122223,553700
2023-07-19,8.134895324707031,8.445666759565098,8.043492525548192,8.409105465563561,629500
2023-07-20,7.7052998542785645,7.942947814521107,7.549914146606545,7.760141355992246,895400
2023-07-21,7.595615386962891,7.769281291102816,7.531632477698804,7.769281291102816,578100
2023-07-24,7.851545810699463,7.860686352467622,7.513353610487978,7.586476201253162,1113600
2023-07-25,7.769282817840576,7.97037038190496,7.751001733975607,7.814984655812944,691900
2023-07-26,8.061772346496582,8.061772346496582,7.769282008641457,7.769282008641457,486300
2023-07-27,7.9246673583984375,8.153175642385268,7.9246673583984375,8.116614351814972,447300
2023-07-28,8.08005428314209,8.125756121188651,7.924668556797814,8.006931690943613,542300
2023-07-31,8.134895324707031,8.24458007840165,8.10747457212838,8.116615113551267,476500
2023-08-01,8.00693130493164,8.162317023784812,7.979509680411657,8.089194435111557,401500
2023-08-02,7.833263874053955,8.04349195337576,7.81498366419855,7.897246787772737,630300
2023-08-03,7.6413164138793945,7.869824689228909,7.586474915941851,7.82412373151092,962300
2023-08-04,8.390824317932129,8.81127958786901,6.864388938271492,7.257423022845118,1941000
2023-08-07,7.495071887969971,8.509649273798116,7.431089844427643,8.454806899554717,875000
2023-08-08,7.44936990737915,7.495071739729748,7.211721512352975,7.45851044818726,651800
2023-08-09,7.458510398864746,7.458510398864746,7.239142651060475,7.449369858117082,545800
2023-08-10,7.257422924041748,7.485930765014819,7.156879160205232,7.449369475591532,523500
2023-08-11,7.266563415527344,7.312265247663228,7.166020082180355,7.239142664921791,542000
2023-08-14,7.431089878082275,7.467651170513468,7.047195871709762,7.239142874896018,1115000
2023-08-15,7.613896369934082,7.696159496147604,7.230002362064298,7.476791740704862,856200
2023-08-16,7.577335357666016,7.86982570907633,7.577335357666016,7.623037192996378,460300
2023-08-17,7.732719898223877,7.760140646573961,7.568193664743622,7.586474744770261,446500
2023-08-18,7.988649368286133,8.006930449346019,7.668738294947444,7.696159044847349,528800
2023-08-21,8.16231632232666,8.18059653207899,7.805843079411844,7.952088244190248,451400
2023-08-22,8.144035339355469,8.208017381797154,7.988649631977131,8.208017381797154,520400
2023-08-23,7.915527820587158,8.153176675244842,7.878966525385209,8.153176675244842,388300
2023-08-24,7.741861343383789,7.9612290992117885,7.650457675943801,7.796702846495801,359800
2023-08-25,8.03435230255127,8.052633386121578,7.778423234397259,7.778423234397259,285300
2023-08-28,8.153175354003906,8.21715739231637,8.061771694966192,8.061771694966192,319500
2023-08-29,8.354264259338379,8.354264259338379,8.034352271610341,8.171456911099478,205900
2023-08-30,8.409104347229004,8.56449004399315,8.317701560225906,8.372543058089786,320700
2023-08-31,8.308562278747559,8.518789505224548,8.281141525661434,8.445666915868202,328000
2023-09-01,8.390824317932129,8.573630767537313,8.335981947205617,8.38168377752939,229500
2023-09-05,8.04349136352539,8.363402421899597,8.016070614908147,8.326841133179977,360800
2023-09-06,7.687019348144531,8.070913375644093,7.677878806611204,7.961229492314222,330200
2023-09-07,7.540773391723633,7.732720385653287,7.48593101987662,7.641316723138241,305800
2023-09-08,7.760141372680664,7.787562995286429,7.449369956668301,7.513352871058465,324100
2023-09-11,7.568194389343262,7.970369471535923,7.5590547201447595,7.796702681415015,342000
2023-09-12,7.769282817840576,7.769282817840576,7.549915041601279,7.549915041601279,301800
2023-09-13,7.595615386962891,7.814983120094339,7.586474846826609,7.796702039821776,593200
2023-09-14,7.97951078414917,7.97951078414917,7.650459089604611,7.650459089604611,344900
2023-09-15,8.198877334594727,8.281140454906465,7.942947433249335,7.979508723200118,838600
2023-09-18,7.906385898590088,8.317701487418264,7.8698246097709035,8.244578909779895,302500
2023-09-19,7.842405319213867,8.052633422779206,7.824125107250386,7.915527910447886,277700
2023-09-20,7.9246673583984375,8.034351230109325,7.79670240555744,7.8789655272630865,431700
2023-09-21,7.696159839630127,7.878966310657799,7.6870192981562395,7.869825769183913,439500
2023-09-22,7.595615386962891,7.805842579958057,7.586474846826609,7.769281291102816,291800
2023-09-25,7.732719898223877,7.796701934937365,7.45850979965341,7.513352168043453,446300
2023-09-26,7.598999500274658,7.746552752010205,7.552888889235612,7.728109035286638,368800
2023-09-27,7.663554668426514,7.820329337980642,7.608221759564602,7.654332370368404,319600
2023-09-28,7.838774681091309,7.847996980028256,7.5067798347427015,7.663555398723474,553600
2023-09-29,7.912550926208496,8.152325409908581,7.838774297298745,7.912550926208496,498100
2023-10-02,7.571333408355713,7.903328221380368,7.497556783239123,7.903328221380368,397400
2023-10-03,7.571333408355713,7.626666316936528,7.386891845564238,7.497556783239123,391900
2023-10-04,7.552889823913574,7.645111057404141,7.396115134158591,7.589778141412428,563300
2023-10-05,7.396114826202393,7.645110739080359,7.35000377163363,7.55288950942966,475900
2023-10-06,7.42378044128418,7.5344453831801035,7.239338431714249,7.396114425681893,386300
2023-10-09,7.451446533203125,7.580556073147414,7.414558218860011,7.442224234745649,265700
2023-10-10,7.589778423309326,7.645111341356195,7.506780365469367,7.506780365469367,317900
2023-10-11,7.728109359741211,7.755775375731459,7.552889206333796,7.6358881337913305,287500
2023-10-12,7.709665298461914,8.041661031360746,7.562112030278812,7.7557759146408465,410600
2023-10-13,8.14310359954834,8.161548197624805,7.71888751814493,7.728109817183163,503900
2023-10-16,8.401323318481445,8.475099965005882,8.170771078220833,8.20765940148305,335700
2023-10-17,8.871649742126465,8.890094342757681,8.179993049221197,8.484321923740557,708700
2023-10-18,8.742538452148438,8.853204275138612,8.641095807142033,8.807093662140504,408000
2023-10-19,8.345989227294922,8.6872063536921,8.226101986211571,8.6872063536921,685800
2023-10-20,8.327545166015625,8.576541962622622,8.216880216241462,8.345989764054739,551700
2023-10-23,7.681999683380127,8.290657386295813,7.672777383763369,8.281435086679053,625700
2023-10-24,7.940218448638916,7.9494407488740375,7.645111877010707,7.718888519917759,310900
2023-10-25,7.728109359741211,7.986327561119371,7.681998746766271,7.9217732306465285,366400
2023-10-26,7.79266357421875,7.930995411084476,7.728109244706812,7.728109244706812,248400
2023-10-27,7.4330034255981445,7.857219515091144,7.313115734532035,7.83877491666295,450400
2023-10-30,7.359225749969482,7.617444390206742,7.202450194083653,7.534445463033445,352000
2023-10-31,7.322337627410889,7.433003013121796,7.239338698063559,7.350003644031061,380700
2023-11-01,7.054896831512451,7.303893169577908,7.045674533189136,7.303893169577908,381600
2023-11-02,7.61744499206543,7.6266672912548525,7.1102299699763245,7.1102299699763245,756600
2023-11-03,8.63187313079834,9.203642420280914,7.700443010545056,7.700443010545056,1708300
2023-11-06,8.493541717529297,8.77020448894292,8.44743110904591,8.631872663492755,453300
2023-11-07,8.41976547241211,8.576541020577022,8.32754425131978,8.43820918893853,319700
2023-11-08,8.456653594970703,8.548874813991258,8.216879129106642,8.447431297171303,231300
2023-11-09,8.327545166015625,8.576541962622622,8.309101447463352,8.530431347011678,235400
2023-11-10,8.447432518005371,8.558097469131447,8.207658017488784,8.318323848101711,303400
2023-11-13,8.226101875305176,8.447431757634975,8.152325247861908,8.447431757634975,303300
2023-11-14,8.548874855041504,8.742537832838499,8.299878090182402,8.576540869085827,272700
2023-11-15,8.75175952911377,8.890091348800352,8.558095685141888,8.604206291704081,263000
2023-11-16,8.493541717529297,8.779426786536938,8.484319419935279,8.687205569570162,202200
2023-11-17,8.530430793762207,8.604207422160126,8.419765851165327,8.604207422160126,269300
2023-11-20,8.659540176391602,8.714872206944674,8.447431713973437,8.567318952820788,173600
2023-11-21,9.249753952026367,9.295864567596132,8.558097356940424,8.631873990057311,917900
2023-11-22,9.102201461791992,9.33275367980948,9.009981102277147,9.249754740605278,246500
2023-11-24,8.945425033569336,9.194421827532913,8.926981315212867,9.14831121241149,77100
2023-11-27,8.899314880371094,9.111423369144493,8.83476054354248,8.880871161057295,191600
2023-11-28,8.843982696533203,8.94542534979694,8.770206061525602,8.880871014037005,148600
2023-11-29,8.90853500366211,9.046866822415907,8.85320297974992,8.936201015618204,228000
2023-11-30,8.834759712219238,9.065311898612197,8.770205381464985,8.890092623927739,245300
2023-12-01,8.705650329589844,8.917758802262998,8.687206611676027,8.797871557619356,196400
2023-12-04,8.843982696533203,8.926981630788472,8.594985893767399,8.631874211271201,260400
2023-12-05,8.124658584594727,8.816315071338817,8.124658584594727,8.788648178638626,314600
2023-12-06,8.152326583862305,8.290657563116367,8.115438264095426,8.124660563908876,391500
2023-12-07,8.290655136108398,8.373654051158486,8.060102985185562,8.14310190023565,404000
2023-12-08,7.903328895568848,8.290656650215068,7.884885177459743,8.244546035712077,189900
2023-12-11,8.069327354431152,8.087771953394986,7.903329481704193,8.041661335472288,339900
2023-12-12,7.691220760345459,8.041660174691842,7.6266664322639635,8.032437876541124,320100
2023-12-13,8.161547660827637,8.189213676635855,7.58977747087922,7.65433268041411,303400
2023-12-14,8.61343002319336,8.742538687682243,8.272212884993456,8.290656602997519,400600
2023-12-15,8.447432518005371,8.714873036431765,8.419766500095566,8.68720701852196,1192600
2023-12-18,8.530430793762207,8.58576370480404,8.364432940123496,8.447431866942852,272800
2023-12-19,8.8233003616333,8.916275432578043,8.600161255377104,8.600161255377104,289800
2023-12-20,8.7396240234375,9.009250697507829,8.655947513561408,8.832599105534618,259300
2023-12-21,8.786111831665039,9.018548657299966,8.711732118395952,8.860491544934126,165900
2023-12-22,8.832598686218262,8.999953471377683,8.80470651758371,8.832598686218262,162500
2023-12-26,8.972060203552246,9.037143111059367,8.851193846773379,8.869788329863962,173700
2023-12-27,8.944168090820312,9.092927503167887,8.869788384646524,9.027845481934833,125800
2023-12-28,8.860491752624512,8.972061325143338,8.81400420907263,8.953466839728273,130800
2023-12-29,8.81400203704834,8.85119277206589,8.730325543286629,8.81400203704834,172600
2024-01-02,8.76751708984375,8.83259911537861,8.665244322087718,8.776813888722947,176900
2024-01-03,8.29334545135498,8.655947194141788,8.256155597223723,8.655947194141788,238600
2024-01-04,8.29334545135498,8.321237620284409,8.209668057890635,8.228263428294296,270300
2024-01-05,8.367725372314453,8.414212912829194,8.200370581131816,8.218965952008148,170500
2024-01-08,8.423510551452637,8.451402720936033,8.293345616069985,8.386320696582748,103800
2024-01-09,8.29334545135498,8.377022844819326,8.181775888961209,8.349129789213835,192200
2024-01-10,8.377022743225098,8.395617226727186,8.181775789734882,8.302643035864639,171100
2024-01-11,8.31194019317627,8.395617589238878,8.228263683789752,8.35842773395284,199400
2024-01-12,9.148713111877441,9.325364699819415,8.68383948535258,8.68383948535258,590100
2024-01-16,8.535079002380371,9.418338605297015,8.45140161817257,8.916275186726168,341700
2024-01-17,8.29334545135498,8.43280718267818,8.237560226820063,8.423510384152413,301200
2024-01-18,8.116693496704102,8.36772569310169,8.098099011791014,8.32123815080479,283400
2024-01-19,7.9958271980285645,8.163181110414897,7.902852112621391,8.125991253587253,193700
2024-01-22,8.060908317565918,8.218965412943762,7.921446591844775,8.014420780100194,221600
2024-01-23,8.042312622070312,8.181775228817076,7.949338437581795,8.14458537768647,225000
2024-01-24,8.005123138427734,8.31193964600913,7.949338802508953,8.172477919536144,198800
2024-01-25,8.107396125793457,8.135288294533991,7.884256115841007,8.135288294533991,309400
2024-01-26,8.163180351257324,8.163180351257324,8.042313106138835,8.098098329530462,164100
2024-01-29,8.07950210571289,8.172477172648522,7.995825609481964,8.172477172648522,174000
2024-01-30,8.07950210571289,8.107395157799152,7.949338076014148,8.060907624331335,171600
2024-01-31,7.86566162109375,8.116692912754967,7.847066250842372,8.088800744053957,311100
2024-02-01,7.689009189605713,7.9958256715277924,7.689009189605713,7.893552919769793,315300
2024-02-02,7.465870380401611,7.6890104005869055,7.261326174684848,7.642522859436799,460200
2024-02-05,7.0846734046936035,7.428679754867948,7.038186311699721,7.372894977272487,332400
2024-02-06,7.1125664710998535,7.34500328098326,6.9731042965022025,7.047484004730808,364000
2024-02-07,7.21483850479126,7.36359791533524,6.945211408173274,7.131161114691263,610900
2024-02-08,7.437978267669678,7.605333062428599,7.093971879191088,7.224136374740652,510600
2024-02-09,7.37289571762085,7.4751680418178585,7.317110934423766,7.437978186353137,364400
2024-02-12,7.465870380401611,7.605333003851933,7.345003571419822,7.3728957414394465,231800
2024-02-13,7.0660786628723145,7.2055408321624155,6.908021567232734,7.196243147318669,421700
2024-02-14,7.140459060668945,7.159053988821545,6.945212093397625,7.093971961956476,348300
2024-02-15,7.252028942108154,7.345003581194044,7.131161689627474,7.131161689627474,503600
2024-02-16,7.791281700134277,7.809876183200529,6.517528133096927,6.880129419649147,978000
2024-02-20,7.689009189605713,7.9958256715277924,7.5681419563218695,7.67041382140391,422600
2024-02-21,7.605332374572754,7.809876120027143,7.549547152473178,7.63322454228453,382000
2024-02-22,7.874959945678711,7.874959945678711,7.549548033264069,7.633225432837899,278500
2024-02-23,7.912148475646973,7.986528176866546,7.744793704564942,7.828471090105958,252500
2024-02-26,7.912148475646973,8.16317974559404,7.828471090105958,7.902850791325531,339400
2024-02-27,8.107396125793457,8.15388366481172,7.893553800979871,7.9493390251369975,227800
2024-02-28,8.460700988769531,8.479295474146506,7.986529641528738,8.125991385222552,275100
2024-02-29,8.535079002380371,8.711730568293314,8.377021918138071,8.50718594986046,323100
2024-03-01,8.8233003616333,8.832598046062973,8.497889386678679,8.535079237721378,291600
2024-03-04,9.45552921295166,9.55780108702478,8.869788363239712,8.869788363239712,477200
2024-03-05,9.325364112854004,9.687965837923581,9.269579777720852,9.492718891605504,332100
2024-03-06,9.278876304626465,9.48342092971446,9.241686453399192,9.455528762963006,234000
2024-03-07,9.232389450073242,9.492718402868856,9.20449639726673,9.409041017801274,119300
2024-03-08,9.306770324707031,9.381150034887069,9.139415533463904,9.297472639265505,173500
2024-03-11,9.464826583862305,9.529908602779107,9.250984271216225,9.306769492199205,168300
2024-03-12,9.02784538269043,9.520611152343736,8.99065553001237,9.464826816664662,154200
2024-03-13,8.944168090820312,9.167307209341674,8.90697823773342,8.999953313788673,162500
2024-03-14,8.544377326965332,8.897681408611199,8.497890671142452,8.888384609452295,158400
2024-03-15,8.6001615524292,9.176604706839546,8.50718647827307,8.572269384852769,431200
2024-03-18,8.488592147827148,8.702433580878509,8.423510126755176,8.609459391729409,233900
2024-03-19,8.535079002380371,8.618756386588174,8.432806249825962,8.432806249825962,243000
2024-03-20,8.990654945373535,9.083630014360775,8.5350790580232,8.5350790580232,246300
2024-03-21,9.185903549194336,9.241687891377119,8.981358892279827,9.009251063371218,216600
2024-03-22,9.102225303649902,9.260282402944547,9.074333135149686,9.185902695826602,126300
2024-03-25,9.148713111877441,9.334662385152171,9.027845862579849,9.130117741211931,158200
2024-03-26,9.406356811523438,9.52815237592745,9.172134778474062,9.256454853329622,177800
2024-03-27,9.481308937072754,9.574998119015588,9.359513357941573,9.434464346101336,135200
2024-03-28,9.322036743164062,9.640578851290977,9.284561253589494,9.53752147833245,137900
2024-04-01,9.396987915039062,9.406357010996395,9.115921290722232,9.406357010996395,133000
2024-04-02,9.453201293945312,9.490676783085897,9.209610167788446,9.359512124350783,205800
2024-04-03,9.500046730041504,9.556259522046537,9.415726648547734,9.471939440552768,161400
2024-04-04,9.303299903869629,9.584365642795298,9.228348921024624,9.509414659950293,129200
2024-04-05,9.425095558166504,9.453201953611737,9.200241714146035,9.312668189413168,94400
2024-04-08,9.153397560119629,9.434463287436525,9.153397560119629,9.425095085082477,114900
2024-04-09,9.396987915039062,9.462570693254229,9.115921290722232,9.181504068937398,115300
2024-04-10,8.984758377075195,9.190874040338503,8.956651980012188,9.097184858813476,190900
2024-04-11,9.209609985351562,9.256454569220864,8.825486005898306,9.078445329214741,142900
2024-04-12,8.844223976135254,9.293930764609216,8.79738028218867,9.209610685927462,139200
2024-04-15,8.666214942932129,8.90043696841678,8.59126396625593,8.816116896284527,129900
2024-04-16,8.647478103637695,8.741167285869807,8.47883882650066,8.62874080328303,107200
2024-04-17,8.853592872619629,9.078445815041789,8.675584516573627,8.750535497381014,207500
2024-04-18,8.966018676757812,9.13465881777067,8.68495296638452,8.956650474968512,151600
2024-04-19,8.937911987304688,9.10655212271163,8.900436500934932,8.937911987304688,158100
2024-04-22,9.040969848632812,9.153397207410784,8.900436990389531,8.900436990389531,125900
2024-04-23,9.340774536132812,9.434462809328574,8.984756953622247,8.984756953622247,131600
2024-04-24,9.584364891052246,9.603103082036878,9.34077466265491,9.34077466265491,137300
2024-04-25,9.603103637695312,9.696792811067297,9.396987992368649,9.396987992368649,168500
2024-04-26,9.415725708007812,9.790480595561045,9.406356612447448,9.659316831660478,118300
2024-04-29,9.584364891052246,9.668684963510838,9.44383203261201,9.44383203261201,139200
2024-04-30,9.490676879882812,9.734268008524104,9.471938688378337,9.528152369405616,202900
2024-05-01,9.593733787536621,9.921644975076633,9.415725444305767,9.481307324419328,227200
2024-05-02,9.846694946289062,9.902907736508741,9.64057929734913,9.678054788657647,144200
2024-05-03,9.931015014648438,10.155867962262786,9.79985034846364,9.968490505917496,159800
2024-05-06,10.137128829956055,10.193342508390524,9.931014093830585,9.931014093830585,181900
2024-05-07,9.837326049804688,10.221450066886886,9.799850557735356,10.221450066886886,176700
2024-05-08,10.090285301208496,10.165236277992078,9.82795598897984,9.82795598897984,214900
2024-05-09,10.127761840820312,10.127761840820312,9.659317740557297,10.090286348538719,185500
2024-05-10,9.846694946289062,10.493147394732507,9.574997410930775,10.165237069154541,363800
2024-05-13,10.212080001831055,10.333875562875015,9.809218723670705,9.912276093714306,411900
2024-05-14,9.753005981445312,10.465041225137176,9.7248995857298,10.240188272440655,187800
2024-05-15,9.762373924255371,9.912275875006255,9.546889199936398,9.762373924255371,309200
2024-05-16,9.696792602539062,9.77174358223037,9.57499703716915,9.724898996551763,244600
2024-05-17,9.537521362304688,9.743636105714275,9.509414075351085,9.743636105714275,186800
2024-05-20,9.003494262695312,9.584364773822161,8.97538787004827,9.5468892857974,309000
2024-05-21,9.331406593322754,9.368882085927012,8.675585026005107,8.928544377712301,198500
2024-05-22,9.031601905822754,9.368881311377324,9.012863714326647,9.265823938607186,208000
2024-05-23,9.078445434570312,9.17213460339618,8.872330692731213,9.04096994573719,264200
2024-05-24,9.453201293945312,9.481307687429217,9.040970019912747,9.125290093850596,151200
2024-05-28,9.247085571289062,9.565627672776987,9.21897917806546,9.48130759962005,218800
2024-05-29,8.937911987304688,9.228347676784859,8.909805595898888,9.172134000487187,156000
2024-05-30,8.900437355041504,9.162765784803444,8.862961865075512,8.947281940870534,145800
2024-05-31,8.900437355041504,8.95665103673357,8.816117279246484,8.900437355041504,165300
2024-06-03,8.67558479309082,8.994126918418202,8.619371108950496,8.900437742679726,185200
2024-06-04,8.684953689575195,8.759904671047343,8.44136255304763,8.63810910278356,193600
2024-06-05,8.656846046447754,8.816117098916942,8.591264163720254,8.713059726989997,120900
2024-06-06,8.73179817199707,8.834856450949562,8.535051604480618,8.647478086849125,241800
2024-06-07,8.35704231262207,8.694321722672383,8.35704231262207,8.619370742661202,120300
2024-06-10,8.30082893371582,8.38514901267625,8.075975985478804,8.253985239614419,166100
2024-06-11,8.16966438293457,8.291459941673384,8.066606121355361,8.207139870739889,397300
2024-06-12,8.066606521606445,8.516313291070057,8.029131031941658,8.385148630500222,221800
2024-06-13,8.07597541809082,8.122820002387288,7.888597974391082,7.982287142984016,152200
2024-06-14,7.888598442077637,8.038500405924575,7.832384758891944,8.010394011074819,378800
2024-06-17,7.982287406921387,7.99165560930154,7.719958083581605,7.897967331096897,137300
2024-06-18,8.029130935668945,8.057238222695132,7.813647096051693,7.954179957238063,419700
2024-06-20,8.104082107543945,8.197771279561977,7.972918338902098,8.019762924911113,171500
2024-06-21,8.085344314575195,8.197770778026946,8.019762434266534,8.113450707066606,732100
2024-06-24,8.104082107543945,8.2633531638829,8.094713905131073,8.150926693552961,338500
2024-06-25,8.066606521606445,8.188402086388546,7.954180052612081,8.132189298634438,287500
2024-06-26,7.844503402709961,8.005174022746505,7.721637581426868,7.986271172701029,319900
2024-06-27,8.203649520874023,8.213100044650657,7.731089081216994,7.806698679455118,169300
2024-06-28,8.071332931518555,8.307613170616097,7.939015673142401,8.269808368413994,237500
2024-07-01,7.598772048950195,8.109137302187987,7.570418674141855,8.06188107661573,199500
2024-07-02,7.768894195556641,7.844503796862602,7.6176749929447185,7.6176749929447185,233600
2024-07-03,7.844503402709961,7.872856776440674,7.71218615640413,7.8256005526644845,94500
2024-07-05,7.68383264541626,7.787795614796774,7.617674474113885,7.787795614796774,201800
2024-07-08,7.835052013397217,7.8539548635288465,7.683832817694195,7.69328424276001,241200
2024-07-09,7.655479431152344,7.882308224331116,7.655479431152344,7.8445034254679875,272200
2024-07-10,7.825601100921631,7.84450395229143,7.598772292509424,7.598772292509424,164200
2024-07-11,7.9201130867004395,8.0996856574058,7.853954913493861,7.986271259907019,221700
2024-07-12,8.01462459564209,8.03352744580363,7.844503450875751,7.939014997670938,228300
2024-07-15,7.70273494720459,8.052430472144023,7.627125347579178,8.014624770993793,239900
2024-07-16,7.853954792022705,7.948466337807863,7.7405394949405215,7.797247143481614,141400
2024-07-17,7.910661220550537,8.024075611726401,7.778343980176633,7.835051626433295,193100
2024-07-18,7.570418357849121,7.9201129703334905,7.560966932862044,7.84450337311187,725200
2024-07-19,7.646028518676758,7.787796298582945,7.428650685306813,7.56096749019802,167400
2024-07-22,7.7310895919799805,7.806699195213337,7.560967534036146,7.598772335652824,184700
2024-07-23,7.466455459594727,7.674381866525959,7.45700403394528,7.664930440876512,197200
2024-07-24,7.343589782714844,7.551516193965384,7.324687381692067,7.466455614697285,183400
2024-07-25,7.400296688079834,7.589320690703433,7.3057846867680345,7.343589487292754,184500
2024-07-26,7.485357284545898,7.570418306173976,7.400296262917822,7.504259683722277,124300
2024-07-29,7.419198989868164,7.466455215231224,7.305784589799339,7.438101389879635,155400
2024-07-30,7.249076843261719,7.494808024885325,7.220723020047706,7.4191984305396,230000
2024-07-31,7.2018208503723145,7.362491468798287,7.041150231946341,7.258528047934055,413100
2024-08-01,6.663102149963379,6.993894356197512,6.530784906934735,6.974991957288954,508100
2024-08-02,6.322859287261963,6.644200558423926,6.22834728123456,6.644200558423926,553000
2024-08-05,6.124382972717285,6.237797363717727,5.93535898771655,6.124382972717285,394800
2024-08-06,6.105480670928955,6.3323094565228395,6.096029246194842,6.143285468527936,236200
2024-08-07,6.143286228179932,6.322859264314677,6.1149324011402175,6.228347258630283,314000
2024-08-08,6.209444522857666,6.266151723212272,5.840847044549579,6.0960296714796876,387000
2024-08-09,6.549688339233398,6.946639229611569,6.162188875135093,6.162188875135093,468300
2024-08-12,5.954261779785156,6.549687597228664,5.954261779785156,6.530785197479169,342100
2024-08-13,6.190541744232178,6.322858536969367,5.963712506013971,5.973163930829569,275800
2024-08-14,5.944810390472412,6.190542039368416,5.925907990608779,6.181090614102218,241600
2024-08-15,5.89755392074585,6.124383160365398,5.850298148382137,6.058224538253708,266900
2024-08-16,5.8597493171691895,5.935359366665613,5.7652373186346075,5.85029834265011,237000
2024-08-19,6.058225154876709,6.086578981715862,5.859749719009001,5.859749719009001,248900
2024-08-20,5.821944236755371,6.077126845816565,5.784139439166212,6.058224447021986,253500
2024-08-21,5.90700626373291,6.020420675836067,5.755787047595367,5.840847631338328,315400
2024-08-22,5.793591499328613,5.992066933774498,5.727432870957056,5.888103503667419,286000
2024-08-23,5.925907611846924,6.096029199746094,5.774688422603217,5.869200415880534,331600
2024-08-26,5.793591499328613,6.020420309741747,5.746335271824817,5.973164532906737,306800
2024-08-27,5.717981815338135,5.7935914177444605,5.65182318789821,5.774689017142879,360100
2024-08-28,5.576213359832764,5.755786383615186,5.557310959996128,5.699079184105279,243700
2024-08-29,5.632920742034912,5.717981769392935,5.576213540685822,5.5856645155762825,201200
2024-08-30,5.670725345611572,5.708530145195482,5.557310946859843,5.632920546027663,641300
2024-09-03,5.510054588317871,5.831395827650988,5.510054588317871,5.585664185650663,557500
2024-09-04,5.29267692565918,5.557310974743081,5.254872125885588,5.4817013751958985,683200
2024-09-05,5.339932918548584,5.406091089941658,5.037494082840094,5.330481493681721,701000
2024-09-06,5.3682861328125,5.736883579665599,5.3115789372971145,5.472249549925071,827600
2024-09-09,6.067676544189453,6.199993350415206,5.2265190286082746,5.283226231276454,1602700
2024-09-10,5.803042411804199,6.114932248090872,5.755786635479153,6.086578872429601,795900
2024-09-11,5.793591499328613,5.831396301064135,5.538408862279445,5.708530470089295,701700
2024-09-12,6.058225154876709,6.181090986731726,5.7746891398291185,5.859749719009001,491700
2024-09-13,6.370114803314209,6.370114803314209,5.973164394302272,6.124383597735391,621500
2024-09-16,6.029871463775635,6.3512122640464455,5.935359463695985,6.332309864030516,724900
2024-09-17,6.086578845977783,6.171639873929491,5.916457240743147,6.086578845977783,1089500
2024-09-18,6.039322376251221,6.313407398993832,5.9731642022112,6.077127175893735,741700
2024-09-19,6.086578845977783,6.275602851794046,5.954262041906399,6.181090848885915,784700
2024-09-20,5.954261779785156,6.143285777280118,5.869200755578044,6.029871378783141,8704700
2024-09-23,6.020420074462891,6.16218830076517,5.94481047394668,6.039322474591943,653000
2024-09-24,6.058225154876709,6.171640011564533,6.010969377703171,6.058225154876709,522700
2024-09-25,5.957812309265137,6.043880369503059,5.900433754441261,6.043880369503059,418300
2024-09-26,6.072569370269775,6.082132690665926,5.938686076753179,6.034317000693605,402900
2024-09-27,6.340336322784424,6.388151556069858,6.082132603829612,6.139511157374658,423400
2024-09-30,6.47421932220459,6.502908825684445,6.263831302034343,6.31164653316185,675000
2024-10-01,6.588976860046387,6.675044920176079,6.397715010873979,6.502909255920912,523000
2024-10-02,6.646355628967285,6.694171320803287,6.426404267329294,6.5602880220684066,700600
2024-10-03,6.69417142868042,6.808928543731066,6.41684150597257,6.58897717854854,537800
2024-10-04,6.799365043640137,7.019316388275602,6.780238859585062,6.780238859585062,615300
2024-10-07,6.961938381195068,6.971501245969232,6.665481821124049,6.780239390443638,367400
2024-10-08,6.75154972076416,6.952374892209339,6.646355474768061,6.9236853865725045,541600
2024-10-09,6.732423305511475,6.847180412127144,6.684607616419509,6.7611128101674955,434100
2024-10-10,6.761113166809082,6.837617908588406,6.665481783580697,6.7132974751948895,454200
2024-10-11,7.0575690269470215,7.076695211735324,6.69417105996505,6.761112934726218,549800
2024-10-14,6.7419867515563965,7.076695213434156,6.703734381970607,7.057569028641261,451100
2024-10-15,6.75154972076416,6.837617781670444,6.703734486041731,6.713297350584528,301300
2024-10-16,6.703734397888184,6.904559110688312,6.675044892628613,6.808928186496771,374300
2024-10-17,6.435967445373535,6.646355481577047,6.158637533284977,6.627229296467638,488800
2024-10-18,6.407277584075928,6.569850376484538,6.263831431719339,6.397714720054114,399600
2024-10-21,6.0056281089782715,6.349899444190436,5.976938603041811,6.311647073611307,791400
2024-10-22,5.9004340171813965,6.072569689318044,5.871744510489836,5.948249253661679,477600
2024-10-23,5.843055248260498,5.948249038311226,5.8334919277081285,5.890870483009677,427300
2024-10-24,6.110821723937988,6.177763598524129,5.795239447754011,5.852618001968897,345700
2024-10-25,6.244705677032471,6.311647097800384,6.129948108851053,6.1395114295346,251500
2024-10-28,6.435967445373535,6.560287876586813,6.254268458832027,6.263831779388844,433800
2024-10-29,6.302084445953369,6.416841562006105,6.263832073935791,6.416841562006105,345700
2024-10-30,6.168200492858887,6.4550937299238615,6.158637628158977,6.292520925987325,274900
2024-10-31,6.235142230987549,6.3020841064137825,6.101258936139301,6.177763676052586,324600
2024-11-01,6.158637523651123,6.455093620385351,5.976938537393844,6.311647004287055,672600
2024-11-04,6.034317493438721,6.263832185641473,5.88130800263972,6.13951174636516,417200
2024-11-05,6.024754047393799,6.235142076958021,6.00562786288796,6.00562786288796,553400
2024-11-06,6.522035598754883,6.522035598754883,6.273394732806244,6.273394732806244,450500
2024-11-07,6.493345737457275,6.713297085300632,6.493345737457275,6.522035241960411,265700
2024-11-08,6.302084445953369,6.493346306041262,6.244705887927001,6.493346306041262,285100
2024-11-11,6.2160162925720215,6.4072781499417735,6.158637735361096,6.349899592730848,303800
2024-11-12,6.101259231567383,6.196890161089518,6.034317352899767,6.12038541747181,244000
2024-11-13,6.168200492858887,6.302084246691464,6.101259071946828,6.168200492858887,275200
2024-11-14,6.072569370269775,6.235142168970608,6.063006505877841,6.225579304578673,241000
2024-11-15,5.9291229248046875,6.110821913455713,5.890870554141759,6.110821913455713,211900
2024-11-18,5.996064186096191,6.072568919570436,5.938685635990508,5.9673746830412595,253900
2024-11-19,5.957812309265137,5.99606467914772,5.823929014676094,5.948248988792381,236600
2024-11-20,6.0056281089782715,6.110821900068764,5.871744355947091,5.94824909710535,252900
2024-11-21,6.082132816314697,6.129948051270603,5.95781238462174,6.00562807558187,263800
2024-11-22,6.12038516998291,6.216016095638035,6.072569479153236,6.08213279972086,269300
2024-11-25,6.1395111083984375,6.311646767660412,6.1395111083984375,6.158637292760879,265400
2024-11-26,5.871744155883789,6.1586373814564,5.852617971245896,6.1586373814564,368700
2024-11-27,5.938685894012451,6.072569183409294,5.8908702055114786,5.8908702055114786,228100
2024-11-29,5.9004340171813965,5.97693876035324,5.881307831388436,5.96737543945464,105600
2024-12-02,5.795239448547363,5.919559877365408,5.795239448547363,5.900433692624495,285500
2024-12-03,5.795239448547363,5.843055138401755,5.690045204470232,5.8239289536608405,206600
2024-12-04,5.871744155883789,5.881307476204841,5.737860863418536,5.795239417332216,333900
2024-12-05,5.986502170562744,6.053443593834667,5.833492225932107,5.909996970245302,499100
2024-12-06,6.110821723937988,6.120385044309243,5.862181322340151,6.043880305356062,416500
2024-12-09,6.512472629547119,6.57941450999334,6.139511766499327,6.139511766499327,357600
2024-12-10,6.3881516456604,6.579413949497118,6.216015982611148,6.522035395147367,349300
2024-12-11,6.435967445373535,6.502909321258582,6.273394643941438,6.407277939707309,276300
2024-12-12,6.445530414581299,6.522035612265366,6.369025672901461,6.455093735293394,177500
2024-12-13,6.149074077606201,6.416841119258158,6.101258843885496,6.416841119258158,407400
2024-12-16,6.225579261779785,6.359462554375977,6.1490740671491775,6.168200251805777,246400
2024-12-17,6.206452369689941,6.244705193457694,6.129947634162822,6.187326185808161,335200
2024-12-18,5.8049445152282715,6.327389484691973,5.775919589664492,6.249990298302616,655700
2024-12-19,5.892018795013428,6.03714203794958,5.795269351275276,5.872668998532905,626100
2024-12-20,6.008117198944092,6.114541303613058,5.901693094275125,5.901693094275125,782000
2024-12-23,6.491862773895264,6.520887237173249,6.0081174134639355,6.0081174134639355,491600
2024-12-24,6.598287105560303,6.646661366438447,6.375764213781326,6.482187864514566,168200
2024-12-26,6.3660888671875,6.636986471919863,6.327389275273666,6.636986471919863,157200
2024-12-27,6.2693400382995605,6.395113945714534,6.201615520152528,6.317714760023946,222100
2024-12-30,6.2693400382995605,6.327389427567501,6.1629159273072345,6.2886898347222076,301900
2024-12-31,6.288690090179443,6.337064813868892,6.220965569281327,6.298365219451555,239800
2025-01-02,6.182265758514404,6.462838038889192,6.172591090916415,6.337064592102092,312000
2025-01-03,6.337064266204834,6.356414061741247,6.114541386868322,6.220965031650838,377700
2025-01-06,6.356414318084717,6.501537559792634,6.201615486215118,6.317714725451201,263800
2025-01-07,6.288690090179443,6.395114205494897,6.2112909013447695,6.385439076222785,218000
2025-01-08,6.298365116119385,6.346739377679641,6.133891611876309,6.279014857892625,217300
2025-01-10,6.114541530609131,6.220965177893456,6.056492142635264,6.220965177893456,411200
2025-01-13,6.191940784454346,6.24031504431074,6.104866470843093,6.104866470843093,259800
2025-01-14,6.2112908363342285,6.29836515352965,6.191941039328086,6.279014895187956,186400
2025-01-15,6.085516929626465,6.395114143289244,6.046817335585562,6.298365158186986,284100
2025-01-16,6.182265758514404,6.191940887447934,6.017792257328727,6.10486657238833,317300
2025-01-17,6.240314960479736,6.395113789413046,6.191940701273192,6.259664756429459,152600
2025-01-21,6.298365116119385,6.337064709901808,6.182265873436565,6.240315264110201,289900
2025-01-22,6.298365116119385,6.337064709901808,6.182265873436565,6.269340190114793,197700
2025-01-23,6.288690090179443,6.385439076222785,6.201615772072658,6.298365219451555,285800
2025-01-24,6.472513198852539,6.5208874597454765,6.288689900254078,6.308039696878361,289600
2025-01-27,6.1629157066345215,6.443487975384346,6.124216115174927,6.356414125268017,238500
2025-01-28,6.337064266204834,6.337064266204834,6.075841795795496,6.143565849505185,284800
2025-01-29,6.4628376960754395,6.569261802021417,6.308039332034392,6.308039332034392,226300
2025-01-30,6.63698673248291,6.656336529199486,6.520887490847915,6.520887490847915,205000
2025-01-31,6.5112128257751465,6.666011199569983,6.462838103296488,6.656336531875578,180800
2025-02-03,6.337064266204834,6.491862630496141,6.308039342232456,6.337064266204834,179900
2025-02-04,6.443488121032715,6.4821877133670744,6.317714676613813,6.337064472780993,112700
2025-02-05,6.4628376960754395,6.472512824495762,6.346738923044653,6.4628376960754395,183700
2025-02-06,6.433813095092773,6.569261660715162,6.38543837670274,6.501537147236215,140100
2025-02-07,6.346739292144775,6.453163404279939,6.230640512362164,6.453163404279939,200300
2025-02-10,6.395113945007324,6.414463741427832,6.308039630447274,6.3854388161293025,132200
2025-02-11,6.279014587402344,6.308039512156586,6.124216218941124,6.308039512156586,174200
2025-02-12,6.240314960479736,6.259664756429459,6.075841925574854,6.2306402931726375,253300
2025-02-13,6.298365116119385,6.375764303684233,6.162916076545353,6.288689987006005,174300
2025-02-14,6.327389240264893,6.404788423664319,6.17259087346604,6.317714573007726,140400
2025-02-18,6.501537799835205,6.511212929018566,6.288690032492338,6.327389626554677,184600
2025-02-19,6.288690090179443,6.44348846784879,6.288690090179443,6.44348846784879,221400
2025-02-20,6.3660888671875,6.472512975618306,6.191940703575248,6.240314962799777,417700
2025-02-21,7.440003871917725,8.001148890597355,6.724060481925388,6.753085407214289,1402500
2025-02-24,7.652851581573486,7.846349544427411,7.28520545215103,7.44000382243417,807300
2025-02-25,7.643177032470703,7.875375052827066,7.546428049545361,7.7109010898506725,512500
2025-02-26,7.817325115203857,7.972123486170893,7.672201411754494,7.6915512081253725,363600
2025-02-27,7.894724369049072,8.010823148279666,7.730250867804626,7.865699904909193,327200
2025-02-28,7.6044769287109375,7.87537452404848,7.565777338139219,7.8173246768553915,883600
2025-03-03,7.5174031257629395,7.730250888248609,7.488378200210759,7.614152108710971,388500
2025-03-04,7.198131084442139,7.372279249710103,7.159431492160369,7.3626045823074255,369600
2025-03-05,7.372279644012451,7.48837842706724,7.246505731701985,7.2852057873891365,384500
2025-03-06,7.140081882476807,7.285205587990994,7.130406753485941,7.285205587990994,235100
2025-03-07,6.782110214233398,7.188455931843192,6.704710568591242,7.149756339689879,538000
2025-03-10,6.143566131591797,6.888533985952762,6.124216335166922,6.714385818128894,445000
2025-03-11,6.153241157531738,6.269339934138717,5.979092531285741,6.211290545835228,443900
2025-03-12,6.143566131591797,6.20161552086642,5.998442427737471,6.182265724441545,268800
2025-03-13,5.959743022918701,6.172591251643255,5.959743022918701,6.104866731351706,215500
2025-03-14,6.037141799926758,6.162915702759112,5.959742617056238,5.998442208491499,287700
2025-03-17,6.201615810394287,6.298365258371028,6.056492561100292,6.056492561100292,219300
2025-03-18,6.191940784454346,6.230640376873674,6.027467286004437,6.201615451891412,230200
2025-03-19,6.395113945007324,6.4531633342688455,6.230640444765246,6.230640444765246,198000
2025-03-20,6.404788970947266,6.520887755966933,6.375764505360131,6.414464100366686,169500
2025-03-21,6.298365116119385,6.424138565244489,6.240315264110201,6.327389580788428,925000
2025-03-24,6.3757643699646,6.511212949611163,6.3273896465659085,6.385439037843007,354600
2025-03-25,6.443488121032715,6.559587359371323,6.385438732531176,6.385438732531176,309000
2025-03-26,6.2624640464782715,6.526661725838625,6.242893865288242,6.4973062207586185,368400
2025-03-27,6.370100498199463,6.389670680071154,6.135257849149236,6.262464264610195,361600
2025-03-28,5.861274719238281,6.340744865399054,5.861274719238281,6.340744865399054,282300
2025-03-31,6.017836570739746,6.04719160933925,5.734068709131605,5.822134291520042,352200
2025-04-01,5.792779445648193,6.047191810531287,5.7340688999059415,6.017836770955132,270800
2025-04-02,5.8319196701049805,5.861274708979608,5.675358218533818,5.753638944319399,383100
2025-04-03,5.156747817993164,5.646002830958701,5.098037272428092,5.567722103538605,386000
2025-04-04,4.941475868225098,5.058896960558499,4.638137346478891,4.9512607259579084,938000
2025-04-07,4.970830917358398,5.166533204871924,4.647922679539517,4.706633225816592,390700
2025-04-08,4.804483890533447,5.557936562435739,4.657707765643199,5.127392111835869,569600
2025-04-09,5.303524494171143,5.342664858463997,4.657708016749104,4.755558927481238,1066800
2025-04-10,5.146963119506836,5.195888342362213,4.96104615284051,5.176318159902071,295400
2025-04-11,5.078466892242432,5.2448136648087225,4.961045805697964,5.146962759354999,350000
2025-04-14,5.0099711418151855,5.1958880998023425,4.990400960268639,5.176317918255796,406400
2025-04-15,5.049111366271973,5.078466871080728,4.94147560401635,5.009971004253579,260600
2025-04-16,5.049111366271973,5.107821909299563,4.902335241997957,4.9512604612259885,324200
2025-04-17,4.853409767150879,5.039326728114756,4.843624442925966,5.009971222029959,288800
2025-04-21,4.657707691192627,4.824053994515294,4.647922367508397,4.824053994515294,546500
2025-04-22,4.550071716308594,4.716418495459415,4.471790988847017,4.647922625635565,673500
2025-04-23,4.598997116088867,4.755559043675566,4.5794269334642745,4.726203536443698,739600
2025-04-24,4.422865390777588,4.608782355572326,4.413080532940996,4.598997031145784,349100
2025-04-25,4.373939514160156,4.530501432137854,4.256518425619331,4.413080343597028,494000
2025-04-28,4.462005615234375,4.550071665948914,4.334799201222248,4.39350974616863,775500
2025-04-29,4.510931491851807,4.579426897200497,4.3347993830352785,4.471791126912568,361000
2025-04-30,4.373939514160156,4.422865201013798,4.285873931049502,4.383724838166857,494400
2025-05-01,4.119527339935303,4.4032952165644845,4.090171833191961,4.354369527522232,886500
2025-05-02,3.825974225997925,4.178237727216228,3.6987678126195314,4.06081663790845,749300
2025-05-05,3.4247851371765137,3.8259743372319526,3.4247851371765137,3.8259743372319526,789300
2025-05-06,3.4834957122802734,3.5030658945620186,3.131232197913887,3.4639255299985283,1570800
2025-05-07,3.2975785732269287,3.6889826647892474,3.2975785732269287,3.6204870304190786,745400
2025-05-08,3.4932806491851807,3.50306573989402,3.3171490164260713,3.4247850142233047,724800
2025-05-09,3.6791977882385254,3.8944700277938886,3.4834957310704704,3.503065913457778,1360300
2025-05-12,3.865114688873291,4.0314612363533255,3.767263545295946,3.825974324760342,1624100
2025-05-13,3.9825358390808105,4.051031239966353,3.86511451861927,3.86511451861927,742200
2025-05-14,3.92382550239563,4.002106231300988,3.9140401779874856,3.9923209068928434,480100
2025-05-15,3.904254913330078,4.011890910790522,3.894469822651856,3.904254913330078,414400
2025-05-16,4.090171813964844,4.129312178378674,3.884684900792235,3.884684900792235,768800
2025-05-19,4.021676540374756,4.0901719470323785,3.9629659918439524,4.0901719470323785,402200
2025-05-20,3.972750663757324,4.129312119167681,3.962965806089148,4.011891027609914,467200
2025-05-21,3.698767900466919,3.9727506819872493,3.6889828094588704,3.9336103179550554,552200
2025-05-22,3.630272150039673,3.7183379663618745,3.610701968634739,3.66941251284954,462800
2025-05-23,3.4932806491851807,3.600916880277379,3.4834955584763416,3.542206102729378,516400
2025-05-27,3.4834957122802734,3.5519915835613562,3.424785165435038,3.5422062591255083,474600
2025-05-28,3.4541404247283936,3.5128509713334712,3.3954298781233154,3.5128509713334712,514200
2025-05-29,3.542206287384033,3.581346885554749,3.4052150103189476,3.483495740070425,419700
2025-05-30,3.503065824508667,3.600916967255567,3.424785096947123,3.542206188289439,374300
2025-06-02,3.542206287384033,3.5715617943358144,3.463925557632556,3.5324211961650986,262000
2025-06-03,3.5813467502593994,3.659627477053604,3.4932806993209504,3.5324210627180532,238800
2025-06-04,3.571561574935913,3.64984229987863,3.5519913937002334,3.571561574935913,217600
2025-06-05,3.571561574935913,3.6302721186429507,3.4834955260803935,3.571561574935913,463700
2025-06-06,3.571561574935913,3.718337934203508,3.522635888551752,3.64984229987863,412200
2025-06-09,3.708552837371826,3.7476931997776033,3.5911317501544944,3.5911317501544944,555900
2025-06-10,3.6498425006866455,3.7868337768734235,3.6204872272180504,3.708553047623836,433500
2025-06-11,3.6596274375915527,3.7379081635416505,3.6400572561040283,3.679197619079077,274700
2025-06-12,3.6204872131347656,3.69876794207985,3.5617766664259523,3.649842486489172,226600
2025-06-13,3.542206287384033,3.5911319767736836,3.4737106488514904,3.5617767031168794,248100
2025-06-16,3.532421112060547,3.757478438032559,3.51285093008863,3.630272255215101,414300
2025-06-17,3.4541404247283936,3.561776660132677,3.4541404247283936,3.503065880232625,417200
2025-06-18,3.3562893867492676,3.522635929170655,3.336719205287928,3.4345701125946264,347000
2025-06-20,3.3758597373962402,3.4345702847226156,3.3465044637330528,3.3758597373962402,677000
2025-06-23,3.4247851371765137,3.4639255014170494,3.356289499755576,3.375859681875844,316200
2025-06-24,3.395429849624634,3.5226360328679633,3.385644758605916,3.424785122680787,376300
2025-06-25,3.4149999618530273,3.483495597583871,3.3758595985782596,3.4247850526717194,485800
2025-06-26,3.4800000190734863,3.509999990463257,3.390000104904175,3.4100000858306885,468300
2025-06-27,3.509999990463257,3.549999952316284,3.430000066757202,3.4600000381469727,460000
2025-06-30,3.5,3.5299999713897705,3.4200000762939453,3.5199999809265137,312500
2025-07-01,3.640000104904175,3.690000057220459,3.450000047683716,3.490000009536743,456200
2025-07-02,3.7300000190734863,3.759999990463257,3.619999885559082,3.640000104904175,369500
2025-07-03,3.7200000286102295,3.7699999809265137,3.680000066757202,3.759999990463257,237000
2025-07-07,3.5899999141693115,3.75,3.490000009536743,3.75,468000
2025-07-08,3.619999885559082,3.7100000381469727,3.5799999237060547,3.5899999141693115,380200
2025-07-09,3.680000066757202,3.75,3.5199999809265137,3.6500000953674316,735900
2025-07-10,4.0,4.039999961853027,3.7899999618530273,3.8499999046325684,1025600
2025-07-11,3.890000104904175,4.0,3.8299999237060547,3.9700000286102295,399400
2025-07-14,3.819999933242798,3.940000057220459,3.7699999809265137,3.869999885559082,346300
2025-07-15,3.6700000762939453,3.9000000953674316,3.6700000762939453,3.819999933242798,530800
2025-07-16,3.700000047683716,3.700000047683716,3.619999885559082,3.680000066757202,285400
2025-07-17,3.5199999809265137,3.7100000381469727,3.490000009536743,3.6700000762939453,525100
2025-07-18,3.4100000858306885,3.5899999141693115,3.4000000953674316,3.549999952316284,317600
2025-07-21,3.240000009536743,3.4800000190734863,3.2200000286102295,3.4100000858306885,908500
2025-07-22,3.4100000858306885,3.4700000286102295,3.180000066757202,3.2699999809265137,2798800
2025-07-23,3.490000009536743,3.5299999713897705,3.369999885559082,3.440000057220459,644300
2025-07-24,3.809999942779541,3.940000057220459,3.5999999046325684,3.7699999809265137,1814800
2025-07-25,3.9600000381469727,4.059999942779541,3.759999990463257,3.9200000762939453,956400
2025-07-28,4.360000133514404,4.46999979019165,3.859999895095825,3.930000066757202,2934600
2025-07-29,4.260000228881836,4.409999847412109,4.130000114440918,4.409999847412109,1429600
2025-07-30,4.019999980926514,4.309999942779541,4.010000228881836,4.300000190734863,1048700
2025-07-31,3.7100000381469727,4.130000114440918,3.690000057220459,4.03000020980835,2045700
2025-08-01,3.0199999809265137,3.5,2.8299999237060547,3.450000047683716,3573900
2025-08-04,3.3299999237060547,3.390000104904175,3.0399999618530273,3.059999942779541,1726800
2025-08-05,3.240000009536743,3.359999895095825,3.180000066757202,3.299999952316284,1148600
2025-08-06,3.1700000762939453,3.2699999809265137,3.0799999237060547,3.2300000190734863,984600
2025-08-07,3.0199999809265137,3.25,2.9600000381469727,3.200000047683716,1131500
2025-08-08,2.950000047683716,3.0899999141693115,2.930000066757202,3.009999990463257,1060100
2025-08-11,2.6500000953674316,2.9000000953674316,2.6500000953674316,2.890000104904175,2281700
2025-08-12,2.880000114440918,2.9200000762939453,2.5899999141693115,2.6500000953674316,1058100
2025-08-13,3.049999952316284,3.119999885559082,2.799999952316284,2.880000114440918,1368600
2025-08-14,3.049999952316284,3.0999999046325684,2.950000047683716,3.0299999713897705,872000
2025-08-15,3.0,3.0999999046325684,2.990000009536743,3.049999952316284,494800
2025-08-18,3.059999942779541,3.130000114440918,2.940000057220459,2.990000009536743,865800
2025-08-19,3.119999885559082,3.240000009536743,3.0199999809265137,3.069999933242798,1097100
2025-08-20,3.1700000762939453,3.2100000381469727,3.0799999237060547,3.130000114440918,715400
2025-08-21,3.2300000190734863,3.299999952316284,3.0899999141693115,3.130000114440918,952100
2025-08-22,3.25,3.359999895095825,3.190000057220459,3.190000057220459,846600
2025-08-25,3.2799999713897705,3.3399999141693115,3.200000047683716,3.25,799700
2025-08-26,3.240000009536743,3.3299999237060547,3.2200000286102295,3.2899999618530273,303600
2025-08-27,3.25,3.2899999618530273,3.1500000953674316,3.2100000381469727,313100
2025-08-28,3.240000009536743,3.2699999809265137,3.1600000858306885,3.2699999809265137,344800
2025-08-29,3.3299999237060547,3.380000114440918,3.240000009536743,3.25,359200
2025-09-02,3.1600000858306885,3.3499999046325684,3.1500000953674316,3.299999952316284,711100
2025-09-03,3.140000104904175,3.1700000762939453,3.109999895095825,3.130000114440918,313300
2025-09-04,3.190000057220459,3.200000047683716,3.069999933242798,3.1700000762939453,356200
2025-09-05,3.2300000190734863,3.309999942779541,3.200000047683716,3.2100000381469727,305200
2025-09-08,3.200000047683716,3.259999990463257,3.1600000858306885,3.2300000190734863,325800
2025-09-09,3.200000047683716,3.2300000190734863,3.0399999618530273,3.1600000858306885,611200
2025-09-10,3.049999952316284,3.2200000286102295,3.0399999618530273,3.190000057220459,641300
2025-09-11,3.119999885559082,3.1700000762939453,3.049999952316284,3.059999942779541,468600
2025-09-12,3.0799999237060547,3.130000114440918,3.049999952316284,3.119999885559082,262300
2025-09-15,3.0999999046325684,3.140000104904175,3.049999952316284,3.0799999237060547,321600
2025-09-16,3.1700000762939453,3.2899999618530273,3.059999942779541,3.0999999046325684,666400
2025-09-17,3.049999952316284,3.2300000190734863,3.0299999713897705,3.180000066757202,413700
2025-09-18,3.069999933242798,3.0899999141693115,3.0199999809265137,3.059999942779541,522300
2025-09-19,2.859999895095825,3.0199999809265137,2.8499999046325684,3.0199999809265137,1058400
2025-09-22,2.809999942779541,2.9000000953674316,2.799999952316284,2.8499999046325684,592400
2025-09-23,2.819999933242798,2.9100000858306885,2.7799999713897705,2.819999933242798,433600
2025-09-24,2.809999942779541,2.9000000953674316,2.7899999618530273,2.809999942779541,175100
2025-09-25,2.690000057220459,2.7799999713897705,2.619999885559082,2.7799999713897705,526600
2025-09-26,2.7300000190734863,2.759999990463257,2.700000047683716,2.700000047683716,347700
2025-09-29,2.890000104904175,2.890000104904175,2.75,2.890000104904175,685700
2025-09-30,2.880000114440918,2.9000000953674316,2.819999933242798,2.869999885559082,399100
2025-10-01,2.8399999141693115,2.9000000953674316,2.7899999618530273,2.890000104904175,349900
2025-10-02,2.7799999713897705,2.8299999237060547,2.75,2.8299999237060547,286300
2025-10-03,2.819999933242798,2.8399999141693115,2.75,2.7799999713897705,239900
2025-10-06,2.9000000953674316,2.930000066757202,2.819999933242798,2.859999895095825,589100
2025-10-07,2.8399999141693115,2.9600000381469727,2.819999933242798,2.9100000858306885,911500
2025-10-08,2.8499999046325684,2.930000066757202,2.8399999141693115,2.8499999046325684,736300
2025-10-09,2.75,2.8499999046325684,2.700000047683716,2.8299999237060547,515200
2025-10-10,2.619999885559082,2.7899999618530273,2.5999999046325684,2.759999990463257,464500
2025-10-13,2.5999999046325684,2.7200000286102295,2.5999999046325684,2.6600000858306885,527400
2025-10-14,2.6500000953674316,2.690000057220459,2.559999942779541,2.5999999046325684,402300
2025-10-15,2.609999895095825,2.7300000190734863,2.549999952316284,2.6600000858306885,882800
2025-10-16,2.5299999713897705,2.6500000953674316,2.509999990463257,2.619999885559082,376800
2025-10-17,2.4200000762939453,2.5199999809265137,2.380000114440918,2.5,665500
2025-10-20,2.440000057220459,2.5399999618530273,2.4200000762939453,2.440000057220459,278100
2025-10-21,2.450000047683716,2.5,2.4200000762939453,2.440000057220459,275400
2025-10-22,2.4000000953674316,2.4600000381469727,2.369999885559082,2.4600000381469727,538700
2025-10-23,2.509999990463257,2.509999990463257,2.390000104904175,2.4200000762939453,504100
2025-10-24,2.6500000953674316,2.6600000858306885,2.5199999809265137,2.5199999809265137,623500
2025-10-27,2.609999895095825,2.7200000286102295,2.609999895095825,2.6700000762939453,508300
2025-10-28,2.440000057220459,2.619999885559082,2.430000066757202,2.5999999046325684,904300
2025-10-29,2.299999952316284,2.430000066757202,2.25,2.4100000858306885,823000
2025-10-30,2.049999952316284,2.299999952316284,2.0399999618530273,2.299999952316284,899900
2025-10-31,2.0999999046325684,2.130000114440918,2.009999990463257,2.009999990463257,560600
2025-11-03,1.909999966621399,2.130000114440918,1.8899999856948853,2.0999999046325684,717200
2025-11-04,1.9500000476837158,2.0299999713897705,1.899999976158142,1.909999966621399,475600
2025-11-05,1.9199999570846558,1.9700000286102295,1.8600000143051147,1.9500000476837158,781600
2025-11-06,1.8799999952316284,1.9700000286102295,1.840000033378601,1.940000057220459,923900
2025-11-07,1.840000033378601,1.9600000381469727,1.5499999523162842,1.7999999523162842,1540500
2025-11-10,1.7699999809265137,1.840000033378601,1.7000000476837158,1.840000033378601,577400
2025-11-11,1.649999976158142,1.7899999618530273,1.6299999952316284,1.7699999809265137,689500
2025-11-12,1.690000057220459,1.7400000095367432,1.6299999952316284,1.6399999856948853,531200
2025-11-13,1.7200000286102295,1.7699999809265137,1.649999976158142,1.690000057220459,651800
2025-11-14,1.6799999475479126,1.7300000190734863,1.6299999952316284,1.7000000476837158,693800
2025-11-17,1.5299999713897705,1.6699999570846558,1.5299999713897705,1.659999966621399,351200
2025-11-18,1.5499999523162842,1.5700000524520874,1.5,1.5499999523162842,369900
2025-11-19,1.5800000429153442,1.5800000429153442,1.5199999809265137,1.5700000524520874,337700
2025-11-20,1.5,1.6200000047683716,1.4800000190734863,1.600000023841858,636500
2025-11-21,1.590000033378601,1.6100000143051147,1.4800000190734863,1.5299999713897705,677200
2025-11-24,1.6399999856948853,1.649999976158142,1.5099999904632568,1.6100000143051147,482800
2025-11-25,1.7699999809265137,1.7999999523162842,1.649999976158142,1.659999966621399,392200
2025-11-26,1.7899999618530273,1.840000033378601,1.75,1.7899999618530273,412600
2025-11-28,1.809999942779541,1.840000033378601,1.7599999904632568,1.7999999523162842,376000
2025-12-01,1.7599999904632568,1.8300000429153442,1.75,1.7999999523162842,581600
2025-12-02,1.7400000095367432,1.8799999952316284,1.7300000190734863,1.840000033378601,598600
2025-12-03,1.9199999570846558,1.9299999475479126,1.7300000190734863,1.7400000095367432,1022900
2025-12-04,1.8700000047683716,1.9500000476837158,1.8300000429153442,1.9500000476837158,488400
2025-12-05,1.850000023841858,1.909999966621399,1.8300000429153442,1.8700000047683716,557900
2025-12-08,1.8300000429153442,1.8700000047683716,1.809999942779541,1.8300000429153442,450300
2025-12-09,1.8300000429153442,1.840000033378601,1.7799999713897705,1.840000033378601,494300
2025-12-10,2.0799999237060547,2.1500000953674316,1.9800000190734863,2.0899999141693115,1686500
2025-12-11,2.0999999046325684,2.3299999237060547,2.069999933242798,2.3299999237060547,2228300
2025-12-12,1.9600000381469727,2.119999885559082,1.940000057220459,2.109999895095825,735200
2025-12-15,1.8799999952316284,1.9600000381469727,1.8700000047683716,1.9199999570846558,933500
2025-12-16,1.8700000047683716,1.899999976158142,1.8200000524520874,1.840000033378601,602600
2025-12-17,1.909999966621399,1.9199999570846558,1.7899999618530273,1.8600000143051147,1018700
2025-12-18,1.9900000095367432,2.0299999713897705,1.9199999570846558,1.9199999570846558,718400
2025-12-19,2.0799999237060547,2.1500000953674316,2.0399999618530273,2.049999952316284,942800
2025-12-22,2.0299999713897705,2.0899999141693115,1.9900000095367432,2.0899999141693115,535300
2025-12-23,2.0899999141693115,2.0899999141693115,1.9800000190734863,2.0199999809265137,256400
2025-12-24,2.0399999618530273,2.0799999237060547,1.9900000095367432,2.0799999237060547,190500
2025-12-26,2.049999952316284,2.0799999237060547,2.0,2.0299999713897705,143400
2025-12-29,2.0,2.0399999618530273,1.9900000095367432,2.0299999713897705,363100
2025-12-30,2.0199999809265137,2.069999933242798,1.9900000095367432,2.0299999713897705,321900
2025-12-31,1.9800000190734863,2.0299999713897705,1.9800000190734863,2.009999990463257,333300
2026-01-02,1.9600000381469727,2.0,1.9299999475479126,1.9900000095367432,650700
2026-01-05,2.140000104904175,2.190000057220459,1.940000057220459,1.940000057220459,712700
2026-01-06,2.259999990463257,2.299999952316284,2.119999885559082,2.130000114440918,872400
2026-01-07,2.4100000858306885,2.440000057220459,2.259999990463257,2.2799999713897705,869500
2026-01-08,2.4200000762939453,2.5,2.390000104904175,2.390000104904175,928200
2026-01-09,2.549999952316284,2.549999952316284,2.4000000953674316,2.4700000286102295,962500
2026-01-12,2.549999952316284,2.559999942779541,2.4700000286102295,2.549999952316284,375300
2026-01-13,2.5899999141693115,2.6700000762939453,2.5299999713897705,2.5399999618530273,668800
2026-01-14,2.6600000858306885,2.6700000762939453,2.559999942779541,2.5999999046325684,379100
2026-01-15,2.740000009536743,2.819999933242798,2.609999895095825,2.690000057220459,1102200
2026-01-16,2.7899999618530273,2.8499999046325684,2.7100000381469727,2.75,451200
2026-01-20,2.5399999618530273,2.7899999618530273,2.5399999618530273,2.75,828600
2026-01-21,2.4800000190734863,2.569999933242798,2.3499999046325684,2.4000000953674316,720300
2026-01-22,2.450000047683716,2.5899999141693115,2.430000066757202,2.509999990463257,335100
2026-01-23,2.4600000381469727,2.5199999809265137,2.430000066757202,2.440000057220459,347000
2026-01-26,2.380000114440918,2.5299999713897705,2.3499999046325684,2.4200000762939453,465000
2026-01-27,2.190000057220459,2.4200000762939453,2.180000066757202,2.380000114440918,770400
2026-01-28,2.130000114440918,2.190000057220459,2.109999895095825,2.190000057220459,395400
2026-01-29,2.109999895095825,2.1600000858306885,2.0399999618530273,2.130000114440918,397600
2026-01-30,2.0299999713897705,2.109999895095825,2.009999990463257,2.0899999141693115,384400
2026-02-02,1.940000057220459,2.069999933242798,1.940000057220459,2.0299999713897705,738800
2026-02-03,1.8300000429153442,1.9900000095367432,1.809999942779541,1.9500000476837158,578200
2026-02-04,1.8799999952316284,1.9299999475479126,1.7999999523162842,1.8700000047683716,714800
2026-02-05,1.6799999475479126,1.899999976158142,1.6699999570846558,1.8799999952316284,678300
2026-02-06,1.690000057220459,1.8799999952316284,1.6799999475479126,1.7100000381469727,561600
2026-02-09,1.809999942779541,1.8899999856948853,1.659999966621399,1.7000000476837158,1181900
2026-02-10,1.7899999618530273,1.8799999952316284,1.7599999904632568,1.8300000429153442,1110200
2026-02-11,1.7300000190734863,1.850000023841858,1.7100000381469727,1.7999999523162842,679900
2026-02-12,1.7000000476837158,1.840000033378601,1.659999966621399,1.809999942779541,863600
2026-02-13,1.7799999713897705,1.809999942779541,1.5199999809265137,1.6100000143051147,1074600
2026-02-17,2.0899999141693115,2.130000114440918,1.8200000524520874,1.8200000524520874,2956900
2026-02-18,2.119999885559082,2.259999990463257,2.0,2.0899999141693115,1200900
2026-02-19,2.069999933242798,2.2799999713897705,2.059999942779541,2.130000114440918,772700
2026-02-20,2.059999942779541,2.109999895095825,1.9700000286102295,2.049999952316284,716500
2026-02-23,1.9700000286102295,2.0399999618530273,1.909999966621399,2.0399999618530273,450100
2026-02-24,1.8899999856948853,1.9900000095367432,1.8799999952316284,1.9600000381469727,294200
2026-02-25,1.8700000047683716,1.9199999570846558,1.8600000143051147,1.9199999570846558,419600
2026-02-26,1.840000033378601,1.8899999856948853,1.7999999523162842,1.8899999856948853,361700
2026-02-27,1.7999999523162842,1.840000033378601,1.7599999904632568,1.8200000524520874,393600
2026-03-02,1.7899999618530273,1.8200000524520874,1.7400000095367432,1.7799999713897705,335000
2026-03-03,1.7100000381469727,1.7599999904632568,1.690000057220459,1.7100000381469727,268500
2026-03-04,1.7899999618530273,1.7999999523162842,1.7000000476837158,1.7300000190734863,346000
2026-03-05,1.7999999523162842,1.809999942779541,1.75,1.7699999809265137,215000
2026-03-06,1.6799999475479126,1.7699999809265137,1.649999976158142,1.7699999809265137,477600
2026-03-09,1.649999976158142,1.6799999475479126,1.600000023841858,1.649999976158142,458200
2026-03-10,1.6699999570846558,1.7400000095367432,1.6299999952316284,1.649999976158142,281300
2026-03-11,1.6399999856948853,1.6799999475479126,1.6200000047683716,1.6799999475479126,185500
2026-03-12,1.559999942779541,1.659999966621399,1.5399999618530273,1.6299999952316284,524700
2026-03-13,1.4900000095367432,1.649999976158142,1.4900000095367432,1.559999942779541,636500
2026-03-16,1.4600000381469727,1.5800000429153442,1.4299999475479126,1.5299999713897705,331800
2026-03-17,1.440000057220459,1.5399999618530273,1.4299999475479126,1.4600000381469727,185300
2026-03-18,1.3600000143051147,1.4700000286102295,1.350000023841858,1.4299999475479126,506000
2026-03-19,1.2999999523162842,1.3700000047683716,1.2699999809265137,1.3300000429153442,444500
2026-03-20,1.2699999809265137,1.340000033378601,1.2300000190734863,1.2899999618530273,556000
2026-03-23,1.2999999523162842,1.399999976158142,1.2799999713897705,1.3899999856948853,313300
2026-03-24,1.2999999523162842,1.340000033378601,1.2799999713897705,1.2799999713897705,541300
2026-03-25,1.2999999523162842,1.340000033378601,1.2799999713897705,1.2999999523162842,218500
2026-03-26,1.2999999523162842,1.3700000047683716,1.2899999618530273,1.2999999523162842,460200
2026-03-27,1.340000033378601,1.409999966621399,1.2599999904632568,1.2899999618530273,638200
2026-03-30,1.350000023841858,1.3799999952316284,1.2999999523162842,1.3799999952316284,399200
2026-03-31,1.4199999570846558,1.4600000381469727,1.350000023841858,1.350000023841858,356900
2026-04-01,1.3799999952316284,1.4600000381469727,1.3799999952316284,1.4500000476837158,238600
2026-04-02,1.409999966621399,1.409999966621399,1.3300000429153442,1.350000023841858,283300
2026-04-06,1.399999976158142,1.4500000476837158,1.3899999856948853,1.399999976158142,215000
2026-04-07,1.3300000429153442,1.440000057220459,1.309999942779541,1.440000057220459,290800
2026-04-08,1.409999966621399,1.440000057220459,1.3700000047683716,1.399999976158142,707800
2026-04-09,1.2999999523162842,1.4199999570846558,1.2999999523162842,1.3899999856948853,489400
2026-04-10,1.1200000047683716,1.2999999523162842,1.1200000047683716,1.2799999713897705,525800
2026-04-13,1.090000033378601,1.1799999475479126,1.059999942779541,1.149999976158142,717100
2026-04-14,1.1299999952316284,1.1399999856948853,1.0,1.090000033378601,1636600
2026-04-15,1.090000033378601,1.159999966621399,1.0700000524520874,1.1399999856948853,844200
2026-04-16,1.0399999618530273,1.1200000047683716,1.0199999809265137,1.100000023841858,844800
2026-04-17,1.059999942779541,1.1200000047683716,1.0399999618530273,1.0499999523162842,632800
2026-04-20,1.1299999952316284,1.1799999475479126,1.0700000524520874,1.0700000524520874,835300
2026-04-21,1.090000033378601,1.1799999475479126,1.0800000429153442,1.149999976158142,556800
2026-04-22,1.1399999856948853,1.2200000286102295,1.100000023841858,1.1100000143051147,519300
2026-04-23,1.1699999570846558,1.1799999475479126,1.1100000143051147,1.1399999856948853,478600
2026-04-24,1.1200000047683716,1.1699999570846558,1.1200000047683716,1.1699999570846558,263600
2026-04-27,1.1200000047683716,1.1699999570846558,1.1200000047683716,1.1299999952316284,203000
2026-04-28,1.0800000429153442,1.159999966621399,1.0700000524520874,1.1299999952316284,349900
2026-04-29,1.0700000524520874,1.0800000429153442,1.0499999523162842,1.0800000429153442,321700
2026-04-30,1.1200000047683716,1.1399999856948853,1.059999942779541,1.0800000429153442,416600
2026-05-01,1.149999976158142,1.1799999475479126,1.1200000047683716,1.1299999952316284,339100
